INSERT into `DbSecurity.UserAuthorization` (`UserAuthorizationId`, `GroupMemberLastName`, `GroupMemberFirstName`) VALUES (1, 'Granata', 'Ralph');
INSERT into `DbSecurity.UserAuthorization` (`UserAuthorizationId`, `GroupMemberLastName`, `GroupMemberFirstName`) VALUES (2, 'Chen', 'Chuan');
INSERT into `DbSecurity.UserAuthorization` (`UserAuthorizationId`, `GroupMemberLastName`, `GroupMemberFirstName`) VALUES (3, 'Eshaghianpour', 'Mehrshad');
INSERT into `DbSecurity.UserAuthorization` (`UserAuthorizationId`, `GroupMemberLastName`, `GroupMemberFirstName`) VALUES (4, 'Hasiholan', 'Kenneth');
INSERT into `DbSecurity.UserAuthorization` (`UserAuthorizationId`, `GroupMemberLastName`, `GroupMemberFirstName`) VALUES (5, 'King', 'Ryan');
INSERT into `DbSecurity.UserAuthorization` (`UserAuthorizationId`, `GroupMemberLastName`, `GroupMemberFirstName`) VALUES (6, 'Puli', 'Jimmy');
INSERT into `DbSecurity.UserAuthorization` (`UserAuthorizationId`, `GroupMemberLastName`, `GroupMemberFirstName`) VALUES (7, 'Khattak', 'Savaze');

INSERT into  `Locale.Country` (`CountryId`, `CountryISO3`, `CountryName`, `CountryISO2`, `SalesRegion`) VALUES (9, 'ITA', 'Italy', 'IT', 'EMEA');
INSERT into  `Locale.Country` (`CountryId`, `CountryISO3`, `CountryName`, `CountryISO2`, `SalesRegion`) VALUES (8, 'IND', 'India', 'IN', 'Asia');
INSERT into  `Locale.Country` (`CountryId`, `CountryISO3`, `CountryName`, `CountryISO2`, `SalesRegion`) VALUES (7, 'GBR', 'United Kingdom', 'GB', 'EMEA');
INSERT into  `Locale.Country` (`CountryId`, `CountryISO3`, `CountryName`, `CountryISO2`, `SalesRegion`) VALUES (6, 'FRA', 'France', 'FR', 'EMEA');
INSERT into  `Locale.Country` (`CountryId`, `CountryISO3`, `CountryName`, `CountryISO2`, `SalesRegion`) VALUES (5, 'ESP', 'Spain', 'ES', 'EMEA');
INSERT into  `Locale.Country` (`CountryId`, `CountryISO3`, `CountryName`, `CountryISO2`, `SalesRegion`) VALUES (4, 'DEU', 'Germany', 'DE', 'EMEA');
INSERT into  `Locale.Country` (`CountryId`, `CountryISO3`, `CountryName`, `CountryISO2`, `SalesRegion`) VALUES (3, 'CHI', 'China', 'CN', 'Asia');
INSERT into  `Locale.Country` (`CountryId`, `CountryISO3`, `CountryName`, `CountryISO2`, `SalesRegion`) VALUES (2, 'CHF', 'Switzerland', 'CH', 'EMEA');
INSERT into  `Locale.Country` (`CountryId`, `CountryISO3`, `CountryName`, `CountryISO2`, `SalesRegion`) VALUES (10, 'USA', 'United States', 'US', 'North America');
INSERT into  `Locale.Country` (`CountryId`, `CountryISO3`, `CountryName`, `CountryISO2`, `SalesRegion`) VALUES (1, 'BEL', 'Belgium', 'BE', 'EMEA');

INSERT into  `HumanResources.Staff` (`StaffId`, `StaffName`, `ManagerId`, `Department`) VALUES (1, 'Amelia', NULL, NULL);
INSERT into  `HumanResources.Staff` (`StaffId`, `StaffName`, `ManagerId`, `Department`) VALUES (2, 'Gerard', 1, 'Finance');
INSERT into  `HumanResources.Staff` (`StaffId`, `StaffName`, `ManagerId`, `Department`) VALUES (3, 'Chloe', 1, 'Marketing');
INSERT into  `HumanResources.Staff` (`StaffId`, `StaffName`, `ManagerId`, `Department`) VALUES (4, 'Susa', 1, 'Sales');
INSERT into  `HumanResources.Staff` (`StaffId`, `StaffName`, `ManagerId`, `Department`) VALUES (5, 'Andy', 4, 'Sales');
INSERT into  `HumanResources.Staff` (`StaffId`, `StaffName`, `ManagerId`, `Department`) VALUES (6, 'Steve', 4, 'Sales');
INSERT into  `HumanResources.Staff` (`StaffId`, `StaffName`, `ManagerId`, `Department`) VALUES (7, 'Sta', 4, 'Sales');
INSERT into  `HumanResources.Staff` (`StaffId`, `StaffName`, `ManagerId`, `Department`) VALUES (8, 'Natha', 4, 'Sales');
INSERT into  `HumanResources.Staff` (`StaffId`, `StaffName`, `ManagerId`, `Department`) VALUES (9, 'Maggie', 4, 'Sales');
INSERT into  `HumanResources.Staff` (`StaffId`, `StaffName`, `ManagerId`, `Department`) VALUES (10, 'Jenny', 2, 'Finance');
INSERT into  `HumanResources.Staff` (`StaffId`, `StaffName`, `ManagerId`, `Department`) VALUES (11, 'Chris', 2, 'Finance');
INSERT into  `HumanResources.Staff` (`StaffId`, `StaffName`, `ManagerId`, `Department`) VALUES (12, 'Mega', 3, 'Marketing');
INSERT into  `HumanResources.Staff` (`StaffId`, `StaffName`, `ManagerId`, `Department`) VALUES (13, 'Sandy', 11, 'Finance');


INSERT into  `Sales.Customer` (`CustomerId`, `CustomerName`, `CustomerAddress1`, `CustomerAddress2`, `CustomerTown`, `CustomerPostalCode`, `CountryId`, `IsCustomerReseller`, `IsCustomerCreditRisk`, `SpendCapacity`) VALUES (85, 'Alex McWhirter', '89, Harlequin Road', NULL, 'Newcastle', 'NE1 7DH',7,0,0, 'None');
INSERT into  `Sales.Customer` (`CustomerId`, `CustomerName`, `CustomerAddress1`, `CustomerAddress2`, `CustomerTown`, `CustomerPostalCode`, `CountryId`, `IsCustomerReseller`, `IsCustomerCreditRisk`, `SpendCapacity`) VALUES (15, 'Alexei Tolstoi', '83, Abbey Road', NULL, 'Londo', 'N4 2CV',7,0,0, 'Some');
INSERT into  `Sales.Customer` (`CustomerId`, `CustomerName`, `CustomerAddress1`, `CustomerAddress2`, `CustomerTown`, `CustomerPostalCode`, `CountryId`, `IsCustomerReseller`, `IsCustomerCreditRisk`, `SpendCapacity`) VALUES (39, 'Alicia Almodovar', 'Palacia Del Sol', NULL, 'Barcelona', '08400',5,0,0, 'Some');
INSERT into  `Sales.Customer` (`CustomerId`, `CustomerName`, `CustomerAddress1`, `CustomerAddress2`, `CustomerTown`, `CustomerPostalCode`, `CountryId`, `IsCustomerReseller`, `IsCustomerCreditRisk`, `SpendCapacity`) VALUES (60, 'Andrea Tarbuck', '2,Newcastle Lane', NULL, 'Birmingham', 'B4 8SG',7,0,0, 'Some');
INSERT into  `Sales.Customer` (`CustomerId`, `CustomerName`, `CustomerAddress1`, `CustomerAddress2`, `CustomerTown`, `CustomerPostalCode`, `CountryId`, `IsCustomerReseller`, `IsCustomerCreditRisk`, `SpendCapacity`) VALUES (87, 'Andy Cheshire', '7, Wedgewood Steet', NULL, 'Stoke', 'ST4 2OZ',7,0,0, 'Lots');
INSERT into  `Sales.Customer` (`CustomerId`, `CustomerName`, `CustomerAddress1`, `CustomerAddress2`, `CustomerTown`, `CustomerPostalCode`, `CountryId`, `IsCustomerReseller`, `IsCustomerCreditRisk`, `SpendCapacity`) VALUES (48, 'Antonio Maura', 'Puerta del Sol, 45', NULL, 'Madrid', NULL,5,0,0, 'Immense');
INSERT into  `Sales.Customer` (`CustomerId`, `CustomerName`, `CustomerAddress1`, `CustomerAddress2`, `CustomerTown`, `CustomerPostalCode`, `CountryId`, `IsCustomerReseller`, `IsCustomerCreditRisk`, `SpendCapacity`) VALUES (42, 'Autos Sportivos', 'Paseo del Prado, 270', NULL, 'Madrid', NULL,5,1,0, 'Some');
INSERT into  `Sales.Customer` (`CustomerId`, `CustomerName`, `CustomerAddress1`, `CustomerAddress2`, `CustomerTown`, `CustomerPostalCode`, `CountryId`, `IsCustomerReseller`, `IsCustomerCreditRisk`, `SpendCapacity`) VALUES (61, 'Beltway Prestige Driving', '1, Smithy Close', NULL, 'Liverpool', 'L1 WS',7,1,0, 'None');
INSERT into  `Sales.Customer` (`CustomerId`, `CustomerName`, `CustomerAddress1`, `CustomerAddress2`, `CustomerTown`, `CustomerPostalCode`, `CountryId`, `IsCustomerReseller`, `IsCustomerCreditRisk`, `SpendCapacity`) VALUES (3, 'Birmingham Executive Prestige Vehicles', '96, Aardvark Avenue', NULL, 'Birmingham', 'B2 8UH',7,1,0, 'None');
INSERT into  `Sales.Customer` (`CustomerId`, `CustomerName`, `CustomerAddress1`, `CustomerAddress2`, `CustomerTown`, `CustomerPostalCode`, `CountryId`, `IsCustomerReseller`, `IsCustomerCreditRisk`, `SpendCapacity`) VALUES (75, 'Bling Bling S.A.', '7, Place de la Richesse', 'Z.I Les Arnaques', 'Paris', NULL,6,1,0, 'None');
INSERT into  `Sales.Customer` (`CustomerId`, `CustomerName`, `CustomerAddress1`, `CustomerAddress2`, `CustomerTown`, `CustomerPostalCode`, `CountryId`, `IsCustomerReseller`, `IsCustomerCreditRisk`, `SpendCapacity`) VALUES (62, 'Bling Motors', '2, Arndale Lane', NULL, 'Liverpool', 'L3 QS',7,1,0, 'Immense');
INSERT into  `Sales.Customer` (`CustomerId`, `CustomerName`, `CustomerAddress1`, `CustomerAddress2`, `CustomerTown`, `CustomerPostalCode`, `CountryId`, `IsCustomerReseller`, `IsCustomerCreditRisk`, `SpendCapacity`) VALUES (59, 'Boris Spry', '53, Odeon Way', NULL, 'Birmingham', 'B1 4BZ',7,0,0, 'Immense');
INSERT into  `Sales.Customer` (`CustomerId`, `CustomerName`, `CustomerAddress1`, `CustomerAddress2`, `CustomerTown`, `CustomerPostalCode`, `CountryId`, `IsCustomerReseller`, `IsCustomerCreditRisk`, `SpendCapacity`) VALUES (76, 'Bravissima!', 'Via Rosso, 34', NULL, 'Rome', '00175',9,1,0, 'Immense');
INSERT into  `Sales.Customer` (`CustomerId`, `CustomerName`, `CustomerAddress1`, `CustomerAddress2`, `CustomerTown`, `CustomerPostalCode`, `CountryId`, `IsCustomerReseller`, `IsCustomerCreditRisk`, `SpendCapacity`) VALUES (46, 'Capots Reluisants S.A.', '567 rue Lafayette', NULL, 'Paris', NULL,6,1,0, 'Immense');
INSERT into  `Sales.Customer` (`CustomerId`, `CustomerName`, `CustomerAddress1`, `CustomerAddress2`, `CustomerTown`, `CustomerPostalCode`, `CountryId`, `IsCustomerReseller`, `IsCustomerCreditRisk`, `SpendCapacity`) VALUES (5, 'Casseroles Chromes', '29, Rue Gigondas', NULL, 'Lyo', NULL,6,1,0, 'Lots');
INSERT into  `Sales.Customer` (`CustomerId`, `CustomerName`, `CustomerAddress1`, `CustomerAddress2`, `CustomerTown`, `CustomerPostalCode`, `CountryId`, `IsCustomerReseller`, `IsCustomerCreditRisk`, `SpendCapacity`) VALUES (52, 'Clubbing Cars', '91, Acid Avenue', NULL, 'Manchester', 'M5 9RD',7,1,0, 'None');
INSERT into  `Sales.Customer` (`CustomerId`, `CustomerName`, `CustomerAddress1`, `CustomerAddress2`, `CustomerTown`, `CustomerPostalCode`, `CountryId`, `IsCustomerReseller`, `IsCustomerCreditRisk`, `SpendCapacity`) VALUES (14, 'Convertible Dreams', '31, Archbishop Ave', NULL, 'Londo', 'SW2 6PL',7,1,0, 'Immense');
INSERT into  `Sales.Customer` (`CustomerId`, `CustomerName`, `CustomerAddress1`, `CustomerAddress2`, `CustomerTown`, `CustomerPostalCode`, `CountryId`, `IsCustomerReseller`, `IsCustomerCreditRisk`, `SpendCapacity`) VALUES (34, 'Diplomatic Cars', 'Rue Des Coteaux, 39', NULL, 'Brussels', NULL,1,1,0, 'Immense');
INSERT into  `Sales.Customer` (`CustomerId`, `CustomerName`, `CustomerAddress1`, `CustomerAddress2`, `CustomerTown`, `CustomerPostalCode`, `CountryId`, `IsCustomerReseller`, `IsCustomerCreditRisk`, `SpendCapacity`) VALUES (7, 'Eat My Exhaust Ltd', '29, Kop Hill', NULL, 'Liverpool', 'L1 8UY',7,1,0, 'Lots');
INSERT into  `Sales.Customer` (`CustomerId`, `CustomerName`, `CustomerAddress1`, `CustomerAddress2`, `CustomerTown`, `CustomerPostalCode`, `CountryId`, `IsCustomerReseller`, `IsCustomerCreditRisk`, `SpendCapacity`) VALUES (74, 'El Sport', 'Plaza San Andres', NULL, 'Madrid', NULL,5,1,0, 'Some');
INSERT into  `Sales.Customer` (`CustomerId`, `CustomerName`, `CustomerAddress1`, `CustomerAddress2`, `CustomerTown`, `CustomerPostalCode`, `CountryId`, `IsCustomerReseller`, `IsCustomerCreditRisk`, `SpendCapacity`) VALUES (38, 'Executive Motor Delight', '17, The Brambles', NULL, 'Londo', 'SE17 6AD',7,1,0, 'Immense');
INSERT into  `Sales.Customer` (`CustomerId`, `CustomerName`, `CustomerAddress1`, `CustomerAddress2`, `CustomerTown`, `CustomerPostalCode`, `CountryId`, `IsCustomerReseller`, `IsCustomerCreditRisk`, `SpendCapacity`) VALUES (78, 'Expensive Shine', '89, Abbots Lane', NULL, 'Manchester', 'M17 3EF',7,1,0, 'Immense');
INSERT into  `Sales.Customer` (`CustomerId`, `CustomerName`, `CustomerAddress1`, `CustomerAddress2`, `CustomerTown`, `CustomerPostalCode`, `CountryId`, `IsCustomerReseller`, `IsCustomerCreditRisk`, `SpendCapacity`) VALUES (67, 'Flash Voitures', 'Place Anspach 85', NULL, 'Brussels', NULL,1,1,0, 'Some');
INSERT into  `Sales.Customer` (`CustomerId`, `CustomerName`, `CustomerAddress1`, `CustomerAddress2`, `CustomerTown`, `CustomerPostalCode`, `CountryId`, `IsCustomerReseller`, `IsCustomerCreditRisk`, `SpendCapacity`) VALUES (86, 'Francois Chirac', '2, Quai de l''Enfer', NULL, 'Paris', NULL,6,0,0, 'Immense');
INSERT into  `Sales.Customer` (`CustomerId`, `CustomerName`, `CustomerAddress1`, `CustomerAddress2`, `CustomerTown`, `CustomerPostalCode`, `CountryId`, `IsCustomerReseller`, `IsCustomerCreditRisk`, `SpendCapacity`) VALUES (84, 'Francoise LeBru', '56, Rue Verte', NULL, 'Lausanne', NULL,3,0,0, 'None');
INSERT into  `Sales.Customer` (`CustomerId`, `CustomerName`, `CustomerAddress1`, `CustomerAddress2`, `CustomerTown`, `CustomerPostalCode`, `CountryId`, `IsCustomerReseller`, `IsCustomerCreditRisk`, `SpendCapacity`) VALUES (12, 'Glittering Prize Cars Ltd', '46, Golders Green Road', 'PO Box 27', 'Londo', 'E17 9IK',7,1,0, 'Lots');
INSERT into  `Sales.Customer` (`CustomerId`, `CustomerName`, `CustomerAddress1`, `CustomerAddress2`, `CustomerTown`, `CustomerPostalCode`, `CountryId`, `IsCustomerReseller`, `IsCustomerCreditRisk`, `SpendCapacity`) VALUES (23, 'Glitz', 'FriedrichStrasse 579', NULL, 'Stuttgart', NULL,4,1,0, 'Lots');
INSERT into  `Sales.Customer` (`CustomerId`, `CustomerName`, `CustomerAddress1`, `CustomerAddress2`, `CustomerTown`, `CustomerPostalCode`, `CountryId`, `IsCustomerReseller`, `IsCustomerCreditRisk`, `SpendCapacity`) VALUES (26, 'Honest Pete Motors', '76, Williams Street', NULL, 'Stoke', 'ST3 9XY',7,1,0, 'Immense');
INSERT into  `Sales.Customer` (`CustomerId`, `CustomerName`, `CustomerAddress1`, `CustomerAddress2`, `CustomerTown`, `CustomerPostalCode`, `CountryId`, `IsCustomerReseller`, `IsCustomerCreditRisk`, `SpendCapacity`) VALUES (56, 'ImpressTheNeighbours.Com', '47, Edgbaston Row', NULL, 'Birmingham', 'B4 4RY',7,1,0, 'Some');
INSERT into  `Sales.Customer` (`CustomerId`, `CustomerName`, `CustomerAddress1`, `CustomerAddress2`, `CustomerTown`, `CustomerPostalCode`, `CountryId`, `IsCustomerReseller`, `IsCustomerCreditRisk`, `SpendCapacity`) VALUES (83, 'Jacques Mitterand', '1 Quai des Pertes', NULL, 'Paris', NULL,6,0,0, 'Immense');
INSERT into  `Sales.Customer` (`CustomerId`, `CustomerName`, `CustomerAddress1`, `CustomerAddress2`, `CustomerTown`, `CustomerPostalCode`, `CountryId`, `IsCustomerReseller`, `IsCustomerCreditRisk`, `SpendCapacity`) VALUES (20, 'Jason B. Wight', '5300 Star Boulevard', NULL, 'Washingto', NULL,10,0,0, 'Some');
INSERT into  `Sales.Customer` (`CustomerId`, `CustomerName`, `CustomerAddress1`, `CustomerAddress2`, `CustomerTown`, `CustomerPostalCode`, `CountryId`, `IsCustomerReseller`, `IsCustomerCreditRisk`, `SpendCapacity`) VALUES (77, 'Jayden Jones', '10500 Lincoln Square', NULL, 'Washingto', NULL,10,0,0, 'Some');
INSERT into  `Sales.Customer` (`CustomerId`, `CustomerName`, `CustomerAddress1`, `CustomerAddress2`, `CustomerTown`, `CustomerPostalCode`, `CountryId`, `IsCustomerReseller`, `IsCustomerCreditRisk`, `SpendCapacity`) VALUES (53, 'Jean-Yves Truffaut', '87 Rue du Combat', NULL, 'Paris', NULL,6,0,0, 'Some');
INSERT into  `Sales.Customer` (`CustomerId`, `CustomerName`, `CustomerAddress1`, `CustomerAddress2`, `CustomerTown`, `CustomerPostalCode`, `CountryId`, `IsCustomerReseller`, `IsCustomerCreditRisk`, `SpendCapacity`) VALUES (88, 'Jimmy McFiddler', '57, Smile Square', NULL, 'Glasgow', 'G15 1AA',7,1,1, 'Lots');
INSERT into  `Sales.Customer` (`CustomerId`, `CustomerName`, `CustomerAddress1`, `CustomerAddress2`, `CustomerTown`, `CustomerPostalCode`, `CountryId`, `IsCustomerReseller`, `IsCustomerCreditRisk`, `SpendCapacity`) VALUES (82, 'Khader El Ghannam', '10, rue de Jemappes', '4eme etage', 'Paris', NULL,6,0,0, 'Lots');
INSERT into  `Sales.Customer` (`CustomerId`, `CustomerName`, `CustomerAddress1`, `CustomerAddress2`, `CustomerTown`, `CustomerPostalCode`, `CountryId`, `IsCustomerReseller`, `IsCustomerCreditRisk`, `SpendCapacity`) VALUES (31, 'Kieran O''Harris', '71, Askwith Ave', NULL, 'Liverpool', 'L7 6OP',7,0,0, 'None');
INSERT into  `Sales.Customer` (`CustomerId`, `CustomerName`, `CustomerAddress1`, `CustomerAddress2`, `CustomerTown`, `CustomerPostalCode`, `CountryId`, `IsCustomerReseller`, `IsCustomerCreditRisk`, `SpendCapacity`) VALUES (25, 'King Leer Cars', '87, Lindisfarne Road', NULL, 'Newcastle', 'NE1 4OX',7,1,0, 'Some');
INSERT into  `Sales.Customer` (`CustomerId`, `CustomerName`, `CustomerAddress1`, `CustomerAddress2`, `CustomerTown`, `CustomerPostalCode`, `CountryId`, `IsCustomerReseller`, `IsCustomerCreditRisk`, `SpendCapacity`) VALUES (13, 'La Bagnole de Luxe', '890 Place de la Concorde', 'Cedex 8', 'Paris', NULL,6,1,0, 'Immense');
INSERT into  `Sales.Customer` (`CustomerId`, `CustomerName`, `CustomerAddress1`, `CustomerAddress2`, `CustomerTown`, `CustomerPostalCode`, `CountryId`, `IsCustomerReseller`, `IsCustomerCreditRisk`, `SpendCapacity`) VALUES (35, 'Laurent Saint Yves', '49, Rue Quicampoix', NULL, 'Marseille', NULL,6,0,0, 'Some');
INSERT into  `Sales.Customer` (`CustomerId`, `CustomerName`, `CustomerAddress1`, `CustomerAddress2`, `CustomerTown`, `CustomerPostalCode`, `CountryId`, `IsCustomerReseller`, `IsCustomerCreditRisk`, `SpendCapacity`) VALUES (6, 'Le Luxe en Motio', 'Avenue des Indes, 26', NULL, 'Geneva', 'CH-1201',3,1,1, 'Some');
INSERT into  `Sales.Customer` (`CustomerId`, `CustomerName`, `CustomerAddress1`, `CustomerAddress2`, `CustomerTown`, `CustomerPostalCode`, `CountryId`, `IsCustomerReseller`, `IsCustomerCreditRisk`, `SpendCapacity`) VALUES (43, 'Le Luxe en Motio', '32, Allee de la Paix', NULL, 'Paris', NULL,6,1,0, 'Lots');
INSERT into  `Sales.Customer` (`CustomerId`, `CustomerName`, `CustomerAddress1`, `CustomerAddress2`, `CustomerTown`, `CustomerPostalCode`, `CountryId`, `IsCustomerReseller`, `IsCustomerCreditRisk`, `SpendCapacity`) VALUES (71, 'Leslie Whittingto', '17, Mercury Street', NULL, 'Londo', 'SE1 4AT',7,0,0, 'Immense');
INSERT into  `Sales.Customer` (`CustomerId`, `CustomerName`, `CustomerAddress1`, `CustomerAddress2`, `CustomerTown`, `CustomerPostalCode`, `CountryId`, `IsCustomerReseller`, `IsCustomerCreditRisk`, `SpendCapacity`) VALUES (29, 'Liverpool Executive Prestige Vehicles', '8, Everton Avenue', NULL, 'Liverpool', 'L2 2RD',7,1,0, 'None');
INSERT into  `Sales.Customer` (`CustomerId`, `CustomerName`, `CustomerAddress1`, `CustomerAddress2`, `CustomerTown`, `CustomerPostalCode`, `CountryId`, `IsCustomerReseller`, `IsCustomerCreditRisk`, `SpendCapacity`) VALUES (11, 'London Executive Prestige Vehicles', '199, Park Lane', NULL, 'Londo', 'NW1 0AK',7,1,1, 'Some');
INSERT into  `Sales.Customer` (`CustomerId`, `CustomerName`, `CustomerAddress1`, `CustomerAddress2`, `CustomerTown`, `CustomerPostalCode`, `CountryId`, `IsCustomerReseller`, `IsCustomerCreditRisk`, `SpendCapacity`) VALUES (8, 'M. Pierre Dubois', '14, Rue De La Hutte', NULL, 'Marseille', NULL,6,0,0, 'None');
INSERT into  `Sales.Customer` (`CustomerId`, `CustomerName`, `CustomerAddress1`, `CustomerAddress2`, `CustomerTown`, `CustomerPostalCode`, `CountryId`, `IsCustomerReseller`, `IsCustomerCreditRisk`, `SpendCapacity`) VALUES (1, 'Magic Motors', '27, Handsworth Road', NULL, 'Birmingham', 'B1 7AZ',7,1,0, 'Lots');
INSERT into  `Sales.Customer` (`CustomerId`, `CustomerName`, `CustomerAddress1`, `CustomerAddress2`, `CustomerTown`, `CustomerPostalCode`, `CountryId`, `IsCustomerReseller`, `IsCustomerCreditRisk`, `SpendCapacity`) VALUES (69, 'Mary Blackhouse', '260, Oxford Avenue', NULL, 'Londo', 'E1 9AP',7,0,0, 'Some');
INSERT into  `Sales.Customer` (`CustomerId`, `CustomerName`, `CustomerAddress1`, `CustomerAddress2`, `CustomerTown`, `CustomerPostalCode`, `CountryId`, `IsCustomerReseller`, `IsCustomerCreditRisk`, `SpendCapacity`) VALUES (24, 'Matterhorn Motors', '1, Rue de la Colline', NULL, 'Lausanne', NULL,3,1,0, 'Immense');
INSERT into  `Sales.Customer` (`CustomerId`, `CustomerName`, `CustomerAddress1`, `CustomerAddress2`, `CustomerTown`, `CustomerPostalCode`, `CountryId`, `IsCustomerReseller`, `IsCustomerCreditRisk`, `SpendCapacity`) VALUES (70, 'Maurice Dujardi', '10, Daltrey Lane', NULL, 'Londo', 'NW1 7YU',7,0,0, 'Immense');
INSERT into  `Sales.Customer` (`CustomerId`, `CustomerName`, `CustomerAddress1`, `CustomerAddress2`, `CustomerTown`, `CustomerPostalCode`, `CountryId`, `IsCustomerReseller`, `IsCustomerCreditRisk`, `SpendCapacity`) VALUES (73, 'Melissa Bertrand', '7, Westlands Street', NULL, 'Londo', 'NW10 2SG',7,0,0, 'Immense');
INSERT into  `Sales.Customer` (`CustomerId`, `CustomerName`, `CustomerAddress1`, `CustomerAddress2`, `CustomerTown`, `CustomerPostalCode`, `CountryId`, `IsCustomerReseller`, `IsCustomerCreditRisk`, `SpendCapacity`) VALUES (72, 'Mike Beeto', 'Green Plaza Place', NULL, 'Londo', 'SW13 7ED',7,0,1, 'Immense');
INSERT into  `Sales.Customer` (`CustomerId`, `CustomerName`, `CustomerAddress1`, `CustomerAddress2`, `CustomerTown`, `CustomerPostalCode`, `CountryId`, `IsCustomerReseller`, `IsCustomerCreditRisk`, `SpendCapacity`) VALUES (50, 'Mme Anne Duport', '90, Place de la Victoire 1945', NULL, 'Paris', NULL,6,0,0, 'Some');
INSERT into  `Sales.Customer` (`CustomerId`, `CustomerName`, `CustomerAddress1`, `CustomerAddress2`, `CustomerTown`, `CustomerPostalCode`, `CountryId`, `IsCustomerReseller`, `IsCustomerCreditRisk`, `SpendCapacity`) VALUES (54, 'Mr. Evan Telford', '7, Godzilla Street', NULL, 'Manchester', 'M2 6KL',7,0,0, 'Immense');
INSERT into  `Sales.Customer` (`CustomerId`, `CustomerName`, `CustomerAddress1`, `CustomerAddress2`, `CustomerTown`, `CustomerPostalCode`, `CountryId`, `IsCustomerReseller`, `IsCustomerCreditRisk`, `SpendCapacity`) VALUES (30, 'Mrs. Ivana Telford', '52, Gerrard Mansions', NULL, 'Liverpool', 'L2 9RT',7,0,0, 'None');
INSERT into  `Sales.Customer` (`CustomerId`, `CustomerName`, `CustomerAddress1`, `CustomerAddress2`, `CustomerTown`, `CustomerPostalCode`, `CountryId`, `IsCustomerReseller`, `IsCustomerCreditRisk`, `SpendCapacity`) VALUES (66, 'My Shiny Sports Car Ltd.', '1091, Cambride Street', NULL, 'Londo', 'W1 3GH',7,1,0, 'Immense');
INSERT into  `Sales.Customer` (`CustomerId`, `CustomerName`, `CustomerAddress1`, `CustomerAddress2`, `CustomerTown`, `CustomerPostalCode`, `CountryId`, `IsCustomerReseller`, `IsCustomerCreditRisk`, `SpendCapacity`) VALUES (68, 'Paul Blasio', '50500 JFK Square', NULL, 'New York', NULL,10,0,0, 'Immense');
INSERT into  `Sales.Customer` (`CustomerId`, `CustomerName`, `CustomerAddress1`, `CustomerAddress2`, `CustomerTown`, `CustomerPostalCode`, `CountryId`, `IsCustomerReseller`, `IsCustomerCreditRisk`, `SpendCapacity`) VALUES (81, 'Pete Spring', '53, Pimlico Square', NULL, 'Manchester', 'M3 4WR',7,0,1, 'Immense');
INSERT into  `Sales.Customer` (`CustomerId`, `CustomerName`, `CustomerAddress1`, `CustomerAddress2`, `CustomerTown`, `CustomerPostalCode`, `CountryId`, `IsCustomerReseller`, `IsCustomerCreditRisk`, `SpendCapacity`) VALUES (18, 'Peter McLuckie', '73, Entwhistle Street', NULL, 'Londo', 'W10 B',7,0,0, 'Immense');
INSERT into  `Sales.Customer` (`CustomerId`, `CustomerName`, `CustomerAddress1`, `CustomerAddress2`, `CustomerTown`, `CustomerPostalCode`, `CountryId`, `IsCustomerReseller`, `IsCustomerCreditRisk`, `SpendCapacity`) VALUES (27, 'Peter Smith', '82, Ell Pie Lane', NULL, 'Birmingham', 'B5 5SD',7,0,0, 'Lots');
INSERT into  `Sales.Customer` (`CustomerId`, `CustomerName`, `CustomerAddress1`, `CustomerAddress2`, `CustomerTown`, `CustomerPostalCode`, `CountryId`, `IsCustomerReseller`, `IsCustomerCreditRisk`, `SpendCapacity`) VALUES (45, 'Pierre Blanc', '52 Deirdre Lane', NULL, 'Londo', 'C1 3EJ',7,0,0, 'Some');
INSERT into  `Sales.Customer` (`CustomerId`, `CustomerName`, `CustomerAddress1`, `CustomerAddress2`, `CustomerTown`, `CustomerPostalCode`, `CountryId`, `IsCustomerReseller`, `IsCustomerCreditRisk`, `SpendCapacity`) VALUES (19, 'Posh Vehicles Ltd', '82, Millar Close', NULL, 'Manchester', 'M4 5SD',7,1,0, 'Lots');
INSERT into  `Sales.Customer` (`CustomerId`, `CustomerName`, `CustomerAddress1`, `CustomerAddress2`, `CustomerTown`, `CustomerPostalCode`, `CountryId`, `IsCustomerReseller`, `IsCustomerCreditRisk`, `SpendCapacity`) VALUES (32, 'Prestige Imports', 'Gran Via 26', NULL, 'Barcelona', '08120',5,1,0, 'Immense');
INSERT into  `Sales.Customer` (`CustomerId`, `CustomerName`, `CustomerAddress1`, `CustomerAddress2`, `CustomerTown`, `CustomerPostalCode`, `CountryId`, `IsCustomerReseller`, `IsCustomerCreditRisk`, `SpendCapacity`) VALUES (33, 'Prestissimo!', 'Via Appia 239', NULL, 'Mila', NULL,9,1,0, 'None');
INSERT into  `Sales.Customer` (`CustomerId`, `CustomerName`, `CustomerAddress1`, `CustomerAddress2`, `CustomerTown`, `CustomerPostalCode`, `CountryId`, `IsCustomerReseller`, `IsCustomerCreditRisk`, `SpendCapacity`) VALUES (58, 'Raimondo Delattre', '9, Place de Chatelet', NULL, 'Geneva', 'CH-1211',3,0,0, 'Immense');
INSERT into  `Sales.Customer` (`CustomerId`, `CustomerName`, `CustomerAddress1`, `CustomerAddress2`, `CustomerTown`, `CustomerPostalCode`, `CountryId`, `IsCustomerReseller`, `IsCustomerCreditRisk`, `SpendCapacity`) VALUES (55, 'Ralph Oberman', 'BerolinaStrasse 210', NULL, 'Berli', NULL,4,0,0, 'Immense');
INSERT into  `Sales.Customer` (`CustomerId`, `CustomerName`, `CustomerAddress1`, `CustomerAddress2`, `CustomerTown`, `CustomerPostalCode`, `CountryId`, `IsCustomerReseller`, `IsCustomerCreditRisk`, `SpendCapacity`) VALUES (80, 'Rodolph Legler', 'SingerStrasse 89', NULL, 'Stuttgart', NULL,4,0,0, 'Immense');
INSERT into  `Sales.Customer` (`CustomerId`, `CustomerName`, `CustomerAddress1`, `CustomerAddress2`, `CustomerTown`, `CustomerPostalCode`, `CountryId`, `IsCustomerReseller`, `IsCustomerCreditRisk`, `SpendCapacity`) VALUES (40, 'Ronaldo Bianco', 'Palazzo Medusa 2000', NULL, 'Mila', NULL,9,0,0, 'None');
INSERT into  `Sales.Customer` (`CustomerId`, `CustomerName`, `CustomerAddress1`, `CustomerAddress2`, `CustomerTown`, `CustomerPostalCode`, `CountryId`, `IsCustomerReseller`, `IsCustomerCreditRisk`, `SpendCapacity`) VALUES (51, 'Screami'' Wheels', '10500 The Potomac', NULL, 'Washingto', NULL,10,1,0, 'Immense');
INSERT into  `Sales.Customer` (`CustomerId`, `CustomerName`, `CustomerAddress1`, `CustomerAddress2`, `CustomerTown`, `CustomerPostalCode`, `CountryId`, `IsCustomerReseller`, `IsCustomerCreditRisk`, `SpendCapacity`) VALUES (37, 'Screami'' Wheels', '4, Churchill Close', NULL, 'Londo', 'SE1 5RU',7,1,0, 'Immense');
INSERT into  `Sales.Customer` (`CustomerId`, `CustomerName`, `CustomerAddress1`, `CustomerAddress2`, `CustomerTown`, `CustomerPostalCode`, `CountryId`, `IsCustomerReseller`, `IsCustomerCreditRisk`, `SpendCapacity`) VALUES (36, 'Screami'' Wheels', '1090 Reagan Road', NULL, 'Los Angeles', NULL,10,1,0, 'Some');
INSERT into  `Sales.Customer` (`CustomerId`, `CustomerName`, `CustomerAddress1`, `CustomerAddress2`, `CustomerTown`, `CustomerPostalCode`, `CountryId`, `IsCustomerReseller`, `IsCustomerCreditRisk`, `SpendCapacity`) VALUES (44, 'Screami'' Wheels Corp', '50000 Fifth Avenue', NULL, 'New York', NULL,10,1,0, 'Immense');
INSERT into  `Sales.Customer` (`CustomerId`, `CustomerName`, `CustomerAddress1`, `CustomerAddress2`, `CustomerTown`, `CustomerPostalCode`, `CountryId`, `IsCustomerReseller`, `IsCustomerCreditRisk`, `SpendCapacity`) VALUES (21, 'Silver HubCaps', '54, Didsbury Lane', NULL, 'Manchester', 'M1 7TH',7,1,0, 'Immense');
INSERT into  `Sales.Customer` (`CustomerId`, `CustomerName`, `CustomerAddress1`, `CustomerAddress2`, `CustomerTown`, `CustomerPostalCode`, `CountryId`, `IsCustomerReseller`, `IsCustomerCreditRisk`, `SpendCapacity`) VALUES (63, 'Smooth Rocking Chrome', 'Via Stromboli 2', NULL, 'Mila', NULL,9,1,1, 'Immense');
INSERT into  `Sales.Customer` (`CustomerId`, `CustomerName`, `CustomerAddress1`, `CustomerAddress2`, `CustomerTown`, `CustomerPostalCode`, `CountryId`, `IsCustomerReseller`, `IsCustomerCreditRisk`, `SpendCapacity`) VALUES (2, 'Snazzy Roadsters', '102, Bleak Street', NULL, 'Birmingham', 'B3 5ST',7,1,1, 'Some');
INSERT into  `Sales.Customer` (`CustomerId`, `CustomerName`, `CustomerAddress1`, `CustomerAddress2`, `CustomerTown`, `CustomerPostalCode`, `CountryId`, `IsCustomerReseller`, `IsCustomerCreditRisk`, `SpendCapacity`) VALUES (9, 'Sondra Horowitz', '10040 Great Western Road', NULL, 'Los Angeles', NULL,10,0,0, 'Some');
INSERT into  `Sales.Customer` (`CustomerId`, `CustomerName`, `CustomerAddress1`, `CustomerAddress2`, `CustomerTown`, `CustomerPostalCode`, `CountryId`, `IsCustomerReseller`, `IsCustomerCreditRisk`, `SpendCapacity`) VALUES (41, 'Sport.Car', 'Via Barberini 59', NULL, 'Rome', '00120',9,1,0, 'Immense');
INSERT into  `Sales.Customer` (`CustomerId`, `CustomerName`, `CustomerAddress1`, `CustomerAddress2`, `CustomerTown`, `CustomerPostalCode`, `CountryId`, `IsCustomerReseller`, `IsCustomerCreditRisk`, `SpendCapacity`) VALUES (22, 'Stan Collywobble', '65, Townsend Road', NULL, 'Manchester', 'M1 5HJ',7,0,1, 'None');
INSERT into  `Sales.Customer` (`CustomerId`, `CustomerName`, `CustomerAddress1`, `CustomerAddress2`, `CustomerTown`, `CustomerPostalCode`, `CountryId`, `IsCustomerReseller`, `IsCustomerCreditRisk`, `SpendCapacity`) VALUES (49, 'Stefan Van Helsing', 'Nieuwstraat 5', NULL, 'Brussels', NULL,1,0,0, 'Immense');
INSERT into  `Sales.Customer` (`CustomerId`, `CustomerName`, `CustomerAddress1`, `CustomerAddress2`, `CustomerTown`, `CustomerPostalCode`, `CountryId`, `IsCustomerReseller`, `IsCustomerCreditRisk`, `SpendCapacity`) VALUES (47, 'Stefano DiLonghi', 'Piazza Verona', NULL, 'Rome', '00129',9,0,0, 'Immense');
INSERT into  `Sales.Customer` (`CustomerId`, `CustomerName`, `CustomerAddress1`, `CustomerAddress2`, `CustomerTown`, `CustomerPostalCode`, `CountryId`, `IsCustomerReseller`, `IsCustomerCreditRisk`, `SpendCapacity`) VALUES (65, 'Stephany Rousso', '10180 Orange County Place', NULL, 'Los Angeles', NULL,10,0,0, 'Immense');
INSERT into  `Sales.Customer` (`CustomerId`, `CustomerName`, `CustomerAddress1`, `CustomerAddress2`, `CustomerTown`, `CustomerPostalCode`, `CountryId`, `IsCustomerReseller`, `IsCustomerCreditRisk`, `SpendCapacity`) VALUES (79, 'Steve Docherty', '5, Albermarle Avenue', NULL, 'Manchester', 'M7 9AS',7,0,0, 'Immense');
INSERT into  `Sales.Customer` (`CustomerId`, `CustomerName`, `CustomerAddress1`, `CustomerAddress2`, `CustomerTown`, `CustomerPostalCode`, `CountryId`, `IsCustomerReseller`, `IsCustomerCreditRisk`, `SpendCapacity`) VALUES (16, 'SuperSport S.A.R.L.', '210 Place de la Republique', NULL, 'Paris', NULL,6,1,1, 'None');
INSERT into  `Sales.Customer` (`CustomerId`, `CustomerName`, `CustomerAddress1`, `CustomerAddress2`, `CustomerTown`, `CustomerPostalCode`, `CountryId`, `IsCustomerReseller`, `IsCustomerCreditRisk`, `SpendCapacity`) VALUES (17, 'Theo Kowalski', '1000 East 51st Street', NULL, 'New York', NULL,10,0,0, 'Lots');
INSERT into  `Sales.Customer` (`CustomerId`, `CustomerName`, `CustomerAddress1`, `CustomerAddress2`, `CustomerTown`, `CustomerPostalCode`, `CountryId`, `IsCustomerReseller`, `IsCustomerCreditRisk`, `SpendCapacity`) VALUES (28, 'Vive La Vitesse', '56, Rue Noiratre', NULL, 'Marseille', NULL,6,1,0, 'Immense');
INSERT into  `Sales.Customer` (`CustomerId`, `CustomerName`, `CustomerAddress1`, `CustomerAddress2`, `CustomerTown`, `CustomerPostalCode`, `CountryId`, `IsCustomerReseller`, `IsCustomerCreditRisk`, `SpendCapacity`) VALUES (57, 'Wladimir Lacroix', '3, Rue de la Vie en Rose', NULL, 'Lyo', NULL,6,0,0, 'Immense');
INSERT into  `Sales.Customer` (`CustomerId`, `CustomerName`, `CustomerAddress1`, `CustomerAddress2`, `CustomerTown`, `CustomerPostalCode`, `CountryId`, `IsCustomerReseller`, `IsCustomerCreditRisk`, `SpendCapacity`) VALUES (10, 'Wonderland Wheels', '57, Grosvenor Estate Avenue', NULL, 'Londo', 'E7 4BR',7,1,0, 'Immense');
INSERT into  `Sales.Customer` (`CustomerId`, `CustomerName`, `CustomerAddress1`, `CustomerAddress2`, `CustomerTown`, `CustomerPostalCode`, `CountryId`, `IsCustomerReseller`, `IsCustomerCreditRisk`, `SpendCapacity`) VALUES (4, 'WunderKar', 'AlexanderPlatz 205', NULL, 'Berli', NULL,4,1,0, 'Lots');
INSERT into  `Sales.Customer` (`CustomerId`, `CustomerName`, `CustomerAddress1`, `CustomerAddress2`, `CustomerTown`, `CustomerPostalCode`, `CountryId`, `IsCustomerReseller`, `IsCustomerCreditRisk`, `SpendCapacity`) VALUES (64, 'YO! Speed!', 'Plaza Mayor', NULL, 'Barcelona', '08550',5,1,0, 'Some');



INSERT into  `Production.ManufacturerVehicleMake` (`ManufacturerVehicleMakeId`, `ManufacturerVehicleMakeName`, `CountryId`, `MarketingType`) VALUES (9, 'Alfa Romeo', 9, 'Sports');
INSERT into  `Production.ManufacturerVehicleMake` (`ManufacturerVehicleMakeId`, `ManufacturerVehicleMakeName`, `CountryId`, `MarketingType`) VALUES (8, 'Mercedes', 4, 'Tourer,Sports');
INSERT into  `Production.ManufacturerVehicleMake` (`ManufacturerVehicleMakeId`, `ManufacturerVehicleMakeName`, `CountryId`, `MarketingType`) VALUES (7, 'Maybach', 4, 'Chauffer,Prestige');
INSERT into  `Production.ManufacturerVehicleMake` (`ManufacturerVehicleMakeId`, `ManufacturerVehicleMakeName`, `CountryId`, `MarketingType`) VALUES (6, 'Rolls Royce', 7, 'Chauffer,Prestige');
INSERT into  `Production.ManufacturerVehicleMake` (`ManufacturerVehicleMakeId`, `ManufacturerVehicleMakeName`, `CountryId`, `MarketingType`) VALUES (5, 'Bentley', 7, 'Tourer,Chauffer,Prestige');
INSERT into  `Production.ManufacturerVehicleMake` (`ManufacturerVehicleMakeId`, `ManufacturerVehicleMakeName`, `CountryId`, `MarketingType`) VALUES (4, 'Aston Martin', 7, 'Sports,Tourer');
INSERT into  `Production.ManufacturerVehicleMake` (`ManufacturerVehicleMakeId`, `ManufacturerVehicleMakeName`, `CountryId`, `MarketingType`) VALUES (3, 'Lamborghini', 9, 'Sports');
INSERT into  `Production.ManufacturerVehicleMake` (`ManufacturerVehicleMakeId`, `ManufacturerVehicleMakeName`, `CountryId`, `MarketingType`) VALUES (26, 'Cadillac', 10, 'Family');
INSERT into  `Production.ManufacturerVehicleMake` (`ManufacturerVehicleMakeId`, `ManufacturerVehicleMakeName`, `CountryId`, `MarketingType`) VALUES (25, 'Riley', 7, 'Family');
INSERT into  `Production.ManufacturerVehicleMake` (`ManufacturerVehicleMakeId`, `ManufacturerVehicleMakeName`, `CountryId`, `MarketingType`) VALUES (24, 'Reliant', 6, 'Family');
INSERT into  `Production.ManufacturerVehicleMake` (`ManufacturerVehicleMakeId`, `ManufacturerVehicleMakeName`, `CountryId`, `MarketingType`) VALUES (23, 'Peugeot', 4, 'Family');
INSERT into  `Production.ManufacturerVehicleMake` (`ManufacturerVehicleMakeId`, `ManufacturerVehicleMakeName`, `CountryId`, `MarketingType`) VALUES (22, 'Trabant', 4, 'Family');
INSERT into  `Production.ManufacturerVehicleMake` (`ManufacturerVehicleMakeId`, `ManufacturerVehicleMakeName`, `CountryId`, `MarketingType`) VALUES (21, 'Triumph', 7, 'Sports');
INSERT into  `Production.ManufacturerVehicleMake` (`ManufacturerVehicleMakeId`, `ManufacturerVehicleMakeName`, `CountryId`, `MarketingType`) VALUES (20, 'Noble', 7, 'Sports');
INSERT into  `Production.ManufacturerVehicleMake` (`ManufacturerVehicleMakeId`, `ManufacturerVehicleMakeName`, `CountryId`, `MarketingType`) VALUES (2, 'Porsche', 4, 'Sports,Tourer');
INSERT into  `Production.ManufacturerVehicleMake` (`ManufacturerVehicleMakeId`, `ManufacturerVehicleMakeName`, `CountryId`, `MarketingType`) VALUES (19, 'Morga', 7, 'Sports');
INSERT into  `Production.ManufacturerVehicleMake` (`ManufacturerVehicleMakeId`, `ManufacturerVehicleMakeName`, `CountryId`, `MarketingType`) VALUES (18, 'McLaren', 7, 'Sports');
INSERT into  `Production.ManufacturerVehicleMake` (`ManufacturerVehicleMakeId`, `ManufacturerVehicleMakeName`, `CountryId`, `MarketingType`) VALUES (17, 'Lagonda', 9, 'Sports');
INSERT into  `Production.ManufacturerVehicleMake` (`ManufacturerVehicleMakeId`, `ManufacturerVehicleMakeName`, `CountryId`, `MarketingType`) VALUES (16, 'Jaguar', 7, 'Sports,Family');
INSERT into  `Production.ManufacturerVehicleMake` (`ManufacturerVehicleMakeId`, `ManufacturerVehicleMakeName`, `CountryId`, `MarketingType`) VALUES (15, 'Delorea', 10, 'Sports,Family');
INSERT into  `Production.ManufacturerVehicleMake` (`ManufacturerVehicleMakeId`, `ManufacturerVehicleMakeName`, `CountryId`, `MarketingType`) VALUES (14, 'Delahaye', 6, 'Family');
INSERT into  `Production.ManufacturerVehicleMake` (`ManufacturerVehicleMakeId`, `ManufacturerVehicleMakeName`, `CountryId`, `MarketingType`) VALUES (13, 'Citroe', 6, 'Family');
INSERT into  `Production.ManufacturerVehicleMake` (`ManufacturerVehicleMakeId`, `ManufacturerVehicleMakeName`, `CountryId`, `MarketingType`) VALUES (12, 'Bugatti', 6, 'Sports');
INSERT into  `Production.ManufacturerVehicleMake` (`ManufacturerVehicleMakeId`, `ManufacturerVehicleMakeName`, `CountryId`, `MarketingType`) VALUES (11, 'BMW', 4, 'Sports,Tourer');
INSERT into  `Production.ManufacturerVehicleMake` (`ManufacturerVehicleMakeId`, `ManufacturerVehicleMakeName`, `CountryId`, `MarketingType`) VALUES (10, 'Austi', 7, 'Relic');
INSERT into  `Production.ManufacturerVehicleMake` (`ManufacturerVehicleMakeId`, `ManufacturerVehicleMakeName`, `CountryId`, `MarketingType`) VALUES (1, 'Ferrari', 9, 'Sports');


INSERT into `Production.ManufacturerModel` (`ManufacturerModelId`, `ManufacturerVehicleMakeId`, `ManufacturerModelName`) VALUES (1, 1, 'Daytona');
INSERT into `Production.ManufacturerModel` (`ManufacturerModelId`, `ManufacturerVehicleMakeId`, `ManufacturerModelName`) VALUES (2, 1, 'Testarossa');
INSERT into `Production.ManufacturerModel` (`ManufacturerModelId`, `ManufacturerVehicleMakeId`, `ManufacturerModelName`) VALUES (3, 1, '355');
INSERT into `Production.ManufacturerModel` (`ManufacturerModelId`, `ManufacturerVehicleMakeId`, `ManufacturerModelName`) VALUES (4, 1, '308');
INSERT into `Production.ManufacturerModel` (`ManufacturerModelId`, `ManufacturerVehicleMakeId`, `ManufacturerModelName`) VALUES (5, 1, 'Dino');
INSERT into `Production.ManufacturerModel` (`ManufacturerModelId`, `ManufacturerVehicleMakeId`, `ManufacturerModelName`) VALUES (6, 1, 'Mondial');
INSERT into `Production.ManufacturerModel` (`ManufacturerModelId`, `ManufacturerVehicleMakeId`, `ManufacturerModelName`) VALUES (7, 1, 'F40');
INSERT into `Production.ManufacturerModel` (`ManufacturerModelId`, `ManufacturerVehicleMakeId`, `ManufacturerModelName`) VALUES (8, 1, 'F50');
INSERT into `Production.ManufacturerModel` (`ManufacturerModelId`, `ManufacturerVehicleMakeId`, `ManufacturerModelName`) VALUES (9, 1, '360');
INSERT into `Production.ManufacturerModel` (`ManufacturerModelId`, `ManufacturerVehicleMakeId`, `ManufacturerModelName`) VALUES (10, 1, 'Enzo');
INSERT into `Production.ManufacturerModel` (`ManufacturerModelId`, `ManufacturerVehicleMakeId`, `ManufacturerModelName`) VALUES (11, 2, '911');
INSERT into `Production.ManufacturerModel` (`ManufacturerModelId`, `ManufacturerVehicleMakeId`, `ManufacturerModelName`) VALUES (12, 2, '924');
INSERT into `Production.ManufacturerModel` (`ManufacturerModelId`, `ManufacturerVehicleMakeId`, `ManufacturerModelName`) VALUES (13, 2, '944');
INSERT into `Production.ManufacturerModel` (`ManufacturerModelId`, `ManufacturerVehicleMakeId`, `ManufacturerModelName`) VALUES (14, 2, '959');
INSERT into `Production.ManufacturerModel` (`ManufacturerModelId`, `ManufacturerVehicleMakeId`, `ManufacturerModelName`) VALUES (15, 2, '928');
INSERT into `Production.ManufacturerModel` (`ManufacturerModelId`, `ManufacturerVehicleMakeId`, `ManufacturerModelName`) VALUES (16, 2, 'Boxster');
INSERT into `Production.ManufacturerModel` (`ManufacturerModelId`, `ManufacturerVehicleMakeId`, `ManufacturerModelName`) VALUES (17, 3, 'Countach');
INSERT into `Production.ManufacturerModel` (`ManufacturerModelId`, `ManufacturerVehicleMakeId`, `ManufacturerModelName`) VALUES (18, 3, 'Diabolo');
INSERT into `Production.ManufacturerModel` (`ManufacturerModelId`, `ManufacturerVehicleMakeId`, `ManufacturerModelName`) VALUES (19, 3, 'Jarama');
INSERT into `Production.ManufacturerModel` (`ManufacturerModelId`, `ManufacturerVehicleMakeId`, `ManufacturerModelName`) VALUES (20, 3, '400GT');
INSERT into `Production.ManufacturerModel` (`ManufacturerModelId`, `ManufacturerVehicleMakeId`, `ManufacturerModelName`) VALUES (21, 4, 'DB2');
INSERT into `Production.ManufacturerModel` (`ManufacturerModelId`, `ManufacturerVehicleMakeId`, `ManufacturerModelName`) VALUES (22, 4, 'DB4');
INSERT into `Production.ManufacturerModel` (`ManufacturerModelId`, `ManufacturerVehicleMakeId`, `ManufacturerModelName`) VALUES (23, 4, 'DB5');
INSERT into `Production.ManufacturerModel` (`ManufacturerModelId`, `ManufacturerVehicleMakeId`, `ManufacturerModelName`) VALUES (24, 4, 'DB6');
INSERT into `Production.ManufacturerModel` (`ManufacturerModelId`, `ManufacturerVehicleMakeId`, `ManufacturerModelName`) VALUES (25, 4, 'DB9');
INSERT into `Production.ManufacturerModel` (`ManufacturerModelId`, `ManufacturerVehicleMakeId`, `ManufacturerModelName`) VALUES (26, 4, 'Virage');
INSERT into `Production.ManufacturerModel` (`ManufacturerModelId`, `ManufacturerVehicleMakeId`, `ManufacturerModelName`) VALUES (27, 4, 'Vantage');
INSERT into `Production.ManufacturerModel` (`ManufacturerModelId`, `ManufacturerVehicleMakeId`, `ManufacturerModelName`) VALUES (28, 4, 'Vanquish');
INSERT into `Production.ManufacturerModel` (`ManufacturerModelId`, `ManufacturerVehicleMakeId`, `ManufacturerModelName`) VALUES (29, 4, 'Rapide');
INSERT into `Production.ManufacturerModel` (`ManufacturerModelId`, `ManufacturerVehicleMakeId`, `ManufacturerModelName`) VALUES (30, 5, 'Mulsanne');
INSERT into `Production.ManufacturerModel` (`ManufacturerModelId`, `ManufacturerVehicleMakeId`, `ManufacturerModelName`) VALUES (31, 5, 'Continental');
INSERT into `Production.ManufacturerModel` (`ManufacturerModelId`, `ManufacturerVehicleMakeId`, `ManufacturerModelName`) VALUES (32, 5, 'Flying Spur');
INSERT into `Production.ManufacturerModel` (`ManufacturerModelId`, `ManufacturerVehicleMakeId`, `ManufacturerModelName`) VALUES (33, 5, 'Arnage');
INSERT into `Production.ManufacturerModel` (`ManufacturerModelId`, `ManufacturerVehicleMakeId`, `ManufacturerModelName`) VALUES (34, 5, 'Brooklands');
INSERT into `Production.ManufacturerModel` (`ManufacturerModelId`, `ManufacturerVehicleMakeId`, `ManufacturerModelName`) VALUES (35, 6, 'Phantom');
INSERT into `Production.ManufacturerModel` (`ManufacturerModelId`, `ManufacturerVehicleMakeId`, `ManufacturerModelName`) VALUES (36, 6, 'Ghost');
INSERT into `Production.ManufacturerModel` (`ManufacturerModelId`, `ManufacturerVehicleMakeId`, `ManufacturerModelName`) VALUES (37, 6, 'Wraith');
INSERT into `Production.ManufacturerModel` (`ManufacturerModelId`, `ManufacturerVehicleMakeId`, `ManufacturerModelName`) VALUES (38, 6, 'Silver Shadow');
INSERT into `Production.ManufacturerModel` (`ManufacturerModelId`, `ManufacturerVehicleMakeId`, `ManufacturerModelName`) VALUES (39, 6, 'Corniche');
INSERT into `Production.ManufacturerModel` (`ManufacturerModelId`, `ManufacturerVehicleMakeId`, `ManufacturerModelName`) VALUES (40, 6, 'Camargue');
INSERT into `Production.ManufacturerModel` (`ManufacturerModelId`, `ManufacturerVehicleMakeId`, `ManufacturerModelName`) VALUES (41, 6, 'Silver Seraph');
INSERT into `Production.ManufacturerModel` (`ManufacturerModelId`, `ManufacturerVehicleMakeId`, `ManufacturerModelName`) VALUES (42, 7, '57');
INSERT into `Production.ManufacturerModel` (`ManufacturerModelId`, `ManufacturerVehicleMakeId`, `ManufacturerModelName`) VALUES (43, 7, '62');
INSERT into `Production.ManufacturerModel` (`ManufacturerModelId`, `ManufacturerVehicleMakeId`, `ManufacturerModelName`) VALUES (44, 7, 'Exelero');
INSERT into `Production.ManufacturerModel` (`ManufacturerModelId`, `ManufacturerVehicleMakeId`, `ManufacturerModelName`) VALUES (45, 8, '280SL');
INSERT into `Production.ManufacturerModel` (`ManufacturerModelId`, `ManufacturerVehicleMakeId`, `ManufacturerModelName`) VALUES (46, 8, '350SL');
INSERT into `Production.ManufacturerModel` (`ManufacturerModelId`, `ManufacturerVehicleMakeId`, `ManufacturerModelName`) VALUES (47, 8, '500SL');
INSERT into `Production.ManufacturerModel` (`ManufacturerModelId`, `ManufacturerVehicleMakeId`, `ManufacturerModelName`) VALUES (48, 8, '250SL');
INSERT into `Production.ManufacturerModel` (`ManufacturerModelId`, `ManufacturerVehicleMakeId`, `ManufacturerModelName`) VALUES (49, 8, 'R107');
INSERT into `Production.ManufacturerModel` (`ManufacturerModelId`, `ManufacturerVehicleMakeId`, `ManufacturerModelName`) VALUES (50, 8, 'W107');
INSERT into `Production.ManufacturerModel` (`ManufacturerModelId`, `ManufacturerVehicleMakeId`, `ManufacturerModelName`) VALUES (51, 9, 'Giulia');
INSERT into `Production.ManufacturerModel` (`ManufacturerModelId`, `ManufacturerVehicleMakeId`, `ManufacturerModelName`) VALUES (52, 9, 'Spider');
INSERT into `Production.ManufacturerModel` (`ManufacturerModelId`, `ManufacturerVehicleMakeId`, `ManufacturerModelName`) VALUES (53, 9, '1750');
INSERT into `Production.ManufacturerModel` (`ManufacturerModelId`, `ManufacturerVehicleMakeId`, `ManufacturerModelName`) VALUES (54, 9, 'Giulietta');
INSERT into `Production.ManufacturerModel` (`ManufacturerModelId`, `ManufacturerVehicleMakeId`, `ManufacturerModelName`) VALUES (55, 10, 'Lichfield');
INSERT into `Production.ManufacturerModel` (`ManufacturerModelId`, `ManufacturerVehicleMakeId`, `ManufacturerModelName`) VALUES (56, 10, 'Princess');
INSERT into `Production.ManufacturerModel` (`ManufacturerModelId`, `ManufacturerVehicleMakeId`, `ManufacturerModelName`) VALUES (57, 10, 'Cambridge');
INSERT into `Production.ManufacturerModel` (`ManufacturerModelId`, `ManufacturerVehicleMakeId`, `ManufacturerModelName`) VALUES (58, 11, 'Isetta');
INSERT into `Production.ManufacturerModel` (`ManufacturerModelId`, `ManufacturerVehicleMakeId`, `ManufacturerModelName`) VALUES (59, 11, 'Alpina');
INSERT into `Production.ManufacturerModel` (`ManufacturerModelId`, `ManufacturerVehicleMakeId`, `ManufacturerModelName`) VALUES (60, 11, 'E30');
INSERT into `Production.ManufacturerModel` (`ManufacturerModelId`, `ManufacturerVehicleMakeId`, `ManufacturerModelName`) VALUES (61, 12, '35');
INSERT into `Production.ManufacturerModel` (`ManufacturerModelId`, `ManufacturerVehicleMakeId`, `ManufacturerModelName`) VALUES (62, 12, 'Veyron');
INSERT into `Production.ManufacturerModel` (`ManufacturerModelId`, `ManufacturerVehicleMakeId`, `ManufacturerModelName`) VALUES (63, 12, '57C');
INSERT into `Production.ManufacturerModel` (`ManufacturerModelId`, `ManufacturerVehicleMakeId`, `ManufacturerModelName`) VALUES (64, 13, 'Torpedo');
INSERT into `Production.ManufacturerModel` (`ManufacturerModelId`, `ManufacturerVehicleMakeId`, `ManufacturerModelName`) VALUES (65, 13, 'Rosalie');
INSERT into `Production.ManufacturerModel` (`ManufacturerModelId`, `ManufacturerVehicleMakeId`, `ManufacturerModelName`) VALUES (66, 13, 'Traaction Avant');
INSERT into `Production.ManufacturerModel` (`ManufacturerModelId`, `ManufacturerVehicleMakeId`, `ManufacturerModelName`) VALUES (67, 14, '135');
INSERT into `Production.ManufacturerModel` (`ManufacturerModelId`, `ManufacturerVehicleMakeId`, `ManufacturerModelName`) VALUES (68, 14, '145');
INSERT into `Production.ManufacturerModel` (`ManufacturerModelId`, `ManufacturerVehicleMakeId`, `ManufacturerModelName`) VALUES (69, 14, '175');
INSERT into `Production.ManufacturerModel` (`ManufacturerModelId`, `ManufacturerVehicleMakeId`, `ManufacturerModelName`) VALUES (70, 15, 'DMC 12');
INSERT into `Production.ManufacturerModel` (`ManufacturerModelId`, `ManufacturerVehicleMakeId`, `ManufacturerModelName`) VALUES (71, 16, 'Mark V');
INSERT into `Production.ManufacturerModel` (`ManufacturerModelId`, `ManufacturerVehicleMakeId`, `ManufacturerModelName`) VALUES (72, 16, 'Mark X');
INSERT into `Production.ManufacturerModel` (`ManufacturerModelId`, `ManufacturerVehicleMakeId`, `ManufacturerModelName`) VALUES (73, 16, 'XJ12');
INSERT into `Production.ManufacturerModel` (`ManufacturerModelId`, `ManufacturerVehicleMakeId`, `ManufacturerModelName`) VALUES (74, 16, 'XK120');
INSERT into `Production.ManufacturerModel` (`ManufacturerModelId`, `ManufacturerVehicleMakeId`, `ManufacturerModelName`) VALUES (75, 16, 'XK150');
INSERT into `Production.ManufacturerModel` (`ManufacturerModelId`, `ManufacturerVehicleMakeId`, `ManufacturerModelName`) VALUES (76, 16, 'XJS');
INSERT into `Production.ManufacturerModel` (`ManufacturerModelId`, `ManufacturerVehicleMakeId`, `ManufacturerModelName`) VALUES (77, 16, 'E-Type');
INSERT into `Production.ManufacturerModel` (`ManufacturerModelId`, `ManufacturerVehicleMakeId`, `ManufacturerModelName`) VALUES (78, 17, 'V12');
INSERT into `Production.ManufacturerModel` (`ManufacturerModelId`, `ManufacturerVehicleMakeId`, `ManufacturerModelName`) VALUES (79, 17, '3 Litre');
INSERT into `Production.ManufacturerModel` (`ManufacturerModelId`, `ManufacturerVehicleMakeId`, `ManufacturerModelName`) VALUES (80, 18, 'P1');
INSERT into `Production.ManufacturerModel` (`ManufacturerModelId`, `ManufacturerVehicleMakeId`, `ManufacturerModelName`) VALUES (81, 19, 'Plus 8');
INSERT into `Production.ManufacturerModel` (`ManufacturerModelId`, `ManufacturerVehicleMakeId`, `ManufacturerModelName`) VALUES (82, 19, 'Plus 4');
INSERT into `Production.ManufacturerModel` (`ManufacturerModelId`, `ManufacturerVehicleMakeId`, `ManufacturerModelName`) VALUES (83, 19, 'Supersport');
INSERT into `Production.ManufacturerModel` (`ManufacturerModelId`, `ManufacturerVehicleMakeId`, `ManufacturerModelName`) VALUES (84, 20, 'M14');
INSERT into `Production.ManufacturerModel` (`ManufacturerModelId`, `ManufacturerVehicleMakeId`, `ManufacturerModelName`) VALUES (85, 20, 'M600');
INSERT into `Production.ManufacturerModel` (`ManufacturerModelId`, `ManufacturerVehicleMakeId`, `ManufacturerModelName`) VALUES (86, 21, 'TR4');
INSERT into `Production.ManufacturerModel` (`ManufacturerModelId`, `ManufacturerVehicleMakeId`, `ManufacturerModelName`) VALUES (87, 21, 'TR5');
INSERT into `Production.ManufacturerModel` (`ManufacturerModelId`, `ManufacturerVehicleMakeId`, `ManufacturerModelName`) VALUES (88, 21, 'TR6');
INSERT into `Production.ManufacturerModel` (`ManufacturerModelId`, `ManufacturerVehicleMakeId`, `ManufacturerModelName`) VALUES (89, 21, 'TR7');
INSERT into `Production.ManufacturerModel` (`ManufacturerModelId`, `ManufacturerVehicleMakeId`, `ManufacturerModelName`) VALUES (90, 21, 'GT6');
INSERT into `Production.ManufacturerModel` (`ManufacturerModelId`, `ManufacturerVehicleMakeId`, `ManufacturerModelName`) VALUES (91, 21, 'Roadster');
INSERT into `Production.ManufacturerModel` (`ManufacturerModelId`, `ManufacturerVehicleMakeId`, `ManufacturerModelName`) VALUES (92, 21, 'Stag');
INSERT into `Production.ManufacturerModel` (`ManufacturerModelId`, `ManufacturerVehicleMakeId`, `ManufacturerModelName`) VALUES (93, 21, 'TR3A');
INSERT into `Production.ManufacturerModel` (`ManufacturerModelId`, `ManufacturerVehicleMakeId`, `ManufacturerModelName`) VALUES (94, 22, '500');
INSERT into `Production.ManufacturerModel` (`ManufacturerModelId`, `ManufacturerVehicleMakeId`, `ManufacturerModelName`) VALUES (95, 22, '600');
INSERT into `Production.ManufacturerModel` (`ManufacturerModelId`, `ManufacturerVehicleMakeId`, `ManufacturerModelName`) VALUES (96, 23, '205');
INSERT into `Production.ManufacturerModel` (`ManufacturerModelId`, `ManufacturerVehicleMakeId`, `ManufacturerModelName`) VALUES (97, 23, 'Type VA');
INSERT into `Production.ManufacturerModel` (`ManufacturerModelId`, `ManufacturerVehicleMakeId`, `ManufacturerModelName`) VALUES (98, 23, '404');
INSERT into `Production.ManufacturerModel` (`ManufacturerModelId`, `ManufacturerVehicleMakeId`, `ManufacturerModelName`) VALUES (99, 23, '203');
INSERT into `Production.ManufacturerModel` (`ManufacturerModelId`, `ManufacturerVehicleMakeId`, `ManufacturerModelName`) VALUES (100, 24, 'Robin');


INSERT into  `Production.ManufacturerVehicleStock` (`ManufacturerVehicleStockId`, `StockCode`, `ModelId`, `Cost`, `RepairsCharge`, `PartsCharge`, `DeliveryCharge`, `IsPremiumRoadHandlingPackage`, `VehicleColor`, `CustomerComment`, `PurchaseDate`) VALUES (99, '98B3C1C2-7AE2-4A88-A3C9-484483C6EC66', 71, 7600.00 , 500.00 , 750.00 , 150.00 , 1, 'Black',  NULL, '2016-08-25');
INSERT into  `Production.ManufacturerVehicleStock` (`ManufacturerVehicleStockId`, `StockCode`, `ModelId`, `Cost`, `RepairsCharge`, `PartsCharge`, `DeliveryCharge`, `IsPremiumRoadHandlingPackage`, `VehicleColor`, `CustomerComment`, `PurchaseDate`) VALUES (98, '126C36BB-9C33-4BC5-9127-F941731DD0C8', 60, 73720.00 , 2175.00 , 225.00 , 750.00 , 1, 'Blue',  NULL, '2016-08-22');
INSERT into  `Production.ManufacturerVehicleStock` (`ManufacturerVehicleStockId`, `StockCode`, `ModelId`, `Cost`, `RepairsCharge`, `PartsCharge`, `DeliveryCharge`, `IsPremiumRoadHandlingPackage`, `VehicleColor`, `CustomerComment`, `PurchaseDate`) VALUES (97, '9CFAF367-ED4B-4A3E-8CB2-394F1F7A58C1', 10, 52400.00 , 500.00 , 750.00 , 750.00 , 1, 'Green',  NULL, '2016-08-22');
INSERT into  `Production.ManufacturerVehicleStock` (`ManufacturerVehicleStockId`, `StockCode`, `ModelId`, `Cost`, `RepairsCharge`, `PartsCharge`, `DeliveryCharge`, `IsPremiumRoadHandlingPackage`, `VehicleColor`, `CustomerComment`, `PurchaseDate`) VALUES (96, '170FAF32-4223-4806-B483-D89F4D38AC16', 63, 100000.00 , 500.00 , 2200.00 , 750.00 , 1, 'Green',  NULL, '2016-08-22');
INSERT into  `Production.ManufacturerVehicleStock` (`ManufacturerVehicleStockId`, `StockCode`, `ModelId`, `Cost`, `RepairsCharge`, `PartsCharge`, `DeliveryCharge`, `IsPremiumRoadHandlingPackage`, `VehicleColor`, `CustomerComment`, `PurchaseDate`) VALUES (95, '4C00023A-47C5-4F98-A9B1-F222EDE2F563', 57, 36720.00 , 500.00 , 500.00 , 550.00 , 0, 'Red',  NULL, '2016-08-20');
INSERT into  `Production.ManufacturerVehicleStock` (`ManufacturerVehicleStockId`, `StockCode`, `ModelId`, `Cost`, `RepairsCharge`, `PartsCharge`, `DeliveryCharge`, `IsPremiumRoadHandlingPackage`, `VehicleColor`, `CustomerComment`, `PurchaseDate`) VALUES (94, 'BC4D491E-764B-48AE-BEDC-07DE123B7200', 57, 61200.00 , 2000.00 , 750.00 , 750.00 , 1, 'Pink',  NULL, '2016-08-20');
INSERT into  `Production.ManufacturerVehicleStock` (`ManufacturerVehicleStockId`, `StockCode`, `ModelId`, `Cost`, `RepairsCharge`, `PartsCharge`, `DeliveryCharge`, `IsPremiumRoadHandlingPackage`, `VehicleColor`, `CustomerComment`, `PurchaseDate`) VALUES (93, '8C1E8506-711C-442A-89A4-EDA28EB5B788', 36, 15600.00 , 500.00 , 750.00 , 150.00 , 1, 'Night Blue',  NULL, '2016-08-11');
INSERT into  `Production.ManufacturerVehicleStock` (`ManufacturerVehicleStockId`, `StockCode`, `ModelId`, `Cost`, `RepairsCharge`, `PartsCharge`, `DeliveryCharge`, `IsPremiumRoadHandlingPackage`, `VehicleColor`, `CustomerComment`, `PurchaseDate`) VALUES (92, '98C3863B-7A70-4FAD-B3C7-2B5702956E18', 47, 36000.00 , 500.00 , 150.00 , 550.00 , 1, 'Red',  NULL, '2016-08-11');
INSERT into  `Production.ManufacturerVehicleStock` (`ManufacturerVehicleStockId`, `StockCode`, `ModelId`, `Cost`, `RepairsCharge`, `PartsCharge`, `DeliveryCharge`, `IsPremiumRoadHandlingPackage`, `VehicleColor`, `CustomerComment`, `PurchaseDate`) VALUES (91, '74F717DA-B4DA-44F2-857A-F062AC60052E', 67, 15600.00 , 660.00 , 750.00 , 150.00 , 1, 'Black',  NULL, '2016-08-11');
INSERT into  `Production.ManufacturerVehicleStock` (`ManufacturerVehicleStockId`, `StockCode`, `ModelId`, `Cost`, `RepairsCharge`, `PartsCharge`, `DeliveryCharge`, `IsPremiumRoadHandlingPackage`, `VehicleColor`, `CustomerComment`, `PurchaseDate`) VALUES (90, '6BF8C577-E615-4667-A48C-25E8D825AAC6', 89, 53200.00 , 2175.00 , 1500.00 , 750.00 , 1, 'British Racing Green',  NULL, '2016-08-10');
INSERT into  `Production.ManufacturerVehicleStock` (`ManufacturerVehicleStockId`, `StockCode`, `ModelId`, `Cost`, `RepairsCharge`, `PartsCharge`, `DeliveryCharge`, `IsPremiumRoadHandlingPackage`, `VehicleColor`, `CustomerComment`, `PurchaseDate`) VALUES (9, 'CEDFB8D2-BD98-4A08-BC46-406D23940527', 53, 60800.00 , 3250.00 , 750.00 , 750.00 , 0, 'Canary Yellow',  NULL, '2015-03-26');
INSERT into  `Production.ManufacturerVehicleStock` (`ManufacturerVehicleStockId`, `StockCode`, `ModelId`, `Cost`, `RepairsCharge`, `PartsCharge`, `DeliveryCharge`, `IsPremiumRoadHandlingPackage`, `VehicleColor`, `CustomerComment`, `PurchaseDate`) VALUES (89, '870C2B0A-A6AE-4F84-91EF-806C985A02E5', 97, 26880.00 , 500.00 , 500.00 , 550.00 , 1, 'Black',  NULL, '2016-08-10');
INSERT into  `Production.ManufacturerVehicleStock` (`ManufacturerVehicleStockId`, `StockCode`, `ModelId`, `Cost`, `RepairsCharge`, `PartsCharge`, `DeliveryCharge`, `IsPremiumRoadHandlingPackage`, `VehicleColor`, `CustomerComment`, `PurchaseDate`) VALUES (88, '420701D6-5F66-4885-8A72-8B54541965A6', 89, 13200.00 , 500.00 , 750.00 , 150.00 , 1, 'British Racing Green',  NULL, '2016-08-10');
INSERT into  `Production.ManufacturerVehicleStock` (`ManufacturerVehicleStockId`, `StockCode`, `ModelId`, `Cost`, `RepairsCharge`, `PartsCharge`, `DeliveryCharge`, `IsPremiumRoadHandlingPackage`, `VehicleColor`, `CustomerComment`, `PurchaseDate`) VALUES (87, 'E6E23C74-39AF-4A44-BAAE-7CD48B0F6161', 88, 63600.00 , 1490.00 , 750.00 , 750.00 , 1, 'Red',  NULL, '2016-08-10');
INSERT into  `Production.ManufacturerVehicleStock` (`ManufacturerVehicleStockId`, `StockCode`, `ModelId`, `Cost`, `RepairsCharge`, `PartsCharge`, `DeliveryCharge`, `IsPremiumRoadHandlingPackage`, `VehicleColor`, `CustomerComment`, `PurchaseDate`) VALUES (86, '4BFD3782-0B79-4F4E-981A-96CEF827497F', 28, 49200.00 , 1360.00 , 750.00 , 550.00 , 1, 'Red',  NULL, '2016-08-10');
INSERT into  `Production.ManufacturerVehicleStock` (`ManufacturerVehicleStockId`, `StockCode`, `ModelId`, `Cost`, `RepairsCharge`, `PartsCharge`, `DeliveryCharge`, `IsPremiumRoadHandlingPackage`, `VehicleColor`, `CustomerComment`, `PurchaseDate`) VALUES (85, '72EF5AA5-997C-4AC0-A32E-591D1E009818', 60, 10000.00 , 500.00 , 750.00 , 150.00 , 1, 'Dark Purple',  NULL, '2016-08-03');
INSERT into  `Production.ManufacturerVehicleStock` (`ManufacturerVehicleStockId`, `StockCode`, `ModelId`, `Cost`, `RepairsCharge`, `PartsCharge`, `DeliveryCharge`, `IsPremiumRoadHandlingPackage`, `VehicleColor`, `CustomerComment`, `PurchaseDate`) VALUES (84, 'BDC5E621-D976-478D-A620-A0751FCBEF96', 30, 79600.00 , 2000.00 , 750.00 , 750.00 , 1, 'Canary Yellow',  NULL, '2016-08-03');
INSERT into  `Production.ManufacturerVehicleStock` (`ManufacturerVehicleStockId`, `StockCode`, `ModelId`, `Cost`, `RepairsCharge`, `PartsCharge`, `DeliveryCharge`, `IsPremiumRoadHandlingPackage`, `VehicleColor`, `CustomerComment`, `PurchaseDate`) VALUES (83, 'F0235F1B-636C-4E8B-8617-927F45DA97DB', 65, 20400.00 , 660.00 , 750.00 , 150.00 , 1, 'Black',  NULL, '2016-08-03');
INSERT into  `Production.ManufacturerVehicleStock` (`ManufacturerVehicleStockId`, `StockCode`, `ModelId`, `Cost`, `RepairsCharge`, `PartsCharge`, `DeliveryCharge`, `IsPremiumRoadHandlingPackage`, `VehicleColor`, `CustomerComment`, `PurchaseDate`) VALUES (82, '5BE0098D-511F-4CF1-B87C-2CE2532F1B31', 53, 82000.00 , 2175.00 , 1500.00 , 750.00 , 1, 'Pink',  NULL, '2016-07-31');
INSERT into  `Production.ManufacturerVehicleStock` (`ManufacturerVehicleStockId`, `StockCode`, `ModelId`, `Cost`, `RepairsCharge`, `PartsCharge`, `DeliveryCharge`, `IsPremiumRoadHandlingPackage`, `VehicleColor`, `CustomerComment`, `PurchaseDate`) VALUES (81, '92D7DE8E-0BA7-4221-B2B1-A01F7FAFDD3E', 47, 5200.00 , 500.00 , 750.00 , 150.00 , 1, 'Black',  NULL, '2016-07-31');
INSERT into  `Production.ManufacturerVehicleStock` (`ManufacturerVehicleStockId`, `StockCode`, `ModelId`, `Cost`, `RepairsCharge`, `PartsCharge`, `DeliveryCharge`, `IsPremiumRoadHandlingPackage`, `VehicleColor`, `CustomerComment`, `PurchaseDate`) VALUES (80, '356EE84B-F4FD-4923-9423-D58E2863E9A1', 83, 36480.00 , 500.00 , 500.00 , 550.00 , 1, 'Dark Purple',  NULL, '2016-07-31');
INSERT into  `Production.ManufacturerVehicleStock` (`ManufacturerVehicleStockId`, `StockCode`, `ModelId`, `Cost`, `RepairsCharge`, `PartsCharge`, `DeliveryCharge`, `IsPremiumRoadHandlingPackage`, `VehicleColor`, `CustomerComment`, `PurchaseDate`) VALUES (8, 'E6E6270A-60B0-4817-AA57-17F26B2B8DAF', 87, 39600.00 , 2500.00 , 1500.00 , 550.00 , 1, 'Black', 'FAbulous motor!', '2015-03-15');
INSERT into  `Production.ManufacturerVehicleStock` (`ManufacturerVehicleStockId`, `StockCode`, `ModelId`, `Cost`, `RepairsCharge`, `PartsCharge`, `DeliveryCharge`, `IsPremiumRoadHandlingPackage`, `VehicleColor`, `CustomerComment`, `PurchaseDate`) VALUES (79, '7F08368D-B6EA-4DFC-A1EC-B1A1B0221F04', 56, 180000.00 , 5500.00 , 3150.00 , 1950.00 , 1, 'Black',  NULL, '2016-07-25');
INSERT into  `Production.ManufacturerVehicleStock` (`ManufacturerVehicleStockId`, `StockCode`, `ModelId`, `Cost`, `RepairsCharge`, `PartsCharge`, `DeliveryCharge`, `IsPremiumRoadHandlingPackage`, `VehicleColor`, `CustomerComment`, `PurchaseDate`) VALUES (78, '0B0E0FC2-E72B-4BD4-9C46-1AF98F17BEC4', 17, 10200.00 , 970.00 , 750.00 , 150.00 , 1, 'Blue',  NULL, '2016-07-25');
INSERT into  `Production.ManufacturerVehicleStock` (`ManufacturerVehicleStockId`, `StockCode`, `ModelId`, `Cost`, `RepairsCharge`, `PartsCharge`, `DeliveryCharge`, `IsPremiumRoadHandlingPackage`, `VehicleColor`, `CustomerComment`, `PurchaseDate`) VALUES (77, 'B5E7DD25-9D69-464C-9327-A8C5E706F534', 75, 11672.00 , 500.00 , 750.00 , 150.00 , 1, 'Silver',  NULL, '2016-07-25');
INSERT into  `Production.ManufacturerVehicleStock` (`ManufacturerVehicleStockId`, `StockCode`, `ModelId`, `Cost`, `RepairsCharge`, `PartsCharge`, `DeliveryCharge`, `IsPremiumRoadHandlingPackage`, `VehicleColor`, `CustomerComment`, `PurchaseDate`) VALUES (76, 'A1A4180E-B929-467D-91A6-73D2D0F34C65', 35, 63600.00 , 2000.00 , 1500.00 , 750.00 , 1, 'Blue',  NULL, '2016-07-25');
INSERT into  `Production.ManufacturerVehicleStock` (`ManufacturerVehicleStockId`, `StockCode`, `ModelId`, `Cost`, `RepairsCharge`, `PartsCharge`, `DeliveryCharge`, `IsPremiumRoadHandlingPackage`, `VehicleColor`, `CustomerComment`, `PurchaseDate`) VALUES (75, 'AAF61ECC-0BAC-4EAF-9E50-01749253329A', 96, 15600.00 , 1360.00 , 750.00 , 150.00 , 1, 'Night Blue',  NULL, '2016-07-09');
INSERT into  `Production.ManufacturerVehicleStock` (`ManufacturerVehicleStockId`, `StockCode`, `ModelId`, `Cost`, `RepairsCharge`, `PartsCharge`, `DeliveryCharge`, `IsPremiumRoadHandlingPackage`, `VehicleColor`, `CustomerComment`, `PurchaseDate`) VALUES (74, 'E00D10E9-7F7F-49A9-BDC0-4C2611580B4E', 100, 53200.00 , 1490.00 , 750.00 , 750.00 , 1, 'Black',  NULL, '2016-07-08');
INSERT into  `Production.ManufacturerVehicleStock` (`ManufacturerVehicleStockId`, `StockCode`, `ModelId`, `Cost`, `RepairsCharge`, `PartsCharge`, `DeliveryCharge`, `IsPremiumRoadHandlingPackage`, `VehicleColor`, `CustomerComment`, `PurchaseDate`) VALUES (73, '66C9034C-23A3-44F1-B946-2DDA65E684D8', 91, 164000.00 , 9250.00 , 750.00 , 1950.00 , 1, 'Black',  NULL, '2016-07-07');
INSERT into  `Production.ManufacturerVehicleStock` (`ManufacturerVehicleStockId`, `StockCode`, `ModelId`, `Cost`, `RepairsCharge`, `PartsCharge`, `DeliveryCharge`, `IsPremiumRoadHandlingPackage`, `VehicleColor`, `CustomerComment`, `PurchaseDate`) VALUES (72, 'B36188E4-3684-4337-91FE-84BB33736476', 73, 156000.00 , 3950.00 , 3150.00 , 1950.00 , 1, 'Black',  NULL, '2016-07-05');
INSERT into  `Production.ManufacturerVehicleStock` (`ManufacturerVehicleStockId`, `StockCode`, `ModelId`, `Cost`, `RepairsCharge`, `PartsCharge`, `DeliveryCharge`, `IsPremiumRoadHandlingPackage`, `VehicleColor`, `CustomerComment`, `PurchaseDate`) VALUES (71, '66CCEBEA-00EA-44B3-BBFE-AC5EC2DE456D', 30, 10000.00 , 500.00 , 750.00 , 150.00 , 1, 'British Racing Green',  NULL, '2016-07-03');
INSERT into  `Production.ManufacturerVehicleStock` (`ManufacturerVehicleStockId`, `StockCode`, `ModelId`, `Cost`, `RepairsCharge`, `PartsCharge`, `DeliveryCharge`, `IsPremiumRoadHandlingPackage`, `VehicleColor`, `CustomerComment`, `PurchaseDate`) VALUES (70, '1A210C04-C981-4EA4-83B9-A6E76B5B9BDB', 10, 39600.00 , 500.00 , 500.00 , 550.00 , 1, 'Silver',  NULL, '2016-07-03');
INSERT into  `Production.ManufacturerVehicleStock` (`ManufacturerVehicleStockId`, `StockCode`, `ModelId`, `Cost`, `RepairsCharge`, `PartsCharge`, `DeliveryCharge`, `IsPremiumRoadHandlingPackage`, `VehicleColor`, `CustomerComment`, `PurchaseDate`) VALUES (7, 'C1459308-7EA5-4A2D-82BC-38079BB4049B', 60, 23600.00 , 500.00 , 750.00 , 150.00 , 1, 'Night Blue',  NULL, '2015-03-05');
INSERT into  `Production.ManufacturerVehicleStock` (`ManufacturerVehicleStockId`, `StockCode`, `ModelId`, `Cost`, `RepairsCharge`, `PartsCharge`, `DeliveryCharge`, `IsPremiumRoadHandlingPackage`, `VehicleColor`, `CustomerComment`, `PurchaseDate`) VALUES (69, '521659A4-8FF2-441A-8D2E-C584D561301F', 55, 12520.00 , 500.00 , 225.00 , 150.00 , 1, 'Night Blue',  NULL, '2016-06-30');
INSERT into  `Production.ManufacturerVehicleStock` (`ManufacturerVehicleStockId`, `StockCode`, `ModelId`, `Cost`, `RepairsCharge`, `PartsCharge`, `DeliveryCharge`, `IsPremiumRoadHandlingPackage`, `VehicleColor`, `CustomerComment`, `PurchaseDate`) VALUES (68, '0BE222D6-9254-4FC8-892D-76563CA81F9B', 47, 79600.00 , 2175.00 , 750.00 , 750.00 , 1, 'Silver',  NULL, '2016-06-06');
INSERT into  `Production.ManufacturerVehicleStock` (`ManufacturerVehicleStockId`, `StockCode`, `ModelId`, `Cost`, `RepairsCharge`, `PartsCharge`, `DeliveryCharge`, `IsPremiumRoadHandlingPackage`, `VehicleColor`, `CustomerComment`, `PurchaseDate`) VALUES (67, '62611547-0F2D-41B1-BA32-E34AB67E10A3', 9, 26800.00 , 1360.00 , 750.00 , 550.00 , 0, 'Canary Yellow',  NULL, '2016-06-05');
INSERT into  `Production.ManufacturerVehicleStock` (`ManufacturerVehicleStockId`, `StockCode`, `ModelId`, `Cost`, `RepairsCharge`, `PartsCharge`, `DeliveryCharge`, `IsPremiumRoadHandlingPackage`, `VehicleColor`, `CustomerComment`, `PurchaseDate`) VALUES (66, 'D93AF620-4F69-475A-98ED-829E0F8A3A40', 85, 36400.00 , 500.00 , 750.00 , 550.00 , 1, 'Red',  NULL, '2016-06-04');
INSERT into  `Production.ManufacturerVehicleStock` (`ManufacturerVehicleStockId`, `StockCode`, `ModelId`, `Cost`, `RepairsCharge`, `PartsCharge`, `DeliveryCharge`, `IsPremiumRoadHandlingPackage`, `VehicleColor`, `CustomerComment`, `PurchaseDate`) VALUES (65, '54A66D7C-9E0B-40E9-B1B1-CA655F060CDE', 37, 23720.00 , 660.00 , 750.00 , 150.00 , 1, 'Red',  NULL, '2016-06-03');
INSERT into  `Production.ManufacturerVehicleStock` (`ManufacturerVehicleStockId`, `StockCode`, `ModelId`, `Cost`, `RepairsCharge`, `PartsCharge`, `DeliveryCharge`, `IsPremiumRoadHandlingPackage`, `VehicleColor`, `CustomerComment`, `PurchaseDate`) VALUES (64, '65F89D52-9B2D-4363-8A07-4A5CE90197DB', 3, 28000.00 , 500.00 , 750.00 , 550.00 , 1, 'Black',  NULL, '2016-06-02');
INSERT into  `Production.ManufacturerVehicleStock` (`ManufacturerVehicleStockId`, `StockCode`, `ModelId`, `Cost`, `RepairsCharge`, `PartsCharge`, `DeliveryCharge`, `IsPremiumRoadHandlingPackage`, `VehicleColor`, `CustomerComment`, `PurchaseDate`) VALUES (63, '18974E49-6B03-4C6E-BA0C-D564CFF868E0', 15, 62000.00 , 2000.00 , 1500.00 , 750.00 , 1, 'Dark Purple',  NULL, '2016-06-01');
INSERT into  `Production.ManufacturerVehicleStock` (`ManufacturerVehicleStockId`, `StockCode`, `ModelId`, `Cost`, `RepairsCharge`, `PartsCharge`, `DeliveryCharge`, `IsPremiumRoadHandlingPackage`, `VehicleColor`, `CustomerComment`, `PurchaseDate`) VALUES (62, '518125AE-9A67-45A6-B3FD-557C785796FC', 80, 17720.00 , 1360.00 , 750.00 , 150.00 , 1, 'Night Blue',  NULL, '2016-05-28');
INSERT into  `Production.ManufacturerVehicleStock` (`ManufacturerVehicleStockId`, `StockCode`, `ModelId`, `Cost`, `RepairsCharge`, `PartsCharge`, `DeliveryCharge`, `IsPremiumRoadHandlingPackage`, `VehicleColor`, `CustomerComment`, `PurchaseDate`) VALUES (61, '055F7639-30EA-4975-A8CB-29F5C1C1C48E', 78, 4400.00 , 500.00 , 750.00 , 150.00 , 1, 'Black',  NULL, '2016-05-28');
INSERT into  `Production.ManufacturerVehicleStock` (`ManufacturerVehicleStockId`, `StockCode`, `ModelId`, `Cost`, `RepairsCharge`, `PartsCharge`, `DeliveryCharge`, `IsPremiumRoadHandlingPackage`, `VehicleColor`, `CustomerComment`, `PurchaseDate`) VALUES (60, '4FFB74AD-C031-4BD9-9589-A87F462E6842', 48, 39664.00 , 660.00 , 500.00 , 550.00 , 1, 'Black',  NULL, '2016-05-28');
INSERT into  `Production.ManufacturerVehicleStock` (`ManufacturerVehicleStockId`, `StockCode`, `ModelId`, `Cost`, `RepairsCharge`, `PartsCharge`, `DeliveryCharge`, `IsPremiumRoadHandlingPackage`, `VehicleColor`, `CustomerComment`, `PurchaseDate`) VALUES (6, 'DE3096AD-76F9-4AAF-B2E1-49FA8E2C377F', 87, 176000.00 , 1000.00 , 3150.00 , 1950.00 , 1, 'Black',  NULL, '2015-03-03');
INSERT into  `Production.ManufacturerVehicleStock` (`ManufacturerVehicleStockId`, `StockCode`, `ModelId`, `Cost`, `RepairsCharge`, `PartsCharge`, `DeliveryCharge`, `IsPremiumRoadHandlingPackage`, `VehicleColor`, `CustomerComment`, `PurchaseDate`) VALUES (59, '8F278478-CA0B-4CDB-8F02-1A054AAE88A9', 41, 31600.00 , 2000.00 , 750.00 , 550.00 , 1, 'Black',  NULL, '2016-05-28');
INSERT into  `Production.ManufacturerVehicleStock` (`ManufacturerVehicleStockId`, `StockCode`, `ModelId`, `Cost`, `RepairsCharge`, `PartsCharge`, `DeliveryCharge`, `IsPremiumRoadHandlingPackage`, `VehicleColor`, `CustomerComment`, `PurchaseDate`) VALUES (58, 'D7BF8DD9-1841-4FDE-8469-66B09FA30A74', 43, 7960.00 , 500.00 , 750.00 , 150.00 , 1, 'Red',  NULL, '2016-05-25');
INSERT into  `Production.ManufacturerVehicleStock` (`ManufacturerVehicleStockId`, `StockCode`, `ModelId`, `Cost`, `RepairsCharge`, `PartsCharge`, `DeliveryCharge`, `IsPremiumRoadHandlingPackage`, `VehicleColor`, `CustomerComment`, `PurchaseDate`) VALUES (57, '7BABE805-CE07-4C06-AAF1-6B5D83645CD8', 85, 10000.00 , 500.00 , 750.00 , 150.00 , 1, 'Black',  NULL, '2016-05-11');
INSERT into  `Production.ManufacturerVehicleStock` (`ManufacturerVehicleStockId`, `StockCode`, `ModelId`, `Cost`, `RepairsCharge`, `PartsCharge`, `DeliveryCharge`, `IsPremiumRoadHandlingPackage`, `VehicleColor`, `CustomerComment`, `PurchaseDate`) VALUES (56, '07F0D746-085B-4FB9-9F82-6CEAC851FBC3', 77, 14000.00 , 1360.00 , 225.00 , 150.00 , 0, 'Green',  NULL, '2016-05-02');
INSERT into  `Production.ManufacturerVehicleStock` (`ManufacturerVehicleStockId`, `StockCode`, `ModelId`, `Cost`, `RepairsCharge`, `PartsCharge`, `DeliveryCharge`, `IsPremiumRoadHandlingPackage`, `VehicleColor`, `CustomerComment`, `PurchaseDate`) VALUES (55, '23E7F9FA-67D4-47C1-8D66-F1CFBC33540F', 20, 79600.00 , 500.00 , 750.00 , 750.00 , 1, 'Black',  NULL, '2016-05-02');
INSERT into  `Production.ManufacturerVehicleStock` (`ManufacturerVehicleStockId`, `StockCode`, `ModelId`, `Cost`, `RepairsCharge`, `PartsCharge`, `DeliveryCharge`, `IsPremiumRoadHandlingPackage`, `VehicleColor`, `CustomerComment`, `PurchaseDate`) VALUES (54, 'B165CAEF-FF77-4E63-98C1-59D97F97E7C9', 72, 14000.00 , 2000.00 , 500.00 , 150.00 , 1, 'British Racing Green',  NULL, '2016-04-29');
INSERT into  `Production.ManufacturerVehicleStock` (`ManufacturerVehicleStockId`, `StockCode`, `ModelId`, `Cost`, `RepairsCharge`, `PartsCharge`, `DeliveryCharge`, `IsPremiumRoadHandlingPackage`, `VehicleColor`, `CustomerComment`, `PurchaseDate`) VALUES (53, '11790E1E-859C-4E05-B6B3-6D72DDCC8DAE', 98, 82360.00 , 2175.00 , 2200.00 , 750.00 , 1, 'Black',  NULL, '2016-04-26');
INSERT into  `Production.ManufacturerVehicleStock` (`ManufacturerVehicleStockId`, `StockCode`, `ModelId`, `Cost`, `RepairsCharge`, `PartsCharge`, `DeliveryCharge`, `IsPremiumRoadHandlingPackage`, `VehicleColor`, `CustomerComment`, `PurchaseDate`) VALUES (52, '88AFBF67-13A6-4BC5-AE50-8C64F0F25453', 51, 176400.00 , 5500.00 , 3150.00 , 1950.00 , 0, 'Blue',  NULL, '2016-04-17');
INSERT into  `Production.ManufacturerVehicleStock` (`ManufacturerVehicleStockId`, `StockCode`, `ModelId`, `Cost`, `RepairsCharge`, `PartsCharge`, `DeliveryCharge`, `IsPremiumRoadHandlingPackage`, `VehicleColor`, `CustomerComment`, `PurchaseDate`) VALUES (51, 'A2112C27-FE1F-48C5-A3BE-A019EE17DDD6', 34, 2920.00 , 500.00 , 750.00 , 150.00 , 1, 'Green',  NULL, '2016-03-19');
INSERT into  `Production.ManufacturerVehicleStock` (`ManufacturerVehicleStockId`, `StockCode`, `ModelId`, `Cost`, `RepairsCharge`, `PartsCharge`, `DeliveryCharge`, `IsPremiumRoadHandlingPackage`, `VehicleColor`, `CustomerComment`, `PurchaseDate`) VALUES (50, 'A7A80CA3-06D6-40AF-A558-09146A650340', 92, 31600.00 , 500.00 , 1500.00 , 550.00 , 1, 'Green',  NULL, '2016-03-15');
INSERT into  `Production.ManufacturerVehicleStock` (`ManufacturerVehicleStockId`, `StockCode`, `ModelId`, `Cost`, `RepairsCharge`, `PartsCharge`, `DeliveryCharge`, `IsPremiumRoadHandlingPackage`, `VehicleColor`, `CustomerComment`, `PurchaseDate`) VALUES (5, '2189D556-D1C4-4BC1-B0C8-4053319E8E9D', 64, 15960.00 , 1360.00 , 500.00 , 150.00 , 1, 'Red',  NULL, '2015-01-01');
INSERT into  `Production.ManufacturerVehicleStock` (`ManufacturerVehicleStockId`, `StockCode`, `ModelId`, `Cost`, `RepairsCharge`, `PartsCharge`, `DeliveryCharge`, `IsPremiumRoadHandlingPackage`, `VehicleColor`, `CustomerComment`, `PurchaseDate`) VALUES (49, 'C82D133F-3442-464B-A16A-D5419A9E1CDF', 55, 125560.00 , 2000.00 , 750.00 , 1950.00 , 1, 'Red',  NULL, '2016-02-27');
INSERT into  `Production.ManufacturerVehicleStock` (`ManufacturerVehicleStockId`, `StockCode`, `ModelId`, `Cost`, `RepairsCharge`, `PartsCharge`, `DeliveryCharge`, `IsPremiumRoadHandlingPackage`, `VehicleColor`, `CustomerComment`, `PurchaseDate`) VALUES (48, '373B7D39-B5A3-4018-883C-AC81EF3B5D8F', 11, 38280.00 , 660.00 , 750.00 , 550.00 , 1, 'Red',  NULL, '2016-02-11');
INSERT into  `Production.ManufacturerVehicleStock` (`ManufacturerVehicleStockId`, `StockCode`, `ModelId`, `Cost`, `RepairsCharge`, `PartsCharge`, `DeliveryCharge`, `IsPremiumRoadHandlingPackage`, `VehicleColor`, `CustomerComment`, `PurchaseDate`) VALUES (47, '6C76FDEC-683F-45E1-B027-20ACFD2F501C', 71, 4800.00 , 500.00 , 750.00 , 150.00 , 1, 'British Racing Green',  NULL, '2016-02-10');
INSERT into  `Production.ManufacturerVehicleStock` (`ManufacturerVehicleStockId`, `StockCode`, `ModelId`, `Cost`, `RepairsCharge`, `PartsCharge`, `DeliveryCharge`, `IsPremiumRoadHandlingPackage`, `VehicleColor`, `CustomerComment`, `PurchaseDate`) VALUES (46, '53C088BA-6E14-4758-826A-56FC57D3EEDA', 29, 52712.00 , 1490.00 , 1500.00 , 750.00 , 1, 'Canary Yellow',  NULL, '2016-02-01');
INSERT into  `Production.ManufacturerVehicleStock` (`ManufacturerVehicleStockId`, `StockCode`, `ModelId`, `Cost`, `RepairsCharge`, `PartsCharge`, `DeliveryCharge`, `IsPremiumRoadHandlingPackage`, `VehicleColor`, `CustomerComment`, `PurchaseDate`) VALUES (45, 'A9D335E7-2389-4DE1-9484-DC4EC6BA81D4', 6, 44800.00 , 1360.00 , 500.00 , 550.00 , 1, 'British Racing Green',  NULL, '2016-01-31');
INSERT into  `Production.ManufacturerVehicleStock` (`ManufacturerVehicleStockId`, `StockCode`, `ModelId`, `Cost`, `RepairsCharge`, `PartsCharge`, `DeliveryCharge`, `IsPremiumRoadHandlingPackage`, `VehicleColor`, `CustomerComment`, `PurchaseDate`) VALUES (44, '98A92DA3-2B99-4625-998B-2BB2FBB8F167', 40, 45560.00 , 2000.00 , 750.00 , 550.00 , 0, 'Pink',  NULL, '2016-01-10');
INSERT into  `Production.ManufacturerVehicleStock` (`ManufacturerVehicleStockId`, `StockCode`, `ModelId`, `Cost`, `RepairsCharge`, `PartsCharge`, `DeliveryCharge`, `IsPremiumRoadHandlingPackage`, `VehicleColor`, `CustomerComment`, `PurchaseDate`) VALUES (43, '281946B6-D061-455A-801B-A0EDF3E37530', 50, 10120.00 , 500.00 , 750.00 , 150.00 , 1, 'Night Blue',  NULL, '2016-01-02');
INSERT into  `Production.ManufacturerVehicleStock` (`ManufacturerVehicleStockId`, `StockCode`, `ModelId`, `Cost`, `RepairsCharge`, `PartsCharge`, `DeliveryCharge`, `IsPremiumRoadHandlingPackage`, `VehicleColor`, `CustomerComment`, `PurchaseDate`) VALUES (42, '3F3BED8D-1203-4D3E-8AC0-3ACAC73BDE17', 58, 23600.00 , 1360.00 , 500.00 , 150.00 , 0, 'Black',  NULL, '2016-01-02');
INSERT into  `Production.ManufacturerVehicleStock` (`ManufacturerVehicleStockId`, `StockCode`, `ModelId`, `Cost`, `RepairsCharge`, `PartsCharge`, `DeliveryCharge`, `IsPremiumRoadHandlingPackage`, `VehicleColor`, `CustomerComment`, `PurchaseDate`) VALUES (41, '486C65E8-5CB9-4A33-9507-E2E5E3CB91CC', 17, 2040.00 , 500.00 , 750.00 , 150.00 , 1, 'British Racing Green',  NULL, '2016-01-02');
INSERT into  `Production.ManufacturerVehicleStock` (`ManufacturerVehicleStockId`, `StockCode`, `ModelId`, `Cost`, `RepairsCharge`, `PartsCharge`, `DeliveryCharge`, `IsPremiumRoadHandlingPackage`, `VehicleColor`, `CustomerComment`, `PurchaseDate`) VALUES (40, '202B3C90-188F-413E-A44A-B99F16F03464', 17, 132000.00 , 3950.00 , 2200.00 , 1950.00 , 1, 'Night Blue',  NULL, '2015-12-25');
INSERT into  `Production.ManufacturerVehicleStock` (`ManufacturerVehicleStockId`, `StockCode`, `ModelId`, `Cost`, `RepairsCharge`, `PartsCharge`, `DeliveryCharge`, `IsPremiumRoadHandlingPackage`, `VehicleColor`, `CustomerComment`, `PurchaseDate`) VALUES (4, '72443561-FAC4-4C25-B8FF-0C47361DDE2D', 4, 9200.00 , 500.00 , 750.00 , 150.00 , 1, 'British Racing Green',  NULL, '2015-02-14');
INSERT into  `Production.ManufacturerVehicleStock` (`ManufacturerVehicleStockId`, `StockCode`, `ModelId`, `Cost`, `RepairsCharge`, `PartsCharge`, `DeliveryCharge`, `IsPremiumRoadHandlingPackage`, `VehicleColor`, `CustomerComment`, `PurchaseDate`) VALUES (394, 'C7569243-BDDB-4250-901E-EA6034824106', 60, 116000.00 , 3950.00 , 750.00 , 1950.00 , 1, 'Black',  NULL, '2018-12-31');
INSERT into  `Production.ManufacturerVehicleStock` (`ManufacturerVehicleStockId`, `StockCode`, `ModelId`, `Cost`, `RepairsCharge`, `PartsCharge`, `DeliveryCharge`, `IsPremiumRoadHandlingPackage`, `VehicleColor`, `CustomerComment`, `PurchaseDate`) VALUES (393, 'C2623FF4-88AA-40E9-AF3B-8D009C25027B', 34, 760.00 , 500.00 , 750.00 , 150.00 , 1, 'Black',  NULL, '2018-12-31');
INSERT into  `Production.ManufacturerVehicleStock` (`ManufacturerVehicleStockId`, `StockCode`, `ModelId`, `Cost`, `RepairsCharge`, `PartsCharge`, `DeliveryCharge`, `IsPremiumRoadHandlingPackage`, `VehicleColor`, `CustomerComment`, `PurchaseDate`) VALUES (392, '2E0E8003-F9CC-486D-9D08-D4DAC688C800', 31, 4400.00 , 500.00 , 750.00 , 150.00 , 1, 'Black',  NULL, '2018-12-31');
INSERT into  `Production.ManufacturerVehicleStock` (`ManufacturerVehicleStockId`, `StockCode`, `ModelId`, `Cost`, `RepairsCharge`, `PartsCharge`, `DeliveryCharge`, `IsPremiumRoadHandlingPackage`, `VehicleColor`, `CustomerComment`, `PurchaseDate`) VALUES (391, 'F166C930-3101-42E9-8AE8-189F47FA0014', 33, 14360.00 , 2000.00 , 1050.00 , 150.00 , 1, 'Night Blue',  NULL, '2018-12-16');
INSERT into  `Production.ManufacturerVehicleStock` (`ManufacturerVehicleStockId`, `StockCode`, `ModelId`, `Cost`, `RepairsCharge`, `PartsCharge`, `DeliveryCharge`, `IsPremiumRoadHandlingPackage`, `VehicleColor`, `CustomerComment`, `PurchaseDate`) VALUES (390, '6556A473-CE18-428F-8F33-955E80FBA888', 87, 9200.00 , 500.00 , 750.00 , 150.00 , 1, 'Black',  NULL, '2018-12-15');
INSERT into  `Production.ManufacturerVehicleStock` (`ManufacturerVehicleStockId`, `StockCode`, `ModelId`, `Cost`, `RepairsCharge`, `PartsCharge`, `DeliveryCharge`, `IsPremiumRoadHandlingPackage`, `VehicleColor`, `CustomerComment`, `PurchaseDate`) VALUES (39, 'A926BB6C-FC26-4EBB-997E-2DF7EDC48E92', 16, 127600.00 , 2000.00 , 3150.00 , 1950.00 , 1, 'Silver',  NULL, '2015-12-24');
INSERT into  `Production.ManufacturerVehicleStock` (`ManufacturerVehicleStockId`, `StockCode`, `ModelId`, `Cost`, `RepairsCharge`, `PartsCharge`, `DeliveryCharge`, `IsPremiumRoadHandlingPackage`, `VehicleColor`, `CustomerComment`, `PurchaseDate`) VALUES (389, '3C384AE3-7F59-4CD6-BAFE-5E6EFFD25FAD', 92, 1272.00 , 500.00 , 750.00 , 150.00 , 1, 'Black',  NULL, '2018-12-07');
INSERT into  `Production.ManufacturerVehicleStock` (`ManufacturerVehicleStockId`, `StockCode`, `ModelId`, `Cost`, `RepairsCharge`, `PartsCharge`, `DeliveryCharge`, `IsPremiumRoadHandlingPackage`, `VehicleColor`, `CustomerComment`, `PurchaseDate`) VALUES (388, 'CD2E20D3-1A10-4460-AC3B-FAC658F5F6F4', 90, 43600.00 , 970.00 , 289.00 , 550.00 , 1, 'Black',  NULL, '2018-12-07');
INSERT into  `Production.ManufacturerVehicleStock` (`ManufacturerVehicleStockId`, `StockCode`, `ModelId`, `Cost`, `RepairsCharge`, `PartsCharge`, `DeliveryCharge`, `IsPremiumRoadHandlingPackage`, `VehicleColor`, `CustomerComment`, `PurchaseDate`) VALUES (387, '5D7C9AA9-F0C7-4F8E-8524-6481BE3CC62E', 27, 79600.00 , 1490.00 , 750.00 , 750.00 , 1, 'Night Blue',  NULL, '2018-12-05');
INSERT into  `Production.ManufacturerVehicleStock` (`ManufacturerVehicleStockId`, `StockCode`, `ModelId`, `Cost`, `RepairsCharge`, `PartsCharge`, `DeliveryCharge`, `IsPremiumRoadHandlingPackage`, `VehicleColor`, `CustomerComment`, `PurchaseDate`) VALUES (386, '92FDF39E-6565-4B68-80BA-02ED30F00A7E', 41, 98800.00 , 2000.00 , 3150.00 , 750.00 , 1, 'Black',  NULL, '2018-12-01');
INSERT into  `Production.ManufacturerVehicleStock` (`ManufacturerVehicleStockId`, `StockCode`, `ModelId`, `Cost`, `RepairsCharge`, `PartsCharge`, `DeliveryCharge`, `IsPremiumRoadHandlingPackage`, `VehicleColor`, `CustomerComment`, `PurchaseDate`) VALUES (385, '0487C263-79B7-4F2B-8D0E-B0BAA41D7F24', 13, 47600.00 , 500.00 , 500.00 , 550.00 , 1, 'Black',  NULL, '2018-12-01');
INSERT into  `Production.ManufacturerVehicleStock` (`ManufacturerVehicleStockId`, `StockCode`, `ModelId`, `Cost`, `RepairsCharge`, `PartsCharge`, `DeliveryCharge`, `IsPremiumRoadHandlingPackage`, `VehicleColor`, `CustomerComment`, `PurchaseDate`) VALUES (384, 'E6923E8C-C07A-430F-B80D-7D5F329055AB', 58, 6800.00 , 500.00 , 750.00 , 150.00 , 1, 'Red',  NULL, '2018-11-01');
INSERT into  `Production.ManufacturerVehicleStock` (`ManufacturerVehicleStockId`, `StockCode`, `ModelId`, `Cost`, `RepairsCharge`, `PartsCharge`, `DeliveryCharge`, `IsPremiumRoadHandlingPackage`, `VehicleColor`, `CustomerComment`, `PurchaseDate`) VALUES (383, 'E519F3CF-BE4B-44CF-98D5-80EC33EC6CE1', 61, 9272.00 , 500.00 , 250.00 , 150.00 , 1, 'Black',  NULL, '2018-11-01');
INSERT into  `Production.ManufacturerVehicleStock` (`ManufacturerVehicleStockId`, `StockCode`, `ModelId`, `Cost`, `RepairsCharge`, `PartsCharge`, `DeliveryCharge`, `IsPremiumRoadHandlingPackage`, `VehicleColor`, `CustomerComment`, `PurchaseDate`) VALUES (382, '98828061-0C7A-42C2-95D0-3095AD2EF0E4', 63, 7120.00 , 500.00 , 750.00 , 150.00 , 1, 'British Racing Green',  NULL, '2018-11-01');
INSERT into  `Production.ManufacturerVehicleStock` (`ManufacturerVehicleStockId`, `StockCode`, `ModelId`, `Cost`, `RepairsCharge`, `PartsCharge`, `DeliveryCharge`, `IsPremiumRoadHandlingPackage`, `VehicleColor`, `CustomerComment`, `PurchaseDate`) VALUES (381, 'F287EE1D-48C6-4E75-9595-E0AE235FBEA8', 65, 7600.00 , 500.00 , 330.00 , 150.00 , 1, 'Green',  NULL, '2018-11-01');
INSERT into  `Production.ManufacturerVehicleStock` (`ManufacturerVehicleStockId`, `StockCode`, `ModelId`, `Cost`, `RepairsCharge`, `PartsCharge`, `DeliveryCharge`, `IsPremiumRoadHandlingPackage`, `VehicleColor`, `CustomerComment`, `PurchaseDate`) VALUES (380, '7461FB42-ECE2-4C8C-BDBB-EF26AF3069F9', 51, 7600.00 , 500.00 , 750.00 , 150.00 , 1, 'Green',  NULL, '2018-10-29');
INSERT into  `Production.ManufacturerVehicleStock` (`ManufacturerVehicleStockId`, `StockCode`, `ModelId`, `Cost`, `RepairsCharge`, `PartsCharge`, `DeliveryCharge`, `IsPremiumRoadHandlingPackage`, `VehicleColor`, `CustomerComment`, `PurchaseDate`) VALUES (38, 'E264504D-3451-4670-AAB8-E4C66F2387B0', 8, 10000.00 , 500.00 , 750.00 , 150.00 , 1, 'Black',  NULL, '2015-12-23');
INSERT into  `Production.ManufacturerVehicleStock` (`ManufacturerVehicleStockId`, `StockCode`, `ModelId`, `Cost`, `RepairsCharge`, `PartsCharge`, `DeliveryCharge`, `IsPremiumRoadHandlingPackage`, `VehicleColor`, `CustomerComment`, `PurchaseDate`) VALUES (379, 'CF66838B-8A21-4084-9771-07A82CDBEBD8', 59, 7160.00 , 500.00 , 228.00 , 150.00 , 1, 'Dark Purple',  NULL, '2018-10-29');
INSERT into  `Production.ManufacturerVehicleStock` (`ManufacturerVehicleStockId`, `StockCode`, `ModelId`, `Cost`, `RepairsCharge`, `PartsCharge`, `DeliveryCharge`, `IsPremiumRoadHandlingPackage`, `VehicleColor`, `CustomerComment`, `PurchaseDate`) VALUES (378, '1C9E6944-A890-4D7B-8F98-32B7276A78B3', 69, 47200.00 , 2000.00 , 750.00 , 550.00 , 0, 'Blue',  NULL, '2018-10-29');
INSERT into  `Production.ManufacturerVehicleStock` (`ManufacturerVehicleStockId`, `StockCode`, `ModelId`, `Cost`, `RepairsCharge`, `PartsCharge`, `DeliveryCharge`, `IsPremiumRoadHandlingPackage`, `VehicleColor`, `CustomerComment`, `PurchaseDate`) VALUES (377, 'E166158C-F3BA-47DE-A499-A703210CF128', 4, 23600.00 , 660.00 , 750.00 , 150.00 , 1, 'Black',  NULL, '2018-10-29');
INSERT into  `Production.ManufacturerVehicleStock` (`ManufacturerVehicleStockId`, `StockCode`, `ModelId`, `Cost`, `RepairsCharge`, `PartsCharge`, `DeliveryCharge`, `IsPremiumRoadHandlingPackage`, `VehicleColor`, `CustomerComment`, `PurchaseDate`) VALUES (376, '436E43FB-E015-48E4-B549-33F4A0EE8D3F', 43, 20760.00 , 1360.00 , 457.00 , 150.00 , 1, 'Black',  NULL, '2018-10-29');
INSERT into  `Production.ManufacturerVehicleStock` (`ManufacturerVehicleStockId`, `StockCode`, `ModelId`, `Cost`, `RepairsCharge`, `PartsCharge`, `DeliveryCharge`, `IsPremiumRoadHandlingPackage`, `VehicleColor`, `CustomerComment`, `PurchaseDate`) VALUES (375, '91B4067A-EBDE-4C1E-9370-3E894FD2FD7D', 18, 14280.00 , 970.00 , 750.00 , 150.00 , 1, 'Black',  NULL, '2018-10-29');
INSERT into  `Production.ManufacturerVehicleStock` (`ManufacturerVehicleStockId`, `StockCode`, `ModelId`, `Cost`, `RepairsCharge`, `PartsCharge`, `DeliveryCharge`, `IsPremiumRoadHandlingPackage`, `VehicleColor`, `CustomerComment`, `PurchaseDate`) VALUES (374, '0E2AECED-5A41-412A-9414-DE7217C0B6EB', 71, 69200.00 , 2175.00 , 750.00 , 750.00 , 1, 'Red',  NULL, '2018-10-29');
INSERT into  `Production.ManufacturerVehicleStock` (`ManufacturerVehicleStockId`, `StockCode`, `ModelId`, `Cost`, `RepairsCharge`, `PartsCharge`, `DeliveryCharge`, `IsPremiumRoadHandlingPackage`, `VehicleColor`, `CustomerComment`, `PurchaseDate`) VALUES (373, '2D512849-C35D-4B54-BDC8-C5523C1ABF86', 45, 44000.00 , 500.00 , 457.00 , 550.00 , 1, 'Black',  NULL, '2018-10-29');
INSERT into  `Production.ManufacturerVehicleStock` (`ManufacturerVehicleStockId`, `StockCode`, `ModelId`, `Cost`, `RepairsCharge`, `PartsCharge`, `DeliveryCharge`, `IsPremiumRoadHandlingPackage`, `VehicleColor`, `CustomerComment`, `PurchaseDate`) VALUES (372, '30EC553A-ADEA-4503-B748-C908A979EC45', 92, 17880.00 , 970.00 , 750.00 , 150.00 , 1, 'Black',  NULL, '2018-10-29');
INSERT into  `Production.ManufacturerVehicleStock` (`ManufacturerVehicleStockId`, `StockCode`, `ModelId`, `Cost`, `RepairsCharge`, `PartsCharge`, `DeliveryCharge`, `IsPremiumRoadHandlingPackage`, `VehicleColor`, `CustomerComment`, `PurchaseDate`) VALUES (371, '6FF2BEFA-53A6-40CB-A427-ECD8197D0CC5', 30, 24400.00 , 1360.00 , 750.00 , 150.00 , 1, 'Black',  NULL, '2018-10-10');
INSERT into  `Production.ManufacturerVehicleStock` (`ManufacturerVehicleStockId`, `StockCode`, `ModelId`, `Cost`, `RepairsCharge`, `PartsCharge`, `DeliveryCharge`, `IsPremiumRoadHandlingPackage`, `VehicleColor`, `CustomerComment`, `PurchaseDate`) VALUES (370, '3C17F01C-25FF-463B-86AA-1A34FEA02FF2', 72, 45592.00 , 970.00 , 457.00 , 550.00 , 1, 'Black',  NULL, '2018-10-10');
INSERT into  `Production.ManufacturerVehicleStock` (`ManufacturerVehicleStockId`, `StockCode`, `ModelId`, `Cost`, `RepairsCharge`, `PartsCharge`, `DeliveryCharge`, `IsPremiumRoadHandlingPackage`, `VehicleColor`, `CustomerComment`, `PurchaseDate`) VALUES (37, '5CCF4F6B-43B3-4C7F-B674-6CAFD056E52A', 80, 10000.00 , 500.00 , 225.00 , 150.00 , 1, 'Silver',  NULL, '2015-12-22');
INSERT into  `Production.ManufacturerVehicleStock` (`ManufacturerVehicleStockId`, `StockCode`, `ModelId`, `Cost`, `RepairsCharge`, `PartsCharge`, `DeliveryCharge`, `IsPremiumRoadHandlingPackage`, `VehicleColor`, `CustomerComment`, `PurchaseDate`) VALUES (369, '3BDD9316-9359-464B-B98E-308494AD3056', 41, 36000.00 , 500.00 , 750.00 , 550.00 , 1, 'Silver',  NULL, '2018-10-10');
INSERT into  `Production.ManufacturerVehicleStock` (`ManufacturerVehicleStockId`, `StockCode`, `ModelId`, `Cost`, `RepairsCharge`, `PartsCharge`, `DeliveryCharge`, `IsPremiumRoadHandlingPackage`, `VehicleColor`, `CustomerComment`, `PurchaseDate`) VALUES (368, '6AE8BA09-AE75-4CA4-81EE-6CD2B3947120', 85, 55600.00 , 2000.00 , 457.00 , 750.00 , 1, 'Blue',  NULL, '2018-10-01');
INSERT into  `Production.ManufacturerVehicleStock` (`ManufacturerVehicleStockId`, `StockCode`, `ModelId`, `Cost`, `RepairsCharge`, `PartsCharge`, `DeliveryCharge`, `IsPremiumRoadHandlingPackage`, `VehicleColor`, `CustomerComment`, `PurchaseDate`) VALUES (367, '0A059F54-46DE-4A25-8B5D-D7373AEE6F91', 98, 2000.00 , 500.00 , 750.00 , 150.00 , 1, 'Blue',  NULL, '2018-10-01');
INSERT into  `Production.ManufacturerVehicleStock` (`ManufacturerVehicleStockId`, `StockCode`, `ModelId`, `Cost`, `RepairsCharge`, `PartsCharge`, `DeliveryCharge`, `IsPremiumRoadHandlingPackage`, `VehicleColor`, `CustomerComment`, `PurchaseDate`) VALUES (366, '1D5C9493-4BA2-415A-B4D6-7079278CA2DC', 99, 1560.00 , 500.00 , 750.00 , 150.00 , 1, 'Red',  NULL, '2018-10-01');
INSERT into  `Production.ManufacturerVehicleStock` (`ManufacturerVehicleStockId`, `StockCode`, `ModelId`, `Cost`, `RepairsCharge`, `PartsCharge`, `DeliveryCharge`, `IsPremiumRoadHandlingPackage`, `VehicleColor`, `CustomerComment`, `PurchaseDate`) VALUES (365, 'C8F49B5E-EDDB-42D0-BE0F-8C4181A6C81D', 46, 920.00 , 500.00 , 750.00 , 150.00 , 1, 'Red',  NULL, '2018-09-30');
INSERT into  `Production.ManufacturerVehicleStock` (`ManufacturerVehicleStockId`, `StockCode`, `ModelId`, `Cost`, `RepairsCharge`, `PartsCharge`, `DeliveryCharge`, `IsPremiumRoadHandlingPackage`, `VehicleColor`, `CustomerComment`, `PurchaseDate`) VALUES (364, 'A3E788F8-889C-45E1-A610-881983869F6B', 91, 10000.00 , 500.00 , 457.00 , 150.00 , 1, 'Pink',  NULL, '2018-09-10');
INSERT into  `Production.ManufacturerVehicleStock` (`ManufacturerVehicleStockId`, `StockCode`, `ModelId`, `Cost`, `RepairsCharge`, `PartsCharge`, `DeliveryCharge`, `IsPremiumRoadHandlingPackage`, `VehicleColor`, `CustomerComment`, `PurchaseDate`) VALUES (363, 'E8FF8444-2B18-45A0-84AC-F776755E06ED', 71, 31600.00 , 970.00 , 750.00 , 550.00 , 1, 'Night Blue',  NULL, '2018-09-10');
INSERT into  `Production.ManufacturerVehicleStock` (`ManufacturerVehicleStockId`, `StockCode`, `ModelId`, `Cost`, `RepairsCharge`, `PartsCharge`, `DeliveryCharge`, `IsPremiumRoadHandlingPackage`, `VehicleColor`, `CustomerComment`, `PurchaseDate`) VALUES (362, 'D0F51768-8924-4EF5-A3E9-B31AC7129BFB', 49, 20400.00 , 1360.00 , 750.00 , 150.00 , 1, 'Dark Purple',  NULL, '2018-09-10');
INSERT into  `Production.ManufacturerVehicleStock` (`ManufacturerVehicleStockId`, `StockCode`, `ModelId`, `Cost`, `RepairsCharge`, `PartsCharge`, `DeliveryCharge`, `IsPremiumRoadHandlingPackage`, `VehicleColor`, `CustomerComment`, `PurchaseDate`) VALUES (361, '1A861C29-F198-4D34-BDAF-B35E8080320A', 15, 20000.00 , 1360.00 , 457.00 , 150.00 , 1, 'Green',  NULL, '2018-09-10');
INSERT into  `Production.ManufacturerVehicleStock` (`ManufacturerVehicleStockId`, `StockCode`, `ModelId`, `Cost`, `RepairsCharge`, `PartsCharge`, `DeliveryCharge`, `IsPremiumRoadHandlingPackage`, `VehicleColor`, `CustomerComment`, `PurchaseDate`) VALUES (360, '51784E0D-09DB-4A40-8E92-CB09A0DE4444', 11, 24400.00 , 1360.00 , 750.00 , 150.00 , 1, 'Silver',  NULL, '2018-09-01');
INSERT into  `Production.ManufacturerVehicleStock` (`ManufacturerVehicleStockId`, `StockCode`, `ModelId`, `Cost`, `RepairsCharge`, `PartsCharge`, `DeliveryCharge`, `IsPremiumRoadHandlingPackage`, `VehicleColor`, `CustomerComment`, `PurchaseDate`) VALUES (36, '0CC75388-9A95-4F14-8D9A-8373E3B44D8A', 2, 55600.00 , 1490.00 , 1500.00 , 750.00 , 1, 'Silver',  NULL, '2015-11-11');
INSERT into  `Production.ManufacturerVehicleStock` (`ManufacturerVehicleStockId`, `StockCode`, `ModelId`, `Cost`, `RepairsCharge`, `PartsCharge`, `DeliveryCharge`, `IsPremiumRoadHandlingPackage`, `VehicleColor`, `CustomerComment`, `PurchaseDate`) VALUES (359, 'DB742D0B-E562-41F4-AC94-8C58C2B0B69C', 19, 26880.00 , 2000.00 , 457.00 , 550.00 , 1, 'Dark Purple',  NULL, '2018-09-01');
INSERT into  `Production.ManufacturerVehicleStock` (`ManufacturerVehicleStockId`, `StockCode`, `ModelId`, `Cost`, `RepairsCharge`, `PartsCharge`, `DeliveryCharge`, `IsPremiumRoadHandlingPackage`, `VehicleColor`, `CustomerComment`, `PurchaseDate`) VALUES (358, '73FB2744-5AD9-42DC-A29C-B9B2FEF8353C', 91, 45512.00 , 1360.00 , 750.00 , 550.00 , 1, 'Silver',  NULL, '2018-09-01');
INSERT into  `Production.ManufacturerVehicleStock` (`ManufacturerVehicleStockId`, `StockCode`, `ModelId`, `Cost`, `RepairsCharge`, `PartsCharge`, `DeliveryCharge`, `IsPremiumRoadHandlingPackage`, `VehicleColor`, `CustomerComment`, `PurchaseDate`) VALUES (357, '47693731-F213-4E60-97D6-115A7BD83259', 73, 50000.00 , 500.00 , 225.00 , 550.00 , 1, 'Canary Yellow',  NULL, '2018-09-01');
INSERT into  `Production.ManufacturerVehicleStock` (`ManufacturerVehicleStockId`, `StockCode`, `ModelId`, `Cost`, `RepairsCharge`, `PartsCharge`, `DeliveryCharge`, `IsPremiumRoadHandlingPackage`, `VehicleColor`, `CustomerComment`, `PurchaseDate`) VALUES (356, 'C8C871B4-F08D-445A-BCD1-ACFEC616A113', 63, 45560.00 , 970.00 , 750.00 , 550.00 , 0, 'Red',  NULL, '2018-08-31');
INSERT into  `Production.ManufacturerVehicleStock` (`ManufacturerVehicleStockId`, `StockCode`, `ModelId`, `Cost`, `RepairsCharge`, `PartsCharge`, `DeliveryCharge`, `IsPremiumRoadHandlingPackage`, `VehicleColor`, `CustomerComment`, `PurchaseDate`) VALUES (355, 'A44EE0A0-B924-4B29-9C05-BA4BFADE084B', 29, 58000.00 , 1490.00 , 225.00 , 750.00 , 1, 'British Racing Green',  NULL, '2018-08-31');
INSERT into  `Production.ManufacturerVehicleStock` (`ManufacturerVehicleStockId`, `StockCode`, `ModelId`, `Cost`, `RepairsCharge`, `PartsCharge`, `DeliveryCharge`, `IsPremiumRoadHandlingPackage`, `VehicleColor`, `CustomerComment`, `PurchaseDate`) VALUES (354, 'B8498BEE-D1C5-4D93-981F-640031A3AE6C', 24, 71600.00 , 1490.00 , 750.00 , 750.00 , 1, 'Dark Purple',  NULL, '2018-08-31');
INSERT into  `Production.ManufacturerVehicleStock` (`ManufacturerVehicleStockId`, `StockCode`, `ModelId`, `Cost`, `RepairsCharge`, `PartsCharge`, `DeliveryCharge`, `IsPremiumRoadHandlingPackage`, `VehicleColor`, `CustomerComment`, `PurchaseDate`) VALUES (353, 'EE92EE4A-977E-4BC6-BEFF-512CC468944C', 54, 45440.00 , 500.00 , 750.00 , 550.00 , 1, 'Silver',  NULL, '2018-08-02');
INSERT into  `Production.ManufacturerVehicleStock` (`ManufacturerVehicleStockId`, `StockCode`, `ModelId`, `Cost`, `RepairsCharge`, `PartsCharge`, `DeliveryCharge`, `IsPremiumRoadHandlingPackage`, `VehicleColor`, `CustomerComment`, `PurchaseDate`) VALUES (352, '480D88A9-B1E5-4A79-9D2C-C1050C6DA00A', 59, 79600.00 , 2000.00 , 750.00 , 750.00 , 1, 'Silver',  NULL, '2018-08-02');
INSERT into  `Production.ManufacturerVehicleStock` (`ManufacturerVehicleStockId`, `StockCode`, `ModelId`, `Cost`, `RepairsCharge`, `PartsCharge`, `DeliveryCharge`, `IsPremiumRoadHandlingPackage`, `VehicleColor`, `CustomerComment`, `PurchaseDate`) VALUES (351, '3D2E9AD0-972B-4A09-895F-1833655CFB21', 1, 44000.00 , 1360.00 , 1500.00 , 550.00 , 1, 'Blue',  NULL, '2018-08-02');
INSERT into  `Production.ManufacturerVehicleStock` (`ManufacturerVehicleStockId`, `StockCode`, `ModelId`, `Cost`, `RepairsCharge`, `PartsCharge`, `DeliveryCharge`, `IsPremiumRoadHandlingPackage`, `VehicleColor`, `CustomerComment`, `PurchaseDate`) VALUES (350, '4EE854BF-A9DD-453B-815E-E0692A75A969', 100, 49240.00 , 660.00 , 750.00 , 550.00 , 1, 'Black',  NULL, '2018-08-02');
INSERT into  `Production.ManufacturerVehicleStock` (`ManufacturerVehicleStockId`, `StockCode`, `ModelId`, `Cost`, `RepairsCharge`, `PartsCharge`, `DeliveryCharge`, `IsPremiumRoadHandlingPackage`, `VehicleColor`, `CustomerComment`, `PurchaseDate`) VALUES (35, 'F2DE934E-62C3-45F6-AFA8-2FFA963F5360', 86, 18360.00 , 500.00 , 750.00 , 150.00 , 1, 'Black',  NULL, '2015-11-01');
INSERT into  `Production.ManufacturerVehicleStock` (`ManufacturerVehicleStockId`, `StockCode`, `ModelId`, `Cost`, `RepairsCharge`, `PartsCharge`, `DeliveryCharge`, `IsPremiumRoadHandlingPackage`, `VehicleColor`, `CustomerComment`, `PurchaseDate`) VALUES (349, 'F4443E46-3EAC-4C10-902C-71257DEEE229', 97, 31600.00 , 970.00 , 750.00 , 550.00 , 1, 'Blue',  NULL, '2018-08-02');
INSERT into  `Production.ManufacturerVehicleStock` (`ManufacturerVehicleStockId`, `StockCode`, `ModelId`, `Cost`, `RepairsCharge`, `PartsCharge`, `DeliveryCharge`, `IsPremiumRoadHandlingPackage`, `VehicleColor`, `CustomerComment`, `PurchaseDate`) VALUES (348, '2A27FF01-DC3C-4FE2-AC8C-9145C29F651C', 74, 82000.00 , 2175.00 , 1500.00 , 750.00 , 1, 'Black',  NULL, '2018-08-01');
INSERT into  `Production.ManufacturerVehicleStock` (`ManufacturerVehicleStockId`, `StockCode`, `ModelId`, `Cost`, `RepairsCharge`, `PartsCharge`, `DeliveryCharge`, `IsPremiumRoadHandlingPackage`, `VehicleColor`, `CustomerComment`, `PurchaseDate`) VALUES (347, '47572651-C884-4C1D-A433-E8641A1A1172', 69, 46080.00 , 2000.00 , 1500.00 , 550.00 , 1, 'Night Blue',  NULL, '2018-07-31');
INSERT into  `Production.ManufacturerVehicleStock` (`ManufacturerVehicleStockId`, `StockCode`, `ModelId`, `Cost`, `RepairsCharge`, `PartsCharge`, `DeliveryCharge`, `IsPremiumRoadHandlingPackage`, `VehicleColor`, `CustomerComment`, `PurchaseDate`) VALUES (346, '4B47A26E-2723-4E06-A661-21271A6759D0', 21, 36000.00 , 1360.00 , 750.00 , 550.00 , 1, 'Black',  NULL, '2018-07-31');
INSERT into  `Production.ManufacturerVehicleStock` (`ManufacturerVehicleStockId`, `StockCode`, `ModelId`, `Cost`, `RepairsCharge`, `PartsCharge`, `DeliveryCharge`, `IsPremiumRoadHandlingPackage`, `VehicleColor`, `CustomerComment`, `PurchaseDate`) VALUES (345, '17FA511D-1C85-4F74-A164-B4EE39F48565', 13, 90872.00 , 500.00 , 225.00 , 750.00 , 1, 'Night Blue',  NULL, '2018-07-31');
INSERT into  `Production.ManufacturerVehicleStock` (`ManufacturerVehicleStockId`, `StockCode`, `ModelId`, `Cost`, `RepairsCharge`, `PartsCharge`, `DeliveryCharge`, `IsPremiumRoadHandlingPackage`, `VehicleColor`, `CustomerComment`, `PurchaseDate`) VALUES (344, '0318C525-58CA-438E-A5A5-BA854855A664', 60, 66072.00 , 1490.00 , 457.00 , 750.00 , 1, 'Green',  NULL, '2018-07-25');
INSERT into  `Production.ManufacturerVehicleStock` (`ManufacturerVehicleStockId`, `StockCode`, `ModelId`, `Cost`, `RepairsCharge`, `PartsCharge`, `DeliveryCharge`, `IsPremiumRoadHandlingPackage`, `VehicleColor`, `CustomerComment`, `PurchaseDate`) VALUES (343, 'B56F7C8F-0452-49C2-BEE2-C4C53BF38AD8', 8, 28760.00 , 500.00 , 750.00 , 550.00 , 1, 'Black',  NULL, '2018-07-25');
INSERT into  `Production.ManufacturerVehicleStock` (`ManufacturerVehicleStockId`, `StockCode`, `ModelId`, `Cost`, `RepairsCharge`, `PartsCharge`, `DeliveryCharge`, `IsPremiumRoadHandlingPackage`, `VehicleColor`, `CustomerComment`, `PurchaseDate`) VALUES (342, '51451AC8-A35F-4597-B4BC-94E92C150C3D', 73, 37520.00 , 2000.00 , 750.00 , 550.00 , 1, 'Red',  NULL, '2018-07-25');
INSERT into  `Production.ManufacturerVehicleStock` (`ManufacturerVehicleStockId`, `StockCode`, `ModelId`, `Cost`, `RepairsCharge`, `PartsCharge`, `DeliveryCharge`, `IsPremiumRoadHandlingPackage`, `VehicleColor`, `CustomerComment`, `PurchaseDate`) VALUES (341, 'FCB80D65-7D65-41E4-9081-6C92D0C7F1F5', 55, 276000.00 , 5500.00 , 457.00 , 1950.00 , 1, 'Red',  NULL, '2018-07-25');
INSERT into  `Production.ManufacturerVehicleStock` (`ManufacturerVehicleStockId`, `StockCode`, `ModelId`, `Cost`, `RepairsCharge`, `PartsCharge`, `DeliveryCharge`, `IsPremiumRoadHandlingPackage`, `VehicleColor`, `CustomerComment`, `PurchaseDate`) VALUES (340, 'BA123B46-B5DF-439B-9326-82174419FC14', 29, 1000.00 , 500.00 , 750.00 , 150.00 , 1, 'Red',  NULL, '2018-07-25');
INSERT into  `Production.ManufacturerVehicleStock` (`ManufacturerVehicleStockId`, `StockCode`, `ModelId`, `Cost`, `RepairsCharge`, `PartsCharge`, `DeliveryCharge`, `IsPremiumRoadHandlingPackage`, `VehicleColor`, `CustomerComment`, `PurchaseDate`) VALUES (34, '18E980AB-452D-42EF-8728-12822AD20C60', 85, 98872.00 , 2175.00 , 2200.00 , 750.00 , 1, 'Black',  NULL, '2015-10-29');
INSERT into  `Production.ManufacturerVehicleStock` (`ManufacturerVehicleStockId`, `StockCode`, `ModelId`, `Cost`, `RepairsCharge`, `PartsCharge`, `DeliveryCharge`, `IsPremiumRoadHandlingPackage`, `VehicleColor`, `CustomerComment`, `PurchaseDate`) VALUES (339, '757E7DB7-3688-41FD-AFB6-E49CC56BCCD8', 88, 44000.00 , 1360.00 , 1500.00 , 550.00 , 1, 'Silver',  NULL, '2018-07-25');
INSERT into  `Production.ManufacturerVehicleStock` (`ManufacturerVehicleStockId`, `StockCode`, `ModelId`, `Cost`, `RepairsCharge`, `PartsCharge`, `DeliveryCharge`, `IsPremiumRoadHandlingPackage`, `VehicleColor`, `CustomerComment`, `PurchaseDate`) VALUES (338, '114760E3-FC54-4C31-B323-BC4B83AB80D0', 21, 102800.00 , 3950.00 , 2200.00 , 1950.00 , 1, 'Blue',  NULL, '2018-07-25');
INSERT into  `Production.ManufacturerVehicleStock` (`ManufacturerVehicleStockId`, `StockCode`, `ModelId`, `Cost`, `RepairsCharge`, `PartsCharge`, `DeliveryCharge`, `IsPremiumRoadHandlingPackage`, `VehicleColor`, `CustomerComment`, `PurchaseDate`) VALUES (337, '3CD0AFE8-9909-4A5D-BA9F-5C1F71B0DEE3', 33, 4400.00 , 500.00 , 750.00 , 150.00 , 0, 'Blue',  NULL, '2018-07-25');
INSERT into  `Production.ManufacturerVehicleStock` (`ManufacturerVehicleStockId`, `StockCode`, `ModelId`, `Cost`, `RepairsCharge`, `PartsCharge`, `DeliveryCharge`, `IsPremiumRoadHandlingPackage`, `VehicleColor`, `CustomerComment`, `PurchaseDate`) VALUES (336, '519C0ED1-7611-4CDC-8153-5C4B81A7FD0F', 40, 14800.00 , 970.00 , 1050.00 , 150.00 , 1, 'Pink',  NULL, '2018-07-25');
INSERT into  `Production.ManufacturerVehicleStock` (`ManufacturerVehicleStockId`, `StockCode`, `ModelId`, `Cost`, `RepairsCharge`, `PartsCharge`, `DeliveryCharge`, `IsPremiumRoadHandlingPackage`, `VehicleColor`, `CustomerComment`, `PurchaseDate`) VALUES (335, 'E68BB825-0487-44CA-AE6C-7C650F81E22B', 9, 1880.00 , 500.00 , 750.00 , 150.00 , 1, 'British Racing Green',  NULL, '2018-07-25');
INSERT into  `Production.ManufacturerVehicleStock` (`ManufacturerVehicleStockId`, `StockCode`, `ModelId`, `Cost`, `RepairsCharge`, `PartsCharge`, `DeliveryCharge`, `IsPremiumRoadHandlingPackage`, `VehicleColor`, `CustomerComment`, `PurchaseDate`) VALUES (334, '13F9FBD7-9342-4A2D-A249-E3AD6AE9A9CB', 48, 54800.00 , 500.00 , 1500.00 , 750.00 , 1, 'Dark Purple',  NULL, '2018-07-25');
INSERT into  `Production.ManufacturerVehicleStock` (`ManufacturerVehicleStockId`, `StockCode`, `ModelId`, `Cost`, `RepairsCharge`, `PartsCharge`, `DeliveryCharge`, `IsPremiumRoadHandlingPackage`, `VehicleColor`, `CustomerComment`, `PurchaseDate`) VALUES (333, 'E66B3E09-F02D-484A-8B9F-A8CD7833CD6B', 40, 1920.00 , 500.00 , 750.00 , 150.00 , 1, 'Canary Yellow',  NULL, '2018-07-25');
INSERT into  `Production.ManufacturerVehicleStock` (`ManufacturerVehicleStockId`, `StockCode`, `ModelId`, `Cost`, `RepairsCharge`, `PartsCharge`, `DeliveryCharge`, `IsPremiumRoadHandlingPackage`, `VehicleColor`, `CustomerComment`, `PurchaseDate`) VALUES (332, 'EF8621F7-41EB-4C2D-ADBD-D4287083D41F', 9, 58000.00 , 2175.00 , 1500.00 , 750.00 , 1, 'Night Blue',  NULL, '2018-07-25');
INSERT into  `Production.ManufacturerVehicleStock` (`ManufacturerVehicleStockId`, `StockCode`, `ModelId`, `Cost`, `RepairsCharge`, `PartsCharge`, `DeliveryCharge`, `IsPremiumRoadHandlingPackage`, `VehicleColor`, `CustomerComment`, `PurchaseDate`) VALUES (331, '4AFC6EDF-49EA-4D57-85AF-D60734328922', 60, 26760.00 , 1360.00 , 750.00 , 550.00 , 1, 'Black',  NULL, '2018-07-01');
INSERT into  `Production.ManufacturerVehicleStock` (`ManufacturerVehicleStockId`, `StockCode`, `ModelId`, `Cost`, `RepairsCharge`, `PartsCharge`, `DeliveryCharge`, `IsPremiumRoadHandlingPackage`, `VehicleColor`, `CustomerComment`, `PurchaseDate`) VALUES (330, '6A140D65-C354-48F6-A92E-40FF36CF1216', 69, 8400.00 , 500.00 , 750.00 , 150.00 , 1, 'Black',  NULL, '2018-07-01');
INSERT into  `Production.ManufacturerVehicleStock` (`ManufacturerVehicleStockId`, `StockCode`, `ModelId`, `Cost`, `RepairsCharge`, `PartsCharge`, `DeliveryCharge`, `IsPremiumRoadHandlingPackage`, `VehicleColor`, `CustomerComment`, `PurchaseDate`) VALUES (33, '26A3D067-DCEA-4FF1-9A97-E7AEE0D2BC14', 3, 43000.00 , 2000.00 , 750.00 , 550.00 , 1, 'British Racing Green',  NULL, '2015-10-29');
INSERT into  `Production.ManufacturerVehicleStock` (`ManufacturerVehicleStockId`, `StockCode`, `ModelId`, `Cost`, `RepairsCharge`, `PartsCharge`, `DeliveryCharge`, `IsPremiumRoadHandlingPackage`, `VehicleColor`, `CustomerComment`, `PurchaseDate`) VALUES (329, '23FDFA0D-C905-41A6-B95A-D5A3517293D8', 30, 5560.00 , 500.00 , 1050.00 , 150.00 , 1, 'Black',  NULL, '2018-07-01');
INSERT into  `Production.ManufacturerVehicleStock` (`ManufacturerVehicleStockId`, `StockCode`, `ModelId`, `Cost`, `RepairsCharge`, `PartsCharge`, `DeliveryCharge`, `IsPremiumRoadHandlingPackage`, `VehicleColor`, `CustomerComment`, `PurchaseDate`) VALUES (328, 'D0B8D738-B33D-4F7F-BA25-46EC06DEB8E2', 52, 79992.00 , 2000.00 , 750.00 , 750.00 , 1, 'Silver',  NULL, '2018-07-01');
INSERT into  `Production.ManufacturerVehicleStock` (`ManufacturerVehicleStockId`, `StockCode`, `ModelId`, `Cost`, `RepairsCharge`, `PartsCharge`, `DeliveryCharge`, `IsPremiumRoadHandlingPackage`, `VehicleColor`, `CustomerComment`, `PurchaseDate`) VALUES (327, '740A7CB4-BF3F-46FD-98F3-D85748E5B9BA', 22, 79600.00 , 500.00 , 1050.00 , 750.00 , 1, 'Night Blue',  NULL, '2018-06-01');
INSERT into  `Production.ManufacturerVehicleStock` (`ManufacturerVehicleStockId`, `StockCode`, `ModelId`, `Cost`, `RepairsCharge`, `PartsCharge`, `DeliveryCharge`, `IsPremiumRoadHandlingPackage`, `VehicleColor`, `CustomerComment`, `PurchaseDate`) VALUES (326, '532B985F-94AC-45DF-AE17-431FBCC66D0C', 71, 39600.00 , 970.00 , 750.00 , 550.00 , 1, 'Silver',  NULL, '2018-06-01');
INSERT into  `Production.ManufacturerVehicleStock` (`ManufacturerVehicleStockId`, `StockCode`, `ModelId`, `Cost`, `RepairsCharge`, `PartsCharge`, `DeliveryCharge`, `IsPremiumRoadHandlingPackage`, `VehicleColor`, `CustomerComment`, `PurchaseDate`) VALUES (325, '614ED49B-6DA9-4BFE-9560-3DB52A6593CD', 54, 19600.00 , 1360.00 , 750.00 , 150.00 , 1, 'British Racing Green',  NULL, '2018-06-01');
INSERT into  `Production.ManufacturerVehicleStock` (`ManufacturerVehicleStockId`, `StockCode`, `ModelId`, `Cost`, `RepairsCharge`, `PartsCharge`, `DeliveryCharge`, `IsPremiumRoadHandlingPackage`, `VehicleColor`, `CustomerComment`, `PurchaseDate`) VALUES (324, '695E6D94-12E6-49BC-8E23-29AC3EB38D93', 77, 26800.00 , 2000.00 , 750.00 , 550.00 , 0, 'Black',  NULL, '2018-06-01');
INSERT into  `Production.ManufacturerVehicleStock` (`ManufacturerVehicleStockId`, `StockCode`, `ModelId`, `Cost`, `RepairsCharge`, `PartsCharge`, `DeliveryCharge`, `IsPremiumRoadHandlingPackage`, `VehicleColor`, `CustomerComment`, `PurchaseDate`) VALUES (323, '607CA291-F642-4CBD-967B-7A36DF45D150', 51, 21200.00 , 500.00 , 750.00 , 150.00 , 1, 'Night Blue',  NULL, '2018-06-01');
INSERT into  `Production.ManufacturerVehicleStock` (`ManufacturerVehicleStockId`, `StockCode`, `ModelId`, `Cost`, `RepairsCharge`, `PartsCharge`, `DeliveryCharge`, `IsPremiumRoadHandlingPackage`, `VehicleColor`, `CustomerComment`, `PurchaseDate`) VALUES (322, '3D2907ED-A866-4E81-B7CB-723EA2254718', 80, 12480.00 , 1360.00 , 750.00 , 150.00 , 1, 'Black',  NULL, '2018-06-01');
INSERT into  `Production.ManufacturerVehicleStock` (`ManufacturerVehicleStockId`, `StockCode`, `ModelId`, `Cost`, `RepairsCharge`, `PartsCharge`, `DeliveryCharge`, `IsPremiumRoadHandlingPackage`, `VehicleColor`, `CustomerComment`, `PurchaseDate`) VALUES (321, 'B1ABF9BD-1FBC-4E9A-BCCC-0B9AFEE5CFF1', 78, 5560.00 , 500.00 , 457.00 , 150.00 , 1, 'Red',  NULL, '2018-06-01');
INSERT into  `Production.ManufacturerVehicleStock` (`ManufacturerVehicleStockId`, `StockCode`, `ModelId`, `Cost`, `RepairsCharge`, `PartsCharge`, `DeliveryCharge`, `IsPremiumRoadHandlingPackage`, `VehicleColor`, `CustomerComment`, `PurchaseDate`) VALUES (320, '05F6C06A-9CD8-448B-9F67-FDBC0A7CEDCE', 80, 2860.00 , 500.00 , 750.00 , 150.00 , 1, 'Black',  NULL, '2018-06-01');
INSERT into  `Production.ManufacturerVehicleStock` (`ManufacturerVehicleStockId`, `StockCode`, `ModelId`, `Cost`, `RepairsCharge`, `PartsCharge`, `DeliveryCharge`, `IsPremiumRoadHandlingPackage`, `VehicleColor`, `CustomerComment`, `PurchaseDate`) VALUES (32, '86450D0C-EAA5-4B83-A9DA-55D742E9C2D8', 88, 9352.00 , 500.00 , 750.00 , 150.00 , 1, 'Black',  NULL, '2015-10-29');
INSERT into  `Production.ManufacturerVehicleStock` (`ManufacturerVehicleStockId`, `StockCode`, `ModelId`, `Cost`, `RepairsCharge`, `PartsCharge`, `DeliveryCharge`, `IsPremiumRoadHandlingPackage`, `VehicleColor`, `CustomerComment`, `PurchaseDate`) VALUES (319, '39CEB089-BC4F-4724-A47B-CDB0E2401714', 30, 12440.00 , 1360.00 , 750.00 , 150.00 , 1, 'Green',  NULL, '2018-06-01');
INSERT into  `Production.ManufacturerVehicleStock` (`ManufacturerVehicleStockId`, `StockCode`, `ModelId`, `Cost`, `RepairsCharge`, `PartsCharge`, `DeliveryCharge`, `IsPremiumRoadHandlingPackage`, `VehicleColor`, `CustomerComment`, `PurchaseDate`) VALUES (318, 'F075AC9E-1124-4194-A05F-683F9D553335', 10, 14800.00 , 500.00 , 750.00 , 150.00 , 1, 'Blue',  NULL, '2018-05-01');
INSERT into  `Production.ManufacturerVehicleStock` (`ManufacturerVehicleStockId`, `StockCode`, `ModelId`, `Cost`, `RepairsCharge`, `PartsCharge`, `DeliveryCharge`, `IsPremiumRoadHandlingPackage`, `VehicleColor`, `CustomerComment`, `PurchaseDate`) VALUES (317, 'BEC34DF7-3E37-4322-A406-04BB5DF2A0FE', 4, 71600.00 , 1490.00 , 750.00 , 750.00 , 1, 'Black',  NULL, '2018-05-01');
INSERT into  `Production.ManufacturerVehicleStock` (`ManufacturerVehicleStockId`, `StockCode`, `ModelId`, `Cost`, `RepairsCharge`, `PartsCharge`, `DeliveryCharge`, `IsPremiumRoadHandlingPackage`, `VehicleColor`, `CustomerComment`, `PurchaseDate`) VALUES (316, '52F665EA-2D6D-4ECA-8A14-553522A45B04', 12, 12760.00 , 500.00 , 750.00 , 150.00 , 1, 'Black',  NULL, '2018-05-01');
INSERT into  `Production.ManufacturerVehicleStock` (`ManufacturerVehicleStockId`, `StockCode`, `ModelId`, `Cost`, `RepairsCharge`, `PartsCharge`, `DeliveryCharge`, `IsPremiumRoadHandlingPackage`, `VehicleColor`, `CustomerComment`, `PurchaseDate`) VALUES (315, '27C180A1-7C39-4E88-B5DE-ACD0C9594F3C', 95, 108000.00 , 5500.00 , 5600.00 , 1950.00 , 1, 'British Racing Green',  NULL, '2018-05-01');
INSERT into  `Production.ManufacturerVehicleStock` (`ManufacturerVehicleStockId`, `StockCode`, `ModelId`, `Cost`, `RepairsCharge`, `PartsCharge`, `DeliveryCharge`, `IsPremiumRoadHandlingPackage`, `VehicleColor`, `CustomerComment`, `PurchaseDate`) VALUES (314, 'EA1B19C6-631A-4683-9E29-1BC601FC850E', 69, 7992.00 , 500.00 , 750.00 , 150.00 , 1, 'Black',  NULL, '2018-05-01');
INSERT into  `Production.ManufacturerVehicleStock` (`ManufacturerVehicleStockId`, `StockCode`, `ModelId`, `Cost`, `RepairsCharge`, `PartsCharge`, `DeliveryCharge`, `IsPremiumRoadHandlingPackage`, `VehicleColor`, `CustomerComment`, `PurchaseDate`) VALUES (313, '9555FF33-EE29-4A81-854A-69F6485BB216', 63, 20760.00 , 1360.00 , 750.00 , 150.00 , 1, 'Black',  NULL, '2018-05-01');
INSERT into  `Production.ManufacturerVehicleStock` (`ManufacturerVehicleStockId`, `StockCode`, `ModelId`, `Cost`, `RepairsCharge`, `PartsCharge`, `DeliveryCharge`, `IsPremiumRoadHandlingPackage`, `VehicleColor`, `CustomerComment`, `PurchaseDate`) VALUES (312, 'FF62897D-E06C-4BC1-B5EA-E6BE415B0CD1', 68, 156000.00 , 3950.00 , 1500.00 , 1950.00 , 1, 'Green',  NULL, '2018-05-01');
INSERT into  `Production.ManufacturerVehicleStock` (`ManufacturerVehicleStockId`, `StockCode`, `ModelId`, `Cost`, `RepairsCharge`, `PartsCharge`, `DeliveryCharge`, `IsPremiumRoadHandlingPackage`, `VehicleColor`, `CustomerComment`, `PurchaseDate`) VALUES (311, '61F8CF9A-F53C-4386-9BF8-578F54547CD2', 7, 215600.00 , 5500.00 , 1500.00 , 1950.00 , 1, 'Dark Purple',  NULL, '2018-05-01');
INSERT into  `Production.ManufacturerVehicleStock` (`ManufacturerVehicleStockId`, `StockCode`, `ModelId`, `Cost`, `RepairsCharge`, `PartsCharge`, `DeliveryCharge`, `IsPremiumRoadHandlingPackage`, `VehicleColor`, `CustomerComment`, `PurchaseDate`) VALUES (310, '71C9EDC5-7897-4CCE-9B2F-5B04BEDC36D0', 18, 1996.00 , 500.00 , 750.00 , 150.00 , 1, 'Canary Yellow',  NULL, '2018-05-01');
INSERT into  `Production.ManufacturerVehicleStock` (`ManufacturerVehicleStockId`, `StockCode`, `ModelId`, `Cost`, `RepairsCharge`, `PartsCharge`, `DeliveryCharge`, `IsPremiumRoadHandlingPackage`, `VehicleColor`, `CustomerComment`, `PurchaseDate`) VALUES (31, '1BB4B941-79F4-4E98-9E13-46875CA7EB67', 99, 18080.00 , 660.00 , 750.00 , 150.00 , 0, 'Red',  NULL, '2015-10-29');
INSERT into  `Production.ManufacturerVehicleStock` (`ManufacturerVehicleStockId`, `StockCode`, `ModelId`, `Cost`, `RepairsCharge`, `PartsCharge`, `DeliveryCharge`, `IsPremiumRoadHandlingPackage`, `VehicleColor`, `CustomerComment`, `PurchaseDate`) VALUES (309, '798C76AF-985B-4B9F-B24A-4B4311AE2A08', 95, 1080.00 , 500.00 , 750.00 , 150.00 , 1, 'Black',  NULL, '2018-05-01');
INSERT into  `Production.ManufacturerVehicleStock` (`ManufacturerVehicleStockId`, `StockCode`, `ModelId`, `Cost`, `RepairsCharge`, `PartsCharge`, `DeliveryCharge`, `IsPremiumRoadHandlingPackage`, `VehicleColor`, `CustomerComment`, `PurchaseDate`) VALUES (308, '266404D4-FBC5-4DC6-BB7C-A2ED7246D6D7', 34, 42000.00 , 500.00 , 750.00 , 550.00 , 0, 'Green',  NULL, '2018-04-01');
INSERT into  `Production.ManufacturerVehicleStock` (`ManufacturerVehicleStockId`, `StockCode`, `ModelId`, `Cost`, `RepairsCharge`, `PartsCharge`, `DeliveryCharge`, `IsPremiumRoadHandlingPackage`, `VehicleColor`, `CustomerComment`, `PurchaseDate`) VALUES (307, 'A326183E-7D45-4CF2-A353-7177A3EAB71F', 16, 156000.00 , 9250.00 , 750.00 , 1950.00 , 1, 'British Racing Green',  NULL, '2018-04-01');
INSERT into  `Production.ManufacturerVehicleStock` (`ManufacturerVehicleStockId`, `StockCode`, `ModelId`, `Cost`, `RepairsCharge`, `PartsCharge`, `DeliveryCharge`, `IsPremiumRoadHandlingPackage`, `VehicleColor`, `CustomerComment`, `PurchaseDate`) VALUES (306, 'FBF39066-2C13-469D-B913-EBCF22CCFD63', 21, 156000.00 , 2000.00 , 2200.00 , 1950.00 , 0, 'Black',  NULL, '2018-04-01');
INSERT into  `Production.ManufacturerVehicleStock` (`ManufacturerVehicleStockId`, `StockCode`, `ModelId`, `Cost`, `RepairsCharge`, `PartsCharge`, `DeliveryCharge`, `IsPremiumRoadHandlingPackage`, `VehicleColor`, `CustomerComment`, `PurchaseDate`) VALUES (305, '15A09123-FE51-47D2-A7B0-600CB300F826', 79, 1200.00 , 500.00 , 750.00 , 150.00 , 1, 'Night Blue',  NULL, '2018-04-01');
INSERT into  `Production.ManufacturerVehicleStock` (`ManufacturerVehicleStockId`, `StockCode`, `ModelId`, `Cost`, `RepairsCharge`, `PartsCharge`, `DeliveryCharge`, `IsPremiumRoadHandlingPackage`, `VehicleColor`, `CustomerComment`, `PurchaseDate`) VALUES (304, 'B89AF48B-4BB9-409B-876B-941E51D19381', 47, 760.00 , 500.00 , 750.00 , 150.00 , 1, 'Black',  NULL, '2018-04-01');
INSERT into  `Production.ManufacturerVehicleStock` (`ManufacturerVehicleStockId`, `StockCode`, `ModelId`, `Cost`, `RepairsCharge`, `PartsCharge`, `DeliveryCharge`, `IsPremiumRoadHandlingPackage`, `VehicleColor`, `CustomerComment`, `PurchaseDate`) VALUES (303, '361E0EFF-56B8-4E0A-A1DD-41D4A51BF704', 13, 49200.00 , 500.00 , 750.00 , 550.00 , 1, 'Black',  NULL, '2018-04-01');
INSERT into  `Production.ManufacturerVehicleStock` (`ManufacturerVehicleStockId`, `StockCode`, `ModelId`, `Cost`, `RepairsCharge`, `PartsCharge`, `DeliveryCharge`, `IsPremiumRoadHandlingPackage`, `VehicleColor`, `CustomerComment`, `PurchaseDate`) VALUES (302, '87A6B5EF-1E2B-49CA-85D7-263BC7E32189', 64, 35908.00 , 2000.00 , 750.00 , 550.00 , 1, 'British Racing Green',  NULL, '2018-04-01');
INSERT into  `Production.ManufacturerVehicleStock` (`ManufacturerVehicleStockId`, `StockCode`, `ModelId`, `Cost`, `RepairsCharge`, `PartsCharge`, `DeliveryCharge`, `IsPremiumRoadHandlingPackage`, `VehicleColor`, `CustomerComment`, `PurchaseDate`) VALUES (301, '9CD9439F-E15F-4469-BE82-7A4041633A50', 24, 80000.00 , 500.00 , 750.00 , 750.00 , 1, 'Blue',  NULL, '2018-04-01');
INSERT into  `Production.ManufacturerVehicleStock` (`ManufacturerVehicleStockId`, `StockCode`, `ModelId`, `Cost`, `RepairsCharge`, `PartsCharge`, `DeliveryCharge`, `IsPremiumRoadHandlingPackage`, `VehicleColor`, `CustomerComment`, `PurchaseDate`) VALUES (300, 'A0F4D013-88EB-4692-B5EE-6BA800593036', 93, 44000.00 , 500.00 , 750.00 , 550.00 , 1, 'Blue',  NULL, '2018-04-01');
INSERT into  `Production.ManufacturerVehicleStock` (`ManufacturerVehicleStockId`, `StockCode`, `ModelId`, `Cost`, `RepairsCharge`, `PartsCharge`, `DeliveryCharge`, `IsPremiumRoadHandlingPackage`, `VehicleColor`, `CustomerComment`, `PurchaseDate`) VALUES (30, '646C802F-C868-40F0-AF81-1BF387AFB82B', 94, 12480.00 , 1100.00 , 500.00 , 150.00 , 1, 'Red',  NULL, '2015-10-01');
INSERT into  `Production.ManufacturerVehicleStock` (`ManufacturerVehicleStockId`, `StockCode`, `ModelId`, `Cost`, `RepairsCharge`, `PartsCharge`, `DeliveryCharge`, `IsPremiumRoadHandlingPackage`, `VehicleColor`, `CustomerComment`, `PurchaseDate`) VALUES (3, '558620F5-B9E8-4FFF-8F73-A83FA9559C41', 45, 15600.00 , 660.00 , 0.00 , 150.00 , 1, 'British Racing Green', 'An absolute example of the pinnacle of British engineering. This is a wonderful piece of kit.', '2015-01-29');
INSERT into  `Production.ManufacturerVehicleStock` (`ManufacturerVehicleStockId`, `StockCode`, `ModelId`, `Cost`, `RepairsCharge`, `PartsCharge`, `DeliveryCharge`, `IsPremiumRoadHandlingPackage`, `VehicleColor`, `CustomerComment`, `PurchaseDate`) VALUES (299, 'C19B3F44-9EA7-49FF-953A-86BF48B55615', 60, 36760.00 , 500.00 , 750.00 , 550.00 , 1, 'Black',  NULL, '2018-04-01');
INSERT into  `Production.ManufacturerVehicleStock` (`ManufacturerVehicleStockId`, `StockCode`, `ModelId`, `Cost`, `RepairsCharge`, `PartsCharge`, `DeliveryCharge`, `IsPremiumRoadHandlingPackage`, `VehicleColor`, `CustomerComment`, `PurchaseDate`) VALUES (298, 'B2D76C72-FA30-40AE-9AB9-DFB47560348C', 64, 18800.00 , 1360.00 , 750.00 , 150.00 , 1, 'Black',  NULL, '2018-04-01');
INSERT into  `Production.ManufacturerVehicleStock` (`ManufacturerVehicleStockId`, `StockCode`, `ModelId`, `Cost`, `RepairsCharge`, `PartsCharge`, `DeliveryCharge`, `IsPremiumRoadHandlingPackage`, `VehicleColor`, `CustomerComment`, `PurchaseDate`) VALUES (297, '7808CA65-E449-4280-A128-F5B581F47B8F', 15, 31600.00 , 500.00 , 750.00 , 550.00 , 1, 'Green',  NULL, '2018-04-01');
INSERT into  `Production.ManufacturerVehicleStock` (`ManufacturerVehicleStockId`, `StockCode`, `ModelId`, `Cost`, `RepairsCharge`, `PartsCharge`, `DeliveryCharge`, `IsPremiumRoadHandlingPackage`, `VehicleColor`, `CustomerComment`, `PurchaseDate`) VALUES (296, 'A4A2F089-526E-4C69-AACC-F58488B2E1C7', 21, 36400.00 , 500.00 , 750.00 , 550.00 , 0, 'Green',  NULL, '2018-04-01');
INSERT into  `Production.ManufacturerVehicleStock` (`ManufacturerVehicleStockId`, `StockCode`, `ModelId`, `Cost`, `RepairsCharge`, `PartsCharge`, `DeliveryCharge`, `IsPremiumRoadHandlingPackage`, `VehicleColor`, `CustomerComment`, `PurchaseDate`) VALUES (295, '9E98DDEF-D2A3-4BEC-99DD-BEFEFC11E5EE', 71, 2000.00 , 500.00 , 750.00 , 150.00 , 1, 'Red',  NULL, '2018-04-01');
INSERT into  `Production.ManufacturerVehicleStock` (`ManufacturerVehicleStockId`, `StockCode`, `ModelId`, `Cost`, `RepairsCharge`, `PartsCharge`, `DeliveryCharge`, `IsPremiumRoadHandlingPackage`, `VehicleColor`, `CustomerComment`, `PurchaseDate`) VALUES (294, '07E4BA14-7B78-4B11-9A11-1520460A5631', 9, 124000.00 , 3950.00 , 3150.00 , 1950.00 , 1, 'Black',  NULL, '2018-04-01');
INSERT into  `Production.ManufacturerVehicleStock` (`ManufacturerVehicleStockId`, `StockCode`, `ModelId`, `Cost`, `RepairsCharge`, `PartsCharge`, `DeliveryCharge`, `IsPremiumRoadHandlingPackage`, `VehicleColor`, `CustomerComment`, `PurchaseDate`) VALUES (293, 'BFC6861C-8D2E-40C8-A4F7-07F9E41056DC', 29, 10360.00 , 1360.00 , 750.00 , 150.00 , 1, 'Green',  NULL, '2018-04-01');
INSERT into  `Production.ManufacturerVehicleStock` (`ManufacturerVehicleStockId`, `StockCode`, `ModelId`, `Cost`, `RepairsCharge`, `PartsCharge`, `DeliveryCharge`, `IsPremiumRoadHandlingPackage`, `VehicleColor`, `CustomerComment`, `PurchaseDate`) VALUES (292, '1D997989-769F-4879-B7E1-837015CEEFC5', 47, 19600.00 , 660.00 , 750.00 , 150.00 , 1, 'Black',  NULL, '2018-04-01');
INSERT into  `Production.ManufacturerVehicleStock` (`ManufacturerVehicleStockId`, `StockCode`, `ModelId`, `Cost`, `RepairsCharge`, `PartsCharge`, `DeliveryCharge`, `IsPremiumRoadHandlingPackage`, `VehicleColor`, `CustomerComment`, `PurchaseDate`) VALUES (291, 'A23F2E70-66D3-44A1-982C-ADE1ECA9CC30', 34, 204000.00 , 2000.00 , 150.00 , 1950.00 , 1, 'Black',  NULL, '2018-04-01');
INSERT into  `Production.ManufacturerVehicleStock` (`ManufacturerVehicleStockId`, `StockCode`, `ModelId`, `Cost`, `RepairsCharge`, `PartsCharge`, `DeliveryCharge`, `IsPremiumRoadHandlingPackage`, `VehicleColor`, `CustomerComment`, `PurchaseDate`) VALUES (290, 'FAB39B43-A811-4410-A69A-707C35C767E7', 100, 12760.00 , 500.00 , 500.00 , 150.00 , 0, 'Silver',  NULL, '2018-04-01');
INSERT into  `Production.ManufacturerVehicleStock` (`ManufacturerVehicleStockId`, `StockCode`, `ModelId`, `Cost`, `RepairsCharge`, `PartsCharge`, `DeliveryCharge`, `IsPremiumRoadHandlingPackage`, `VehicleColor`, `CustomerComment`, `PurchaseDate`) VALUES (29, 'A6FCB276-6311-4B3E-9C99-23F197952F1C', 90, 44360.00 , 490.00 , 225.00 , 550.00 , 1, 'Red',  NULL, '2015-09-30');
INSERT into  `Production.ManufacturerVehicleStock` (`ManufacturerVehicleStockId`, `StockCode`, `ModelId`, `Cost`, `RepairsCharge`, `PartsCharge`, `DeliveryCharge`, `IsPremiumRoadHandlingPackage`, `VehicleColor`, `CustomerComment`, `PurchaseDate`) VALUES (289, 'AF51E444-D0BE-477F-8834-615824E0A89C', 11, 7840.00 , 500.00 , 750.00 , 150.00 , 1, 'Canary Yellow',  NULL, '2018-03-08');
INSERT into  `Production.ManufacturerVehicleStock` (`ManufacturerVehicleStockId`, `StockCode`, `ModelId`, `Cost`, `RepairsCharge`, `PartsCharge`, `DeliveryCharge`, `IsPremiumRoadHandlingPackage`, `VehicleColor`, `CustomerComment`, `PurchaseDate`) VALUES (288, '20041639-9549-415A-AEC2-7159352E8CB7', 34, 248000.00 , 9250.00 , 7900.00 , 1950.00 , 0, 'Silver',  NULL, '2018-03-08');
INSERT into  `Production.ManufacturerVehicleStock` (`ManufacturerVehicleStockId`, `StockCode`, `ModelId`, `Cost`, `RepairsCharge`, `PartsCharge`, `DeliveryCharge`, `IsPremiumRoadHandlingPackage`, `VehicleColor`, `CustomerComment`, `PurchaseDate`) VALUES (287, 'C7086D43-16DA-444F-A461-76DA9C479425', 9, 98800.00 , 2175.00 , 1500.00 , 750.00 , 1, 'Dark Purple',  NULL, '2018-03-08');
INSERT into  `Production.ManufacturerVehicleStock` (`ManufacturerVehicleStockId`, `StockCode`, `ModelId`, `Cost`, `RepairsCharge`, `PartsCharge`, `DeliveryCharge`, `IsPremiumRoadHandlingPackage`, `VehicleColor`, `CustomerComment`, `PurchaseDate`) VALUES (286, '9868BF47-F113-4721-BF95-26FEF8DD51D2', 58, 79600.00 , 500.00 , 1500.00 , 750.00 , 1, 'Silver',  NULL, '2018-03-01');
INSERT into  `Production.ManufacturerVehicleStock` (`ManufacturerVehicleStockId`, `StockCode`, `ModelId`, `Cost`, `RepairsCharge`, `PartsCharge`, `DeliveryCharge`, `IsPremiumRoadHandlingPackage`, `VehicleColor`, `CustomerComment`, `PurchaseDate`) VALUES (285, 'F556C096-7EFE-4827-9AFF-2FD0416B1C9B', 51, 116000.00 , 9250.00 , 1500.00 , 1950.00 , 1, 'Black',  NULL, '2018-03-01');
INSERT into  `Production.ManufacturerVehicleStock` (`ManufacturerVehicleStockId`, `StockCode`, `ModelId`, `Cost`, `RepairsCharge`, `PartsCharge`, `DeliveryCharge`, `IsPremiumRoadHandlingPackage`, `VehicleColor`, `CustomerComment`, `PurchaseDate`) VALUES (284, 'A2201698-CA26-428A-988F-ABB4A8893E21', 68, 45520.00 , 1360.00 , 500.00 , 550.00 , 1, 'Silver',  NULL, '2018-03-01');
INSERT into  `Production.ManufacturerVehicleStock` (`ManufacturerVehicleStockId`, `StockCode`, `ModelId`, `Cost`, `RepairsCharge`, `PartsCharge`, `DeliveryCharge`, `IsPremiumRoadHandlingPackage`, `VehicleColor`, `CustomerComment`, `PurchaseDate`) VALUES (283, '1DDF23D7-3CB8-49C7-A19B-2A9C5AB23ADF', 72, 4552.00 , 500.00 , 750.00 , 150.00 , 1, 'Night Blue',  NULL, '2018-03-01');
INSERT into  `Production.ManufacturerVehicleStock` (`ManufacturerVehicleStockId`, `StockCode`, `ModelId`, `Cost`, `RepairsCharge`, `PartsCharge`, `DeliveryCharge`, `IsPremiumRoadHandlingPackage`, `VehicleColor`, `CustomerComment`, `PurchaseDate`) VALUES (282, '4BA7F44F-422D-4AD2-84B3-2AE4F0028DB8', 64, 4800.00 , 500.00 , 750.00 , 150.00 , 1, 'Black',  NULL, '2018-03-01');
INSERT into  `Production.ManufacturerVehicleStock` (`ManufacturerVehicleStockId`, `StockCode`, `ModelId`, `Cost`, `RepairsCharge`, `PartsCharge`, `DeliveryCharge`, `IsPremiumRoadHandlingPackage`, `VehicleColor`, `CustomerComment`, `PurchaseDate`) VALUES (281, '59650ADF-0886-43B4-B360-3A79E0CA327E', 18, 284000.00 , 9250.00 , 2200.00 , 1950.00 , 1, 'Blue',  NULL, '2018-02-10');
INSERT into  `Production.ManufacturerVehicleStock` (`ManufacturerVehicleStockId`, `StockCode`, `ModelId`, `Cost`, `RepairsCharge`, `PartsCharge`, `DeliveryCharge`, `IsPremiumRoadHandlingPackage`, `VehicleColor`, `CustomerComment`, `PurchaseDate`) VALUES (280, '89C3293F-F665-4E93-9929-315CBA3DD498', 25, 79160.00 , 1490.00 , 750.00 , 750.00 , 1, 'Blue',  NULL, '2018-02-10');
INSERT into  `Production.ManufacturerVehicleStock` (`ManufacturerVehicleStockId`, `StockCode`, `ModelId`, `Cost`, `RepairsCharge`, `PartsCharge`, `DeliveryCharge`, `IsPremiumRoadHandlingPackage`, `VehicleColor`, `CustomerComment`, `PurchaseDate`) VALUES (28, 'F95052DB-3E09-4070-ADA4-5114CCAD96C0', 68, 7160.00 , 360.00 , 750.00 , 150.00 , 1, 'Black',  NULL, '2015-09-28');
INSERT into  `Production.ManufacturerVehicleStock` (`ManufacturerVehicleStockId`, `StockCode`, `ModelId`, `Cost`, `RepairsCharge`, `PartsCharge`, `DeliveryCharge`, `IsPremiumRoadHandlingPackage`, `VehicleColor`, `CustomerComment`, `PurchaseDate`) VALUES (279, 'F5F70D13-C9BD-48E6-A903-ABC5F289A758', 53, 18120.00 , 500.00 , 750.00 , 150.00 , 1, 'Blue',  NULL, '2018-02-10');
INSERT into  `Production.ManufacturerVehicleStock` (`ManufacturerVehicleStockId`, `StockCode`, `ModelId`, `Cost`, `RepairsCharge`, `PartsCharge`, `DeliveryCharge`, `IsPremiumRoadHandlingPackage`, `VehicleColor`, `CustomerComment`, `PurchaseDate`) VALUES (278, 'E010830C-E636-49F7-ABA6-2DFDF502A587', 43, 1800.00 , 500.00 , 750.00 , 150.00 , 0, 'Canary Yellow',  NULL, '2018-02-10');
INSERT into  `Production.ManufacturerVehicleStock` (`ManufacturerVehicleStockId`, `StockCode`, `ModelId`, `Cost`, `RepairsCharge`, `PartsCharge`, `DeliveryCharge`, `IsPremiumRoadHandlingPackage`, `VehicleColor`, `CustomerComment`, `PurchaseDate`) VALUES (277, 'CDF97188-5367-4CCF-94DF-AC41093B9A48', 27, 6000.00 , 500.00 , 750.00 , 150.00 , 1, 'Red',  NULL, '2018-02-01');
INSERT into  `Production.ManufacturerVehicleStock` (`ManufacturerVehicleStockId`, `StockCode`, `ModelId`, `Cost`, `RepairsCharge`, `PartsCharge`, `DeliveryCharge`, `IsPremiumRoadHandlingPackage`, `VehicleColor`, `CustomerComment`, `PurchaseDate`) VALUES (276, '48437CA9-988E-42EA-94F8-DC2D6DA48BA7', 51, 17200.00 , 500.00 , 750.00 , 150.00 , 0, 'Black',  NULL, '2018-02-01');
INSERT into  `Production.ManufacturerVehicleStock` (`ManufacturerVehicleStockId`, `StockCode`, `ModelId`, `Cost`, `RepairsCharge`, `PartsCharge`, `DeliveryCharge`, `IsPremiumRoadHandlingPackage`, `VehicleColor`, `CustomerComment`, `PurchaseDate`) VALUES (275, '7FF88424-96A2-4149-ABF3-21AC9FBCDD4C', 33, 18000.00 , 1360.00 , 750.00 , 150.00 , 1, 'Black',  NULL, '2018-02-01');
INSERT into  `Production.ManufacturerVehicleStock` (`ManufacturerVehicleStockId`, `StockCode`, `ModelId`, `Cost`, `RepairsCharge`, `PartsCharge`, `DeliveryCharge`, `IsPremiumRoadHandlingPackage`, `VehicleColor`, `CustomerComment`, `PurchaseDate`) VALUES (274, '03AC7842-CA66-4AC0-92AD-F538494D1FAE', 66, 146000.00 , 5500.00 , 1500.00 , 1950.00 , 1, 'Green',  NULL, '2018-02-01');
INSERT into  `Production.ManufacturerVehicleStock` (`ManufacturerVehicleStockId`, `StockCode`, `ModelId`, `Cost`, `RepairsCharge`, `PartsCharge`, `DeliveryCharge`, `IsPremiumRoadHandlingPackage`, `VehicleColor`, `CustomerComment`, `PurchaseDate`) VALUES (273, '6218BE0E-185B-4B12-8696-AA976EA81B29', 1, 82920.00 , 1490.00 , 750.00 , 750.00 , 1, 'Pink',  NULL, '2018-02-01');
INSERT into  `Production.ManufacturerVehicleStock` (`ManufacturerVehicleStockId`, `StockCode`, `ModelId`, `Cost`, `RepairsCharge`, `PartsCharge`, `DeliveryCharge`, `IsPremiumRoadHandlingPackage`, `VehicleColor`, `CustomerComment`, `PurchaseDate`) VALUES (272, '88975E00-70FD-44B6-9A1F-9E3B9CCE4382', 79, 14280.00 , 1360.00 , 150.00 , 150.00 , 1, 'British Racing Green',  NULL, '2018-02-01');
INSERT into  `Production.ManufacturerVehicleStock` (`ManufacturerVehicleStockId`, `StockCode`, `ModelId`, `Cost`, `RepairsCharge`, `PartsCharge`, `DeliveryCharge`, `IsPremiumRoadHandlingPackage`, `VehicleColor`, `CustomerComment`, `PurchaseDate`) VALUES (271, '790E96BC-2F59-4B8F-9DE2-6BB65F92216B', 63, 96000.00 , 2175.00 , 750.00 , 750.00 , 1, 'Black',  NULL, '2018-02-01');
INSERT into  `Production.ManufacturerVehicleStock` (`ManufacturerVehicleStockId`, `StockCode`, `ModelId`, `Cost`, `RepairsCharge`, `PartsCharge`, `DeliveryCharge`, `IsPremiumRoadHandlingPackage`, `VehicleColor`, `CustomerComment`, `PurchaseDate`) VALUES (270, '808F1237-9F5C-484F-8E14-63FF713A864D', 40, 284000.00 , 9250.00 , 7500.00 , 1950.00 , 1, 'Red',  NULL, '2018-01-01');
INSERT into  `Production.ManufacturerVehicleStock` (`ManufacturerVehicleStockId`, `StockCode`, `ModelId`, `Cost`, `RepairsCharge`, `PartsCharge`, `DeliveryCharge`, `IsPremiumRoadHandlingPackage`, `VehicleColor`, `CustomerComment`, `PurchaseDate`) VALUES (27, 'C001858B-0B5D-4648-8F0D-80269964C921', 56, 125200.00 , 2200.00 , 3150.00 , 1950.00 , 1, 'British Racing Green',  NULL, '2015-09-11');
INSERT into  `Production.ManufacturerVehicleStock` (`ManufacturerVehicleStockId`, `StockCode`, `ModelId`, `Cost`, `RepairsCharge`, `PartsCharge`, `DeliveryCharge`, `IsPremiumRoadHandlingPackage`, `VehicleColor`, `CustomerComment`, `PurchaseDate`) VALUES (269, 'BF9128E0-D61A-4214-8128-44A9880E20C2', 54, 4760.00 , 500.00 , 225.00 , 150.00 , 1, 'Black',  NULL, '2018-01-01');
INSERT into  `Production.ManufacturerVehicleStock` (`ManufacturerVehicleStockId`, `StockCode`, `ModelId`, `Cost`, `RepairsCharge`, `PartsCharge`, `DeliveryCharge`, `IsPremiumRoadHandlingPackage`, `VehicleColor`, `CustomerComment`, `PurchaseDate`) VALUES (268, '3DCFE242-5286-404C-A37E-5207E6F51BB1', 2, 17240.00 , 970.00 , 750.00 , 150.00 , 1, 'Black',  NULL, '2018-01-01');
INSERT into  `Production.ManufacturerVehicleStock` (`ManufacturerVehicleStockId`, `StockCode`, `ModelId`, `Cost`, `RepairsCharge`, `PartsCharge`, `DeliveryCharge`, `IsPremiumRoadHandlingPackage`, `VehicleColor`, `CustomerComment`, `PurchaseDate`) VALUES (267, '457046F9-68AC-468E-9C5E-9C1B957FE9B9', 65, 760.00 , 500.00 , 750.00 , 150.00 , 1, 'British Racing Green',  NULL, '2018-01-01');
INSERT into  `Production.ManufacturerVehicleStock` (`ManufacturerVehicleStockId`, `StockCode`, `ModelId`, `Cost`, `RepairsCharge`, `PartsCharge`, `DeliveryCharge`, `IsPremiumRoadHandlingPackage`, `VehicleColor`, `CustomerComment`, `PurchaseDate`) VALUES (266, 'F9EF8BCC-5744-4EBC-91AD-739775C597D9', 62, 36760.00 , 660.00 , 1500.00 , 550.00 , 1, 'Dark Purple',  NULL, '2018-01-01');
INSERT into  `Production.ManufacturerVehicleStock` (`ManufacturerVehicleStockId`, `StockCode`, `ModelId`, `Cost`, `RepairsCharge`, `PartsCharge`, `DeliveryCharge`, `IsPremiumRoadHandlingPackage`, `VehicleColor`, `CustomerComment`, `PurchaseDate`) VALUES (265, 'F6C384B6-B768-4031-AC12-81C8CE37049E', 11, 45560.00 , 2000.00 , 500.00 , 550.00 , 1, 'Night Blue',  NULL, '2018-01-01');
INSERT into  `Production.ManufacturerVehicleStock` (`ManufacturerVehicleStockId`, `StockCode`, `ModelId`, `Cost`, `RepairsCharge`, `PartsCharge`, `DeliveryCharge`, `IsPremiumRoadHandlingPackage`, `VehicleColor`, `CustomerComment`, `PurchaseDate`) VALUES (264, '8D9BF815-FAE4-47CE-ADBB-33339D382319', 71, 7912.00 , 500.00 , 225.00 , 150.00 , 1, 'Black',  NULL, '2018-01-01');
INSERT into  `Production.ManufacturerVehicleStock` (`ManufacturerVehicleStockId`, `StockCode`, `ModelId`, `Cost`, `RepairsCharge`, `PartsCharge`, `DeliveryCharge`, `IsPremiumRoadHandlingPackage`, `VehicleColor`, `CustomerComment`, `PurchaseDate`) VALUES (263, '80B21E0F-66E3-4582-838A-D7EC560C7C0B', 25, 10056.00 , 2000.00 , 500.00 , 150.00 , 1, 'Black',  NULL, '2018-01-01');
INSERT into  `Production.ManufacturerVehicleStock` (`ManufacturerVehicleStockId`, `StockCode`, `ModelId`, `Cost`, `RepairsCharge`, `PartsCharge`, `DeliveryCharge`, `IsPremiumRoadHandlingPackage`, `VehicleColor`, `CustomerComment`, `PurchaseDate`) VALUES (262, '26122425-FE14-4318-8713-15C8F9EED630', 47, 9240.00 , 500.00 , 750.00 , 150.00 , 1, 'Night Blue',  NULL, '2018-01-01');
INSERT into  `Production.ManufacturerVehicleStock` (`ManufacturerVehicleStockId`, `StockCode`, `ModelId`, `Cost`, `RepairsCharge`, `PartsCharge`, `DeliveryCharge`, `IsPremiumRoadHandlingPackage`, `VehicleColor`, `CustomerComment`, `PurchaseDate`) VALUES (261, 'D231E90A-140A-4623-AA79-16970966DDF3', 11, 920.00 , 500.00 , 750.00 , 150.00 , 0, 'Black',  NULL, '2018-01-01');
INSERT into  `Production.ManufacturerVehicleStock` (`ManufacturerVehicleStockId`, `StockCode`, `ModelId`, `Cost`, `RepairsCharge`, `PartsCharge`, `DeliveryCharge`, `IsPremiumRoadHandlingPackage`, `VehicleColor`, `CustomerComment`, `PurchaseDate`) VALUES (260, '99DF9E69-9DAF-4D81-8334-D7058F1030E2', 46, 1560.00 , 500.00 , 750.00 , 150.00 , 1, 'British Racing Green',  NULL, '2018-01-01');
INSERT into  `Production.ManufacturerVehicleStock` (`ManufacturerVehicleStockId`, `StockCode`, `ModelId`, `Cost`, `RepairsCharge`, `PartsCharge`, `DeliveryCharge`, `IsPremiumRoadHandlingPackage`, `VehicleColor`, `CustomerComment`, `PurchaseDate`) VALUES (26, '5672C4AF-78E1-4BA4-B1D1-19383DCBE43C', 36, 10120.00 , 320.00 , 750.00 , 150.00 , 1, 'Green',  NULL, '2015-08-24');
INSERT into  `Production.ManufacturerVehicleStock` (`ManufacturerVehicleStockId`, `StockCode`, `ModelId`, `Cost`, `RepairsCharge`, `PartsCharge`, `DeliveryCharge`, `IsPremiumRoadHandlingPackage`, `VehicleColor`, `CustomerComment`, `PurchaseDate`) VALUES (259, 'B0559A26-5CE0-4C70-89EC-C73C0837B1E8', 73, 52360.00 , 500.00 , 1500.00 , 750.00 , 1, 'Black',  NULL, '2017-12-31');
INSERT into  `Production.ManufacturerVehicleStock` (`ManufacturerVehicleStockId`, `StockCode`, `ModelId`, `Cost`, `RepairsCharge`, `PartsCharge`, `DeliveryCharge`, `IsPremiumRoadHandlingPackage`, `VehicleColor`, `CustomerComment`, `PurchaseDate`) VALUES (258, '8BED3FBE-29EA-48AF-A8CE-7770F51A548F', 29, 34000.00 , 2000.00 , 150.00 , 550.00 , 1, 'Black',  NULL, '2017-12-31');
INSERT into  `Production.ManufacturerVehicleStock` (`ManufacturerVehicleStockId`, `StockCode`, `ModelId`, `Cost`, `RepairsCharge`, `PartsCharge`, `DeliveryCharge`, `IsPremiumRoadHandlingPackage`, `VehicleColor`, `CustomerComment`, `PurchaseDate`) VALUES (257, '61B73BA2-9EA0-4DB9-8D89-6E8D2A5D32DA', 76, 50000.00 , 500.00 , 750.00 , 550.00 , 1, 'British Racing Green',  NULL, '2017-12-30');
INSERT into  `Production.ManufacturerVehicleStock` (`ManufacturerVehicleStockId`, `StockCode`, `ModelId`, `Cost`, `RepairsCharge`, `PartsCharge`, `DeliveryCharge`, `IsPremiumRoadHandlingPackage`, `VehicleColor`, `CustomerComment`, `PurchaseDate`) VALUES (256, '2CE57C5E-98DE-402F-884A-A6227FD7FB5F', 38, 45560.00 , 500.00 , 1500.00 , 550.00 , 1, 'Pink',  NULL, '2017-12-30');
INSERT into  `Production.ManufacturerVehicleStock` (`ManufacturerVehicleStockId`, `StockCode`, `ModelId`, `Cost`, `RepairsCharge`, `PartsCharge`, `DeliveryCharge`, `IsPremiumRoadHandlingPackage`, `VehicleColor`, `CustomerComment`, `PurchaseDate`) VALUES (255, '2309FF52-564A-4A2C-B6EB-D94AA321D687', 63, 31600.00 , 1360.00 , 500.00 , 550.00 , 0, 'Black',  NULL, '2017-12-30');
INSERT into  `Production.ManufacturerVehicleStock` (`ManufacturerVehicleStockId`, `StockCode`, `ModelId`, `Cost`, `RepairsCharge`, `PartsCharge`, `DeliveryCharge`, `IsPremiumRoadHandlingPackage`, `VehicleColor`, `CustomerComment`, `PurchaseDate`) VALUES (254, '76D2E902-DF33-4BE5-8181-B9DA01869131', 22, 45480.00 , 500.00 , 1500.00 , 550.00 , 1, 'Canary Yellow',  NULL, '2017-12-30');
INSERT into  `Production.ManufacturerVehicleStock` (`ManufacturerVehicleStockId`, `StockCode`, `ModelId`, `Cost`, `RepairsCharge`, `PartsCharge`, `DeliveryCharge`, `IsPremiumRoadHandlingPackage`, `VehicleColor`, `CustomerComment`, `PurchaseDate`) VALUES (253, 'A21CAFB1-7242-42D1-80AC-E5D26941E2BE', 8, 6000.00 , 500.00 , 750.00 , 150.00 , 1, 'Blue',  NULL, '2017-12-20');
INSERT into  `Production.ManufacturerVehicleStock` (`ManufacturerVehicleStockId`, `StockCode`, `ModelId`, `Cost`, `RepairsCharge`, `PartsCharge`, `DeliveryCharge`, `IsPremiumRoadHandlingPackage`, `VehicleColor`, `CustomerComment`, `PurchaseDate`) VALUES (252, 'B8F3827A-5689-42B9-A1DE-26AFE7E2343E', 36, 10000.00 , 500.00 , 750.00 , 150.00 , 1, 'Black',  NULL, '2017-12-19');
INSERT into  `Production.ManufacturerVehicleStock` (`ManufacturerVehicleStockId`, `StockCode`, `ModelId`, `Cost`, `RepairsCharge`, `PartsCharge`, `DeliveryCharge`, `IsPremiumRoadHandlingPackage`, `VehicleColor`, `CustomerComment`, `PurchaseDate`) VALUES (251, 'C72ABA1C-D1FA-4A4B-9E16-9FE066D509BA', 97, 9592.00 , 500.00 , 750.00 , 150.00 , 1, 'Green',  NULL, '2017-12-10');
INSERT into  `Production.ManufacturerVehicleStock` (`ManufacturerVehicleStockId`, `StockCode`, `ModelId`, `Cost`, `RepairsCharge`, `PartsCharge`, `DeliveryCharge`, `IsPremiumRoadHandlingPackage`, `VehicleColor`, `CustomerComment`, `PurchaseDate`) VALUES (250, '00E07EB4-4A3A-434F-B3FC-76A312BEEF5D', 91, 6040.00 , 500.00 , 750.00 , 150.00 , 1, 'Red',  NULL, '2017-12-09');
INSERT into  `Production.ManufacturerVehicleStock` (`ManufacturerVehicleStockId`, `StockCode`, `ModelId`, `Cost`, `RepairsCharge`, `PartsCharge`, `DeliveryCharge`, `IsPremiumRoadHandlingPackage`, `VehicleColor`, `CustomerComment`, `PurchaseDate`) VALUES (25, 'BEECAE2C-0A38-473D-893F-7C8917A779C2', 7, 4400.00 , 500.00 , 750.00 , 150.00 , 1, 'Night Blue',  NULL, '2015-08-01');
INSERT into  `Production.ManufacturerVehicleStock` (`ManufacturerVehicleStockId`, `StockCode`, `ModelId`, `Cost`, `RepairsCharge`, `PartsCharge`, `DeliveryCharge`, `IsPremiumRoadHandlingPackage`, `VehicleColor`, `CustomerComment`, `PurchaseDate`) VALUES (249, '1860F37A-EBC7-42E9-B339-3F6D6048322F', 39, 36760.00 , 2000.00 , 500.00 , 550.00 , 1, 'Black',  NULL, '2017-12-09');
INSERT into  `Production.ManufacturerVehicleStock` (`ManufacturerVehicleStockId`, `StockCode`, `ModelId`, `Cost`, `RepairsCharge`, `PartsCharge`, `DeliveryCharge`, `IsPremiumRoadHandlingPackage`, `VehicleColor`, `CustomerComment`, `PurchaseDate`) VALUES (248, 'A88F114F-3808-4B2D-92BE-BD43EEA71742', 57, 37520.00 , 500.00 , 1500.00 , 550.00 , 1, 'Silver',  NULL, '2017-12-07');
INSERT into  `Production.ManufacturerVehicleStock` (`ManufacturerVehicleStockId`, `StockCode`, `ModelId`, `Cost`, `RepairsCharge`, `PartsCharge`, `DeliveryCharge`, `IsPremiumRoadHandlingPackage`, `VehicleColor`, `CustomerComment`, `PurchaseDate`) VALUES (247, '9BFDC1FA-8416-4F58-BE6C-3CCFA7A51860', 56, 79960.00 , 1490.00 , 750.00 , 750.00 , 1, 'Black',  NULL, '2017-12-07');
INSERT into  `Production.ManufacturerVehicleStock` (`ManufacturerVehicleStockId`, `StockCode`, `ModelId`, `Cost`, `RepairsCharge`, `PartsCharge`, `DeliveryCharge`, `IsPremiumRoadHandlingPackage`, `VehicleColor`, `CustomerComment`, `PurchaseDate`) VALUES (246, '7005E3EC-5DBF-4409-8545-AC401CF204DB', 87, 340000.00 , 2000.00 , 2200.00 , 1950.00 , 1, 'Canary Yellow',  NULL, '2017-12-01');
INSERT into  `Production.ManufacturerVehicleStock` (`ManufacturerVehicleStockId`, `StockCode`, `ModelId`, `Cost`, `RepairsCharge`, `PartsCharge`, `DeliveryCharge`, `IsPremiumRoadHandlingPackage`, `VehicleColor`, `CustomerComment`, `PurchaseDate`) VALUES (245, '2657F22B-5D29-4A7A-B3F9-3A04C14D7C93', 91, 18880.00 , 1360.00 , 750.00 , 150.00 , 0, 'Night Blue',  NULL, '2017-12-01');
INSERT into  `Production.ManufacturerVehicleStock` (`ManufacturerVehicleStockId`, `StockCode`, `ModelId`, `Cost`, `RepairsCharge`, `PartsCharge`, `DeliveryCharge`, `IsPremiumRoadHandlingPackage`, `VehicleColor`, `CustomerComment`, `PurchaseDate`) VALUES (244, '38264675-F235-412B-9B67-8F8CD86CF40D', 7, 20000.00 , 500.00 , 750.00 , 150.00 , 1, 'Black',  NULL, '2017-12-01');
INSERT into  `Production.ManufacturerVehicleStock` (`ManufacturerVehicleStockId`, `StockCode`, `ModelId`, `Cost`, `RepairsCharge`, `PartsCharge`, `DeliveryCharge`, `IsPremiumRoadHandlingPackage`, `VehicleColor`, `CustomerComment`, `PurchaseDate`) VALUES (243, 'BCA945A6-8F87-4A00-93ED-6F2A08F8F923', 77, 1276.00 , 500.00 , 225.00 , 150.00 , 0, 'Red',  NULL, '2017-12-01');
INSERT into  `Production.ManufacturerVehicleStock` (`ManufacturerVehicleStockId`, `StockCode`, `ModelId`, `Cost`, `RepairsCharge`, `PartsCharge`, `DeliveryCharge`, `IsPremiumRoadHandlingPackage`, `VehicleColor`, `CustomerComment`, `PurchaseDate`) VALUES (242, '896B39D5-8040-4947-94D0-0234B4E78B23', 25, 17280.00 , 1360.00 , 750.00 , 150.00 , 0, 'Red',  NULL, '2017-11-30');
INSERT into  `Production.ManufacturerVehicleStock` (`ManufacturerVehicleStockId`, `StockCode`, `ModelId`, `Cost`, `RepairsCharge`, `PartsCharge`, `DeliveryCharge`, `IsPremiumRoadHandlingPackage`, `VehicleColor`, `CustomerComment`, `PurchaseDate`) VALUES (241, 'B503DD91-24FA-4F4A-AF49-1EB15347A33D', 3, 36760.00 , 500.00 , 150.00 , 550.00 , 1, 'Black',  NULL, '2017-11-30');
INSERT into  `Production.ManufacturerVehicleStock` (`ManufacturerVehicleStockId`, `StockCode`, `ModelId`, `Cost`, `RepairsCharge`, `PartsCharge`, `DeliveryCharge`, `IsPremiumRoadHandlingPackage`, `VehicleColor`, `CustomerComment`, `PurchaseDate`) VALUES (240, '05D4115C-3F27-4059-BDC8-C0C3FFC85E8B', 15, 40960.00 , 1360.00 , 500.00 , 550.00 , 1, 'Black',  NULL, '2017-11-11');
INSERT into  `Production.ManufacturerVehicleStock` (`ManufacturerVehicleStockId`, `StockCode`, `ModelId`, `Cost`, `RepairsCharge`, `PartsCharge`, `DeliveryCharge`, `IsPremiumRoadHandlingPackage`, `VehicleColor`, `CustomerComment`, `PurchaseDate`) VALUES (24, 'CE0A56A6-8218-4F4C-A0E2-63F3DC9E4AE6', 1, 7040.00 , 140.00 , 750.00 , 150.00 , 1, 'Blue',  NULL, '2015-07-25');
INSERT into  `Production.ManufacturerVehicleStock` (`ManufacturerVehicleStockId`, `StockCode`, `ModelId`, `Cost`, `RepairsCharge`, `PartsCharge`, `DeliveryCharge`, `IsPremiumRoadHandlingPackage`, `VehicleColor`, `CustomerComment`, `PurchaseDate`) VALUES (239, '43195E1A-46B2-4554-B1A9-C849B1C0B53B', 59, 7960.00 , 500.00 , 750.00 , 150.00 , 1, 'Blue',  NULL, '2017-11-11');
INSERT into  `Production.ManufacturerVehicleStock` (`ManufacturerVehicleStockId`, `StockCode`, `ModelId`, `Cost`, `RepairsCharge`, `PartsCharge`, `DeliveryCharge`, `IsPremiumRoadHandlingPackage`, `VehicleColor`, `CustomerComment`, `PurchaseDate`) VALUES (238, 'C9D8FCFE-4A88-479C-A2CA-E2474AF4D8DF', 34, 9200.00 , 500.00 , 150.00 , 150.00 , 1, 'Blue',  NULL, '2017-11-11');
INSERT into  `Production.ManufacturerVehicleStock` (`ManufacturerVehicleStockId`, `StockCode`, `ModelId`, `Cost`, `RepairsCharge`, `PartsCharge`, `DeliveryCharge`, `IsPremiumRoadHandlingPackage`, `VehicleColor`, `CustomerComment`, `PurchaseDate`) VALUES (237, '26199C63-95B5-419B-A827-C0EEAF594A5B', 40, 8400.00 , 500.00 , 750.00 , 150.00 , 1, 'Black',  NULL, '2017-11-01');
INSERT into  `Production.ManufacturerVehicleStock` (`ManufacturerVehicleStockId`, `StockCode`, `ModelId`, `Cost`, `RepairsCharge`, `PartsCharge`, `DeliveryCharge`, `IsPremiumRoadHandlingPackage`, `VehicleColor`, `CustomerComment`, `PurchaseDate`) VALUES (236, 'ECD53BA8-3C63-4938-92C4-C955AEA6C4BC', 17, 18800.00 , 1360.00 , 500.00 , 150.00 , 1, 'Black',  NULL, '2017-11-01');
INSERT into  `Production.ManufacturerVehicleStock` (`ManufacturerVehicleStockId`, `StockCode`, `ModelId`, `Cost`, `RepairsCharge`, `PartsCharge`, `DeliveryCharge`, `IsPremiumRoadHandlingPackage`, `VehicleColor`, `CustomerComment`, `PurchaseDate`) VALUES (235, 'F1997A16-CB98-4D67-BCA3-DD22D990D1D2', 55, 1800.00 , 500.00 , 750.00 , 150.00 , 1, 'British Racing Green',  NULL, '2017-10-29');
INSERT into  `Production.ManufacturerVehicleStock` (`ManufacturerVehicleStockId`, `StockCode`, `ModelId`, `Cost`, `RepairsCharge`, `PartsCharge`, `DeliveryCharge`, `IsPremiumRoadHandlingPackage`, `VehicleColor`, `CustomerComment`, `PurchaseDate`) VALUES (234, 'B822FA7C-5FA5-4F17-A3A6-7199CB00F7F8', 57, 31600.00 , 970.00 , 500.00 , 550.00 , 1, 'Black',  NULL, '2017-10-29');
INSERT into  `Production.ManufacturerVehicleStock` (`ManufacturerVehicleStockId`, `StockCode`, `ModelId`, `Cost`, `RepairsCharge`, `PartsCharge`, `DeliveryCharge`, `IsPremiumRoadHandlingPackage`, `VehicleColor`, `CustomerComment`, `PurchaseDate`) VALUES (233, 'EBE7AD85-117F-4781-A5E5-13920EE2B546', 70, 196000.00 , 500.00 , 3150.00 , 1950.00 , 1, 'British Racing Green',  NULL, '2017-10-29');
INSERT into  `Production.ManufacturerVehicleStock` (`ManufacturerVehicleStockId`, `StockCode`, `ModelId`, `Cost`, `RepairsCharge`, `PartsCharge`, `DeliveryCharge`, `IsPremiumRoadHandlingPackage`, `VehicleColor`, `CustomerComment`, `PurchaseDate`) VALUES (232, '009A5323-23E5-48BE-95DB-BA94E1897419', 77, 20000.00 , 1360.00 , 750.00 , 150.00 , 1, 'Black',  NULL, '2017-10-29');
INSERT into  `Production.ManufacturerVehicleStock` (`ManufacturerVehicleStockId`, `StockCode`, `ModelId`, `Cost`, `RepairsCharge`, `PartsCharge`, `DeliveryCharge`, `IsPremiumRoadHandlingPackage`, `VehicleColor`, `CustomerComment`, `PurchaseDate`) VALUES (231, '8A275CE2-D116-49F7-8571-FD91F21ADAAA', 18, 188000.00 , 500.00 , 1500.00 , 1950.00 , 1, 'Black',  NULL, '2017-10-10');
INSERT into  `Production.ManufacturerVehicleStock` (`ManufacturerVehicleStockId`, `StockCode`, `ModelId`, `Cost`, `RepairsCharge`, `PartsCharge`, `DeliveryCharge`, `IsPremiumRoadHandlingPackage`, `VehicleColor`, `CustomerComment`, `PurchaseDate`) VALUES (230, 'C1C9D15D-9E57-4D22-8997-D1333EEC6B13', 54, 15600.00 , 1360.00 , 750.00 , 150.00 , 0, 'Black',  NULL, '2017-10-10');
INSERT into  `Production.ManufacturerVehicleStock` (`ManufacturerVehicleStockId`, `StockCode`, `ModelId`, `Cost`, `RepairsCharge`, `PartsCharge`, `DeliveryCharge`, `IsPremiumRoadHandlingPackage`, `VehicleColor`, `CustomerComment`, `PurchaseDate`) VALUES (23, '34CEE6C8-985B-4005-AB2F-AD3235C6A16D', 96, 44800.00 , 1785.00 , 500.00 , 550.00 , 1, 'Canary Yellow',  NULL, '2015-07-25');
INSERT into  `Production.ManufacturerVehicleStock` (`ManufacturerVehicleStockId`, `StockCode`, `ModelId`, `Cost`, `RepairsCharge`, `PartsCharge`, `DeliveryCharge`, `IsPremiumRoadHandlingPackage`, `VehicleColor`, `CustomerComment`, `PurchaseDate`) VALUES (229, '10AD713C-C997-48BB-A5FB-F0B5FD26479B', 22, 12600.00 , 1360.00 , 750.00 , 150.00 , 1, 'Pink',  NULL, '2017-09-25');
INSERT into  `Production.ManufacturerVehicleStock` (`ManufacturerVehicleStockId`, `StockCode`, `ModelId`, `Cost`, `RepairsCharge`, `PartsCharge`, `DeliveryCharge`, `IsPremiumRoadHandlingPackage`, `VehicleColor`, `CustomerComment`, `PurchaseDate`) VALUES (228, '15108517-AD0C-4FF2-A7D4-57679C374A68', 36, 124000.00 , 9250.00 , 750.00 , 1950.00 , 1, 'Red',  NULL, '2017-09-03');
INSERT into  `Production.ManufacturerVehicleStock` (`ManufacturerVehicleStockId`, `StockCode`, `ModelId`, `Cost`, `RepairsCharge`, `PartsCharge`, `DeliveryCharge`, `IsPremiumRoadHandlingPackage`, `VehicleColor`, `CustomerComment`, `PurchaseDate`) VALUES (227, 'DB2AF439-6293-4925-B905-1A57A0118B1A', 27, 200000.00 , 500.00 , 2200.00 , 1950.00 , 1, 'Black',  NULL, '2017-09-02');
INSERT into  `Production.ManufacturerVehicleStock` (`ManufacturerVehicleStockId`, `StockCode`, `ModelId`, `Cost`, `RepairsCharge`, `PartsCharge`, `DeliveryCharge`, `IsPremiumRoadHandlingPackage`, `VehicleColor`, `CustomerComment`, `PurchaseDate`) VALUES (226, 'B84575EE-2E61-482C-8B72-5A6A90ADC3FE', 77, 39600.00 , 1360.00 , 500.00 , 550.00 , 1, 'Green',  NULL, '2017-08-31');
INSERT into  `Production.ManufacturerVehicleStock` (`ManufacturerVehicleStockId`, `StockCode`, `ModelId`, `Cost`, `RepairsCharge`, `PartsCharge`, `DeliveryCharge`, `IsPremiumRoadHandlingPackage`, `VehicleColor`, `CustomerComment`, `PurchaseDate`) VALUES (225, '7FCABEE5-E116-4AE3-B7B1-483C2F0D18CA', 95, 44000.00 , 500.00 , 500.00 , 550.00 , 1, 'Black',  NULL, '2017-08-29');
INSERT into  `Production.ManufacturerVehicleStock` (`ManufacturerVehicleStockId`, `StockCode`, `ModelId`, `Cost`, `RepairsCharge`, `PartsCharge`, `DeliveryCharge`, `IsPremiumRoadHandlingPackage`, `VehicleColor`, `CustomerComment`, `PurchaseDate`) VALUES (224, 'AFAF5C3E-80C9-4C5A-9D2A-CDD238E40264', 82, 4400.00 , 500.00 , 750.00 , 150.00 , 1, 'Blue',  NULL, '2017-08-25');
INSERT into  `Production.ManufacturerVehicleStock` (`ManufacturerVehicleStockId`, `StockCode`, `ModelId`, `Cost`, `RepairsCharge`, `PartsCharge`, `DeliveryCharge`, `IsPremiumRoadHandlingPackage`, `VehicleColor`, `CustomerComment`, `PurchaseDate`) VALUES (223, '34A4BB21-60B3-4B0D-8DDB-8189C471A581', 18, 36000.00 , 2000.00 , 500.00 , 550.00 , 1, 'Night Blue',  NULL, '2017-08-05');
INSERT into  `Production.ManufacturerVehicleStock` (`ManufacturerVehicleStockId`, `StockCode`, `ModelId`, `Cost`, `RepairsCharge`, `PartsCharge`, `DeliveryCharge`, `IsPremiumRoadHandlingPackage`, `VehicleColor`, `CustomerComment`, `PurchaseDate`) VALUES (222, '8979136A-B34A-4CD3-B119-A6B158D15FFF', 90, 26140.00 , 660.00 , 500.00 , 550.00 , 1, 'Dark Purple',  NULL, '2017-08-05');
INSERT into  `Production.ManufacturerVehicleStock` (`ManufacturerVehicleStockId`, `StockCode`, `ModelId`, `Cost`, `RepairsCharge`, `PartsCharge`, `DeliveryCharge`, `IsPremiumRoadHandlingPackage`, `VehicleColor`, `CustomerComment`, `PurchaseDate`) VALUES (221, 'E59BFE04-E70B-4BAC-9269-ADC311ED0032', 4, 18080.00 , 1360.00 , 500.00 , 150.00 , 1, 'Black',  NULL, '2017-08-02');
INSERT into  `Production.ManufacturerVehicleStock` (`ManufacturerVehicleStockId`, `StockCode`, `ModelId`, `Cost`, `RepairsCharge`, `PartsCharge`, `DeliveryCharge`, `IsPremiumRoadHandlingPackage`, `VehicleColor`, `CustomerComment`, `PurchaseDate`) VALUES (220, '23E43063-5402-4946-8830-0723F6B3CE1C', 49, 132000.00 , 9250.00 , 3150.00 , 1950.00 , 1, 'Dark Purple',  NULL, '2017-08-02');
INSERT into  `Production.ManufacturerVehicleStock` (`ManufacturerVehicleStockId`, `StockCode`, `ModelId`, `Cost`, `RepairsCharge`, `PartsCharge`, `DeliveryCharge`, `IsPremiumRoadHandlingPackage`, `VehicleColor`, `CustomerComment`, `PurchaseDate`) VALUES (22, 'FDCDF3F0-F0AD-4E7F-8793-8B146700D035', 34, 15600.00 , 290.00 , 750.00 , 150.00 , 1, 'Silver',  NULL, '2015-07-25');
INSERT into  `Production.ManufacturerVehicleStock` (`ManufacturerVehicleStockId`, `StockCode`, `ModelId`, `Cost`, `RepairsCharge`, `PartsCharge`, `DeliveryCharge`, `IsPremiumRoadHandlingPackage`, `VehicleColor`, `CustomerComment`, `PurchaseDate`) VALUES (219, 'ACB85DBA-4914-4222-8D24-6D87B0DAE10A', 32, 71600.00 , 500.00 , 750.00 , 750.00 , 1, 'British Racing Green',  NULL, '2017-07-25');
INSERT into  `Production.ManufacturerVehicleStock` (`ManufacturerVehicleStockId`, `StockCode`, `ModelId`, `Cost`, `RepairsCharge`, `PartsCharge`, `DeliveryCharge`, `IsPremiumRoadHandlingPackage`, `VehicleColor`, `CustomerComment`, `PurchaseDate`) VALUES (218, '2B0FC8E5-82CB-4804-8691-0586F2255E9E', 94, 108000.00 , 2000.00 , 1500.00 , 1950.00 , 1, 'Silver',  NULL, '2017-07-25');
INSERT into  `Production.ManufacturerVehicleStock` (`ManufacturerVehicleStockId`, `StockCode`, `ModelId`, `Cost`, `RepairsCharge`, `PartsCharge`, `DeliveryCharge`, `IsPremiumRoadHandlingPackage`, `VehicleColor`, `CustomerComment`, `PurchaseDate`) VALUES (217, '306507B9-D2E1-4C5D-8F01-C93C90C93B6E', 44, 79600.00 , 2175.00 , 750.00 , 750.00 , 1, 'Night Blue',  NULL, '2017-07-25');
INSERT into  `Production.ManufacturerVehicleStock` (`ManufacturerVehicleStockId`, `StockCode`, `ModelId`, `Cost`, `RepairsCharge`, `PartsCharge`, `DeliveryCharge`, `IsPremiumRoadHandlingPackage`, `VehicleColor`, `CustomerComment`, `PurchaseDate`) VALUES (216, '332CE8D2-E19F-4656-BCC6-E3E45AD09D85', 100, 45200.00 , 500.00 , 750.00 , 550.00 , 1, 'Silver',  NULL, '2017-07-25');
INSERT into  `Production.ManufacturerVehicleStock` (`ManufacturerVehicleStockId`, `StockCode`, `ModelId`, `Cost`, `RepairsCharge`, `PartsCharge`, `DeliveryCharge`, `IsPremiumRoadHandlingPackage`, `VehicleColor`, `CustomerComment`, `PurchaseDate`) VALUES (215, 'D69ABA72-1B0D-4073-8B7D-D6CA65C4DDF7', 93, 268000.00 , 2000.00 , 2200.00 , 1950.00 , 0, 'Silver',  NULL, '2017-07-01');
INSERT into  `Production.ManufacturerVehicleStock` (`ManufacturerVehicleStockId`, `StockCode`, `ModelId`, `Cost`, `RepairsCharge`, `PartsCharge`, `DeliveryCharge`, `IsPremiumRoadHandlingPackage`, `VehicleColor`, `CustomerComment`, `PurchaseDate`) VALUES (214, '2595D5C0-5002-464B-8F2B-C873FB29B4F9', 3, 79960.00 , 1490.00 , 750.00 , 750.00 , 1, 'Blue',  NULL, '2017-06-30');
INSERT into  `Production.ManufacturerVehicleStock` (`ManufacturerVehicleStockId`, `StockCode`, `ModelId`, `Cost`, `RepairsCharge`, `PartsCharge`, `DeliveryCharge`, `IsPremiumRoadHandlingPackage`, `VehicleColor`, `CustomerComment`, `PurchaseDate`) VALUES (213, 'B4CC6E9A-8473-4A84-A811-73EABAFDC582', 94, 10000.00 , 500.00 , 750.00 , 150.00 , 1, 'Black',  NULL, '2017-06-30');
INSERT into  `Production.ManufacturerVehicleStock` (`ManufacturerVehicleStockId`, `StockCode`, `ModelId`, `Cost`, `RepairsCharge`, `PartsCharge`, `DeliveryCharge`, `IsPremiumRoadHandlingPackage`, `VehicleColor`, `CustomerComment`, `PurchaseDate`) VALUES (212, 'B09E4DDD-C2DD-45BE-B5F1-19FBF5970352', 73, 23600.00 , 1360.00 , 750.00 , 150.00 , 1, 'Black',  NULL, '2017-06-30');
INSERT into  `Production.ManufacturerVehicleStock` (`ManufacturerVehicleStockId`, `StockCode`, `ModelId`, `Cost`, `RepairsCharge`, `PartsCharge`, `DeliveryCharge`, `IsPremiumRoadHandlingPackage`, `VehicleColor`, `CustomerComment`, `PurchaseDate`) VALUES (211, '760F5558-3C9E-4B70-A412-0448B90B0D89', 49, 3160.00 , 500.00 , 750.00 , 150.00 , 1, 'Black',  NULL, '2017-06-23');
INSERT into  `Production.ManufacturerVehicleStock` (`ManufacturerVehicleStockId`, `StockCode`, `ModelId`, `Cost`, `RepairsCharge`, `PartsCharge`, `DeliveryCharge`, `IsPremiumRoadHandlingPackage`, `VehicleColor`, `CustomerComment`, `PurchaseDate`) VALUES (210, '2866BF16-7A79-4DB7-8657-30958E4035A9', 77, 45512.00 , 500.00 , 500.00 , 550.00 , 1, 'Red',  NULL, '2017-06-23');
INSERT into  `Production.ManufacturerVehicleStock` (`ManufacturerVehicleStockId`, `StockCode`, `ModelId`, `Cost`, `RepairsCharge`, `PartsCharge`, `DeliveryCharge`, `IsPremiumRoadHandlingPackage`, `VehicleColor`, `CustomerComment`, `PurchaseDate`) VALUES (21, '325F4D73-D44A-44BD-B109-AD25D924D38F', 86, 18392.00 , 390.00 , 150.00 , 150.00 , 1, 'Night Blue',  NULL, '2015-07-10');
INSERT into  `Production.ManufacturerVehicleStock` (`ManufacturerVehicleStockId`, `StockCode`, `ModelId`, `Cost`, `RepairsCharge`, `PartsCharge`, `DeliveryCharge`, `IsPremiumRoadHandlingPackage`, `VehicleColor`, `CustomerComment`, `PurchaseDate`) VALUES (209, '658F0B06-2357-4DAA-803C-4DD7F569F270', 26, 23600.00 , 500.00 , 150.00 , 150.00 , 1, 'Black',  NULL, '2017-06-22');
INSERT into  `Production.ManufacturerVehicleStock` (`ManufacturerVehicleStockId`, `StockCode`, `ModelId`, `Cost`, `RepairsCharge`, `PartsCharge`, `DeliveryCharge`, `IsPremiumRoadHandlingPackage`, `VehicleColor`, `CustomerComment`, `PurchaseDate`) VALUES (208, 'D05D6642-FABF-4F56-8A7E-D8C47A8AAB70', 20, 4520.00 , 500.00 , 150.00 , 150.00 , 1, 'Black',  NULL, '2017-06-21');
INSERT into  `Production.ManufacturerVehicleStock` (`ManufacturerVehicleStockId`, `StockCode`, `ModelId`, `Cost`, `RepairsCharge`, `PartsCharge`, `DeliveryCharge`, `IsPremiumRoadHandlingPackage`, `VehicleColor`, `CustomerComment`, `PurchaseDate`) VALUES (207, 'D32D55B7-3546-4CCA-B4C0-DBA976572CA2', 13, 10360.00 , 1360.00 , 750.00 , 150.00 , 1, 'Blue',  NULL, '2017-06-12');
INSERT into  `Production.ManufacturerVehicleStock` (`ManufacturerVehicleStockId`, `StockCode`, `ModelId`, `Cost`, `RepairsCharge`, `PartsCharge`, `DeliveryCharge`, `IsPremiumRoadHandlingPackage`, `VehicleColor`, `CustomerComment`, `PurchaseDate`) VALUES (206, '1A80A54C-D98D-41D6-87EE-8F67F3B06FA8', 20, 15600.00 , 1360.00 , 500.00 , 150.00 , 1, 'Blue',  NULL, '2017-06-11');
INSERT into  `Production.ManufacturerVehicleStock` (`ManufacturerVehicleStockId`, `StockCode`, `ModelId`, `Cost`, `RepairsCharge`, `PartsCharge`, `DeliveryCharge`, `IsPremiumRoadHandlingPackage`, `VehicleColor`, `CustomerComment`, `PurchaseDate`) VALUES (205, '2EE943CB-2473-4333-8626-FC94FCD0947E', 8, 20000.00 , 500.00 , 150.00 , 150.00 , 1, 'Canary Yellow',  NULL, '2017-06-10');
INSERT into  `Production.ManufacturerVehicleStock` (`ManufacturerVehicleStockId`, `StockCode`, `ModelId`, `Cost`, `RepairsCharge`, `PartsCharge`, `DeliveryCharge`, `IsPremiumRoadHandlingPackage`, `VehicleColor`, `CustomerComment`, `PurchaseDate`) VALUES (204, '57E2BA34-6397-448F-8A8C-1306CC922231', 39, 79600.00 , 2175.00 , 750.00 , 750.00 , 1, 'Green',  NULL, '2017-06-09');
INSERT into  `Production.ManufacturerVehicleStock` (`ManufacturerVehicleStockId`, `StockCode`, `ModelId`, `Cost`, `RepairsCharge`, `PartsCharge`, `DeliveryCharge`, `IsPremiumRoadHandlingPackage`, `VehicleColor`, `CustomerComment`, `PurchaseDate`) VALUES (203, '9743A284-D059-4EEB-98AB-ACDE88C1E9F5', 99, 5272.00 , 500.00 , 750.00 , 150.00 , 1, 'Dark Purple',  NULL, '2017-06-08');
INSERT into  `Production.ManufacturerVehicleStock` (`ManufacturerVehicleStockId`, `StockCode`, `ModelId`, `Cost`, `RepairsCharge`, `PartsCharge`, `DeliveryCharge`, `IsPremiumRoadHandlingPackage`, `VehicleColor`, `CustomerComment`, `PurchaseDate`) VALUES (202, '8BB7FF86-2D80-40B7-B216-254C16843529', 72, 6800.00 , 500.00 , 750.00 , 150.00 , 1, 'Green',  NULL, '2017-06-05');
INSERT into  `Production.ManufacturerVehicleStock` (`ManufacturerVehicleStockId`, `StockCode`, `ModelId`, `Cost`, `RepairsCharge`, `PartsCharge`, `DeliveryCharge`, `IsPremiumRoadHandlingPackage`, `VehicleColor`, `CustomerComment`, `PurchaseDate`) VALUES (201, 'A0098927-0C7D-4CC8-8022-57A24433EF61', 57, 1000.00 , 500.00 , 225.00 , 150.00 , 1, 'Red',  NULL, '2017-06-01');
INSERT into  `Production.ManufacturerVehicleStock` (`ManufacturerVehicleStockId`, `StockCode`, `ModelId`, `Cost`, `RepairsCharge`, `PartsCharge`, `DeliveryCharge`, `IsPremiumRoadHandlingPackage`, `VehicleColor`, `CustomerComment`, `PurchaseDate`) VALUES (200, '0C3EBD09-B9DF-414D-AD00-90F5819812D0', 67, 36000.00 , 500.00 , 750.00 , 550.00 , 1, 'Blue',  NULL, '2017-05-31');
INSERT into  `Production.ManufacturerVehicleStock` (`ManufacturerVehicleStockId`, `StockCode`, `ModelId`, `Cost`, `RepairsCharge`, `PartsCharge`, `DeliveryCharge`, `IsPremiumRoadHandlingPackage`, `VehicleColor`, `CustomerComment`, `PurchaseDate`) VALUES (20, '94FF5451-471C-4F17-BE27-BA55D3ECF5DC', 18, 6956.00 , 400.00 , 750.00 , 150.00 , 1, 'Red',  NULL, '2015-07-10');
INSERT into  `Production.ManufacturerVehicleStock` (`ManufacturerVehicleStockId`, `StockCode`, `ModelId`, `Cost`, `RepairsCharge`, `PartsCharge`, `DeliveryCharge`, `IsPremiumRoadHandlingPackage`, `VehicleColor`, `CustomerComment`, `PurchaseDate`) VALUES (2, 'A2C3B95E-3005-4840-8CE3-A7BC5F9CFB5F', 69, 176000.00 , 5500.00 , 2200.00 , 1950.00 , 1, 'Blue',  NULL, '2015-01-10');
INSERT into  `Production.ManufacturerVehicleStock` (`ManufacturerVehicleStockId`, `StockCode`, `ModelId`, `Cost`, `RepairsCharge`, `PartsCharge`, `DeliveryCharge`, `IsPremiumRoadHandlingPackage`, `VehicleColor`, `CustomerComment`, `PurchaseDate`) VALUES (199, '638FCDD5-AFFF-4DCA-AAEC-17F527FB9D02', 22, 26000.00 , 1360.00 , 750.00 , 550.00 , 1, 'Black',  NULL, '2017-05-31');
INSERT into  `Production.ManufacturerVehicleStock` (`ManufacturerVehicleStockId`, `StockCode`, `ModelId`, `Cost`, `RepairsCharge`, `PartsCharge`, `DeliveryCharge`, `IsPremiumRoadHandlingPackage`, `VehicleColor`, `CustomerComment`, `PurchaseDate`) VALUES (198, '3A0070F8-C340-4B6F-9F36-4A1CBDB39FE9', 95, 1880.00 , 500.00 , 225.00 , 150.00 , 1, 'British Racing Green',  NULL, '2017-05-26');
INSERT into  `Production.ManufacturerVehicleStock` (`ManufacturerVehicleStockId`, `StockCode`, `ModelId`, `Cost`, `RepairsCharge`, `PartsCharge`, `DeliveryCharge`, `IsPremiumRoadHandlingPackage`, `VehicleColor`, `CustomerComment`, `PurchaseDate`) VALUES (197, '8BB5BBD3-E03C-457C-86E2-67199FCB302A', 96, 62000.00 , 1490.00 , 1500.00 , 750.00 , 1, 'Canary Yellow',  NULL, '2017-05-25');
INSERT into  `Production.ManufacturerVehicleStock` (`ManufacturerVehicleStockId`, `StockCode`, `ModelId`, `Cost`, `RepairsCharge`, `PartsCharge`, `DeliveryCharge`, `IsPremiumRoadHandlingPackage`, `VehicleColor`, `CustomerComment`, `PurchaseDate`) VALUES (196, 'DF5411FC-24C5-4CAB-89DF-54741054D8DD', 100, 29200.00 , 500.00 , 500.00 , 550.00 , 1, 'Black',  NULL, '2017-05-24');
INSERT into  `Production.ManufacturerVehicleStock` (`ManufacturerVehicleStockId`, `StockCode`, `ModelId`, `Cost`, `RepairsCharge`, `PartsCharge`, `DeliveryCharge`, `IsPremiumRoadHandlingPackage`, `VehicleColor`, `CustomerComment`, `PurchaseDate`) VALUES (195, 'D3C15454-EF60-415F-860D-99D41F0A485F', 65, 36000.00 , 500.00 , 750.00 , 550.00 , 1, 'Night Blue',  NULL, '2017-05-23');
INSERT into  `Production.ManufacturerVehicleStock` (`ManufacturerVehicleStockId`, `StockCode`, `ModelId`, `Cost`, `RepairsCharge`, `PartsCharge`, `DeliveryCharge`, `IsPremiumRoadHandlingPackage`, `VehicleColor`, `CustomerComment`, `PurchaseDate`) VALUES (194, 'E0760EF4-3939-4063-821F-5923EF8760B4', 89, 26800.00 , 500.00 , 750.00 , 550.00 , 1, 'Black',  NULL, '2017-05-22');
INSERT into  `Production.ManufacturerVehicleStock` (`ManufacturerVehicleStockId`, `StockCode`, `ModelId`, `Cost`, `RepairsCharge`, `PartsCharge`, `DeliveryCharge`, `IsPremiumRoadHandlingPackage`, `VehicleColor`, `CustomerComment`, `PurchaseDate`) VALUES (193, 'BD15948E-42F0-41BC-920C-343E0816B0AB', 51, 79600.00 , 1490.00 , 750.00 , 750.00 , 1, 'Night Blue',  NULL, '2017-05-21');
INSERT into  `Production.ManufacturerVehicleStock` (`ManufacturerVehicleStockId`, `StockCode`, `ModelId`, `Cost`, `RepairsCharge`, `PartsCharge`, `DeliveryCharge`, `IsPremiumRoadHandlingPackage`, `VehicleColor`, `CustomerComment`, `PurchaseDate`) VALUES (192, '589E8DB1-B2D4-4921-A11B-9A2A80EA73D9', 82, 236000.00 , 9250.00 , 3150.00 , 1950.00 , 1, 'Silver',  NULL, '2017-05-20');
INSERT into  `Production.ManufacturerVehicleStock` (`ManufacturerVehicleStockId`, `StockCode`, `ModelId`, `Cost`, `RepairsCharge`, `PartsCharge`, `DeliveryCharge`, `IsPremiumRoadHandlingPackage`, `VehicleColor`, `CustomerComment`, `PurchaseDate`) VALUES (191, 'ECC534C7-B2DD-425C-98D3-98D2332B373C', 11, 760.00 , 500.00 , 750.00 , 150.00 , 1, 'Black',  NULL, '2017-05-19');
INSERT into  `Production.ManufacturerVehicleStock` (`ManufacturerVehicleStockId`, `StockCode`, `ModelId`, `Cost`, `RepairsCharge`, `PartsCharge`, `DeliveryCharge`, `IsPremiumRoadHandlingPackage`, `VehicleColor`, `CustomerComment`, `PurchaseDate`) VALUES (190, '06FD2864-8415-44A5-B022-B98BEFB7E490', 66, 7400.00 , 500.00 , 750.00 , 150.00 , 1, 'Silver',  NULL, '2017-05-18');
INSERT into  `Production.ManufacturerVehicleStock` (`ManufacturerVehicleStockId`, `StockCode`, `ModelId`, `Cost`, `RepairsCharge`, `PartsCharge`, `DeliveryCharge`, `IsPremiumRoadHandlingPackage`, `VehicleColor`, `CustomerComment`, `PurchaseDate`) VALUES (19, 'BCCB9C13-AEDA-4467-A014-48F0C7A0D6A4', 74, 18360.00 , 550.00 , 500.00 , 150.00 , 1, 'Red',  NULL, '2015-06-05');
INSERT into  `Production.ManufacturerVehicleStock` (`ManufacturerVehicleStockId`, `StockCode`, `ModelId`, `Cost`, `RepairsCharge`, `PartsCharge`, `DeliveryCharge`, `IsPremiumRoadHandlingPackage`, `VehicleColor`, `CustomerComment`, `PurchaseDate`) VALUES (189, 'A5BDB4E0-1544-449F-8596-D63D70548675', 38, 5200.00 , 500.00 , 750.00 , 150.00 , 1, 'Blue',  NULL, '2017-05-15');
INSERT into  `Production.ManufacturerVehicleStock` (`ManufacturerVehicleStockId`, `StockCode`, `ModelId`, `Cost`, `RepairsCharge`, `PartsCharge`, `DeliveryCharge`, `IsPremiumRoadHandlingPackage`, `VehicleColor`, `CustomerComment`, `PurchaseDate`) VALUES (188, '6AEAC4F1-4C81-4FAA-A97C-3DCC0E6CB5DE', 64, 200000.00 , 3950.00 , 3150.00 , 1950.00 , 1, 'Black',  NULL, '2017-05-12');
INSERT into  `Production.ManufacturerVehicleStock` (`ManufacturerVehicleStockId`, `StockCode`, `ModelId`, `Cost`, `RepairsCharge`, `PartsCharge`, `DeliveryCharge`, `IsPremiumRoadHandlingPackage`, `VehicleColor`, `CustomerComment`, `PurchaseDate`) VALUES (187, 'F8B48177-FB78-4245-935F-FB6FBCE8D870', 40, 204760.00 , 5500.00 , 750.00 , 1950.00 , 1, 'Blue',  NULL, '2017-05-11');
INSERT into  `Production.ManufacturerVehicleStock` (`ManufacturerVehicleStockId`, `StockCode`, `ModelId`, `Cost`, `RepairsCharge`, `PartsCharge`, `DeliveryCharge`, `IsPremiumRoadHandlingPackage`, `VehicleColor`, `CustomerComment`, `PurchaseDate`) VALUES (186, '5D11974B-326C-44C5-BA1D-57968CAB0DEE', 41, 204000.00 , 9250.00 , 1500.00 , 1950.00 , 1, 'Black',  NULL, '2017-05-03');
INSERT into  `Production.ManufacturerVehicleStock` (`ManufacturerVehicleStockId`, `StockCode`, `ModelId`, `Cost`, `RepairsCharge`, `PartsCharge`, `DeliveryCharge`, `IsPremiumRoadHandlingPackage`, `VehicleColor`, `CustomerComment`, `PurchaseDate`) VALUES (185, 'C4ACB04E-C8D4-465E-8D66-8BA033443D61', 41, 10000.00 , 500.00 , 750.00 , 150.00 , 1, 'Blue',  NULL, '2017-05-03');
INSERT into  `Production.ManufacturerVehicleStock` (`ManufacturerVehicleStockId`, `StockCode`, `ModelId`, `Cost`, `RepairsCharge`, `PartsCharge`, `DeliveryCharge`, `IsPremiumRoadHandlingPackage`, `VehicleColor`, `CustomerComment`, `PurchaseDate`) VALUES (184, '4A4A1D5E-1682-4ACA-A60D-0072693FE190', 71, 49200.00 , 1360.00 , 750.00 , 550.00 , 1, 'Black',  NULL, '2017-05-02');
INSERT into  `Production.ManufacturerVehicleStock` (`ManufacturerVehicleStockId`, `StockCode`, `ModelId`, `Cost`, `RepairsCharge`, `PartsCharge`, `DeliveryCharge`, `IsPremiumRoadHandlingPackage`, `VehicleColor`, `CustomerComment`, `PurchaseDate`) VALUES (183, '7A12CA8A-DC67-4A4F-B6F4-8B150873523A', 99, 52712.00 , 500.00 , 750.00 , 750.00 , 1, 'Blue',  NULL, '2017-05-02');
INSERT into  `Production.ManufacturerVehicleStock` (`ManufacturerVehicleStockId`, `StockCode`, `ModelId`, `Cost`, `RepairsCharge`, `PartsCharge`, `DeliveryCharge`, `IsPremiumRoadHandlingPackage`, `VehicleColor`, `CustomerComment`, `PurchaseDate`) VALUES (182, '57137FAF-3144-4CB7-BAAB-BA533A710E72', 39, 29200.00 , 500.00 , 500.00 , 550.00 , 1, 'Canary Yellow',  NULL, '2017-05-01');
INSERT into  `Production.ManufacturerVehicleStock` (`ManufacturerVehicleStockId`, `StockCode`, `ModelId`, `Cost`, `RepairsCharge`, `PartsCharge`, `DeliveryCharge`, `IsPremiumRoadHandlingPackage`, `VehicleColor`, `CustomerComment`, `PurchaseDate`) VALUES (181, 'B607E8E1-5ECA-4DE2-BC46-909DBF9371D3', 97, 63600.00 , 2175.00 , 750.00 , 750.00 , 0, 'Black',  NULL, '2017-05-01');
INSERT into  `Production.ManufacturerVehicleStock` (`ManufacturerVehicleStockId`, `StockCode`, `ModelId`, `Cost`, `RepairsCharge`, `PartsCharge`, `DeliveryCharge`, `IsPremiumRoadHandlingPackage`, `VehicleColor`, `CustomerComment`, `PurchaseDate`) VALUES (180, '05AB94D5-2F8D-4B06-878D-615956C94EC2', 36, 130000.00 , 3950.00 , 3150.00 , 1950.00 , 1, 'Red',  NULL, '2017-04-30');
INSERT into  `Production.ManufacturerVehicleStock` (`ManufacturerVehicleStockId`, `StockCode`, `ModelId`, `Cost`, `RepairsCharge`, `PartsCharge`, `DeliveryCharge`, `IsPremiumRoadHandlingPackage`, `VehicleColor`, `CustomerComment`, `PurchaseDate`) VALUES (18, '91CF8133-EF19-4C92-BEFB-6A24FD85EF3A', 19, 156000.00 , 6000.00 , 1500.00 , 1950.00 , 1, 'Green',  NULL, '2015-06-03');
INSERT into  `Production.ManufacturerVehicleStock` (`ManufacturerVehicleStockId`, `StockCode`, `ModelId`, `Cost`, `RepairsCharge`, `PartsCharge`, `DeliveryCharge`, `IsPremiumRoadHandlingPackage`, `VehicleColor`, `CustomerComment`, `PurchaseDate`) VALUES (179, '3A8161E3-C69D-4CC0-83DA-18EDE07CC83A', 97, 45592.00 , 970.00 , 750.00 , 550.00 , 1, 'Red',  NULL, '2017-04-30');
INSERT into  `Production.ManufacturerVehicleStock` (`ManufacturerVehicleStockId`, `StockCode`, `ModelId`, `Cost`, `RepairsCharge`, `PartsCharge`, `DeliveryCharge`, `IsPremiumRoadHandlingPackage`, `VehicleColor`, `CustomerComment`, `PurchaseDate`) VALUES (178, 'C1A812F1-5FA1-48BA-8787-16F2F0A704BC', 71, 63600.00 , 500.00 , 750.00 , 750.00 , 1, 'Red',  NULL, '2017-04-30');
INSERT into  `Production.ManufacturerVehicleStock` (`ManufacturerVehicleStockId`, `StockCode`, `ModelId`, `Cost`, `RepairsCharge`, `PartsCharge`, `DeliveryCharge`, `IsPremiumRoadHandlingPackage`, `VehicleColor`, `CustomerComment`, `PurchaseDate`) VALUES (177, '08B3555E-47A2-4365-AED8-2DF054FF73E2', 27, 176400.00 , 9250.00 , 2200.00 , 1950.00 , 1, 'Red',  NULL, '2017-04-05');
INSERT into  `Production.ManufacturerVehicleStock` (`ManufacturerVehicleStockId`, `StockCode`, `ModelId`, `Cost`, `RepairsCharge`, `PartsCharge`, `DeliveryCharge`, `IsPremiumRoadHandlingPackage`, `VehicleColor`, `CustomerComment`, `PurchaseDate`) VALUES (176, 'CD06C0DF-D3A2-4593-BF40-7DAE6B73F58C', 36, 236000.00 , 5500.00 , 750.00 , 1950.00 , 1, 'Black',  NULL, '2017-04-01');
INSERT into  `Production.ManufacturerVehicleStock` (`ManufacturerVehicleStockId`, `StockCode`, `ModelId`, `Cost`, `RepairsCharge`, `PartsCharge`, `DeliveryCharge`, `IsPremiumRoadHandlingPackage`, `VehicleColor`, `CustomerComment`, `PurchaseDate`) VALUES (175, '1B77D0BA-45C9-4C76-952E-B2FA2859B7AB', 48, 111600.00 , 9250.00 , 2200.00 , 1950.00 , 1, 'British Racing Green',  NULL, '2017-04-01');
INSERT into  `Production.ManufacturerVehicleStock` (`ManufacturerVehicleStockId`, `StockCode`, `ModelId`, `Cost`, `RepairsCharge`, `PartsCharge`, `DeliveryCharge`, `IsPremiumRoadHandlingPackage`, `VehicleColor`, `CustomerComment`, `PurchaseDate`) VALUES (174, '1909CD9B-9C06-4CFB-B8AD-292967E55E2F', 66, 23600.00 , 970.00 , 750.00 , 150.00 , 1, 'Black',  NULL, '2017-04-01');
INSERT into  `Production.ManufacturerVehicleStock` (`ManufacturerVehicleStockId`, `StockCode`, `ModelId`, `Cost`, `RepairsCharge`, `PartsCharge`, `DeliveryCharge`, `IsPremiumRoadHandlingPackage`, `VehicleColor`, `CustomerComment`, `PurchaseDate`) VALUES (173, '32C41EC9-CB3C-4D0F-9C85-2500CE2E4813', 36, 792.00 , 500.00 , 150.00 , 150.00 , 0, 'British Racing Green',  NULL, '2017-03-30');
INSERT into  `Production.ManufacturerVehicleStock` (`ManufacturerVehicleStockId`, `StockCode`, `ModelId`, `Cost`, `RepairsCharge`, `PartsCharge`, `DeliveryCharge`, `IsPremiumRoadHandlingPackage`, `VehicleColor`, `CustomerComment`, `PurchaseDate`) VALUES (172, '0588AA57-B6B5-47F5-910F-5A1099B0476D', 79, 34360.00 , 970.00 , 750.00 , 550.00 , 1, 'Night Blue',  NULL, '2017-03-29');
INSERT into  `Production.ManufacturerVehicleStock` (`ManufacturerVehicleStockId`, `StockCode`, `ModelId`, `Cost`, `RepairsCharge`, `PartsCharge`, `DeliveryCharge`, `IsPremiumRoadHandlingPackage`, `VehicleColor`, `CustomerComment`, `PurchaseDate`) VALUES (171, '4831A9DA-09BD-4AC3-8984-947F284CD4A8', 88, 43992.00 , 970.00 , 500.00 , 550.00 , 1, 'Green',  NULL, '2017-03-29');
INSERT into  `Production.ManufacturerVehicleStock` (`ManufacturerVehicleStockId`, `StockCode`, `ModelId`, `Cost`, `RepairsCharge`, `PartsCharge`, `DeliveryCharge`, `IsPremiumRoadHandlingPackage`, `VehicleColor`, `CustomerComment`, `PurchaseDate`) VALUES (170, '5F898C04-BDFB-437B-A640-AE520F14031E', 66, 23200.00 , 500.00 , 750.00 , 150.00 , 1, 'Dark Purple',  NULL, '2017-03-12');
INSERT into  `Production.ManufacturerVehicleStock` (`ManufacturerVehicleStockId`, `StockCode`, `ModelId`, `Cost`, `RepairsCharge`, `PartsCharge`, `DeliveryCharge`, `IsPremiumRoadHandlingPackage`, `VehicleColor`, `CustomerComment`, `PurchaseDate`) VALUES (17, '951195C4-7B69-418B-9AC2-61CCB7FE7C09', 55, 7160.00 , 500.00 , 750.00 , 150.00 , 1, 'Green',  NULL, '2015-05-26');
INSERT into  `Production.ManufacturerVehicleStock` (`ManufacturerVehicleStockId`, `StockCode`, `ModelId`, `Cost`, `RepairsCharge`, `PartsCharge`, `DeliveryCharge`, `IsPremiumRoadHandlingPackage`, `VehicleColor`, `CustomerComment`, `PurchaseDate`) VALUES (169, '643800B3-AD63-4B67-8ACF-672B91F04C57', 63, 244000.00 , 3950.00 , 3150.00 , 1950.00 , 0, 'Green',  NULL, '2017-03-12');
INSERT into  `Production.ManufacturerVehicleStock` (`ManufacturerVehicleStockId`, `StockCode`, `ModelId`, `Cost`, `RepairsCharge`, `PartsCharge`, `DeliveryCharge`, `IsPremiumRoadHandlingPackage`, `VehicleColor`, `CustomerComment`, `PurchaseDate`) VALUES (168, '0B3AEBF5-0997-447D-B0E8-B399B7343742', 22, 44480.00 , 660.00 , 750.00 , 550.00 , 1, 'Green',  NULL, '2017-03-12');
INSERT into  `Production.ManufacturerVehicleStock` (`ManufacturerVehicleStockId`, `StockCode`, `ModelId`, `Cost`, `RepairsCharge`, `PartsCharge`, `DeliveryCharge`, `IsPremiumRoadHandlingPackage`, `VehicleColor`, `CustomerComment`, `PurchaseDate`) VALUES (167, '49D19AE8-FBBF-496C-BC1E-9450544DD193', 19, 53200.00 , 2175.00 , 1500.00 , 750.00 , 0, 'Black',  NULL, '2017-03-08');
INSERT into  `Production.ManufacturerVehicleStock` (`ManufacturerVehicleStockId`, `StockCode`, `ModelId`, `Cost`, `RepairsCharge`, `PartsCharge`, `DeliveryCharge`, `IsPremiumRoadHandlingPackage`, `VehicleColor`, `CustomerComment`, `PurchaseDate`) VALUES (166, '2C377634-90F1-4BC1-A366-0F0EBD26910D', 46, 69200.00 , 2000.00 , 1500.00 , 750.00 , 1, 'Silver',  NULL, '2017-03-08');
INSERT into  `Production.ManufacturerVehicleStock` (`ManufacturerVehicleStockId`, `StockCode`, `ModelId`, `Cost`, `RepairsCharge`, `PartsCharge`, `DeliveryCharge`, `IsPremiumRoadHandlingPackage`, `VehicleColor`, `CustomerComment`, `PurchaseDate`) VALUES (165, 'E267042F-449B-4CA9-8BDE-5C197DC8A647', 64, 45200.00 , 660.00 , 750.00 , 550.00 , 0, 'Silver',  NULL, '2017-03-08');
INSERT into  `Production.ManufacturerVehicleStock` (`ManufacturerVehicleStockId`, `StockCode`, `ModelId`, `Cost`, `RepairsCharge`, `PartsCharge`, `DeliveryCharge`, `IsPremiumRoadHandlingPackage`, `VehicleColor`, `CustomerComment`, `PurchaseDate`) VALUES (164, '7372D1C7-800F-4DE4-B3BC-FFA46CE77099', 94, 125200.00 , 2000.00 , 1500.00 , 1950.00 , 1, 'Blue',  NULL, '2017-03-08');
INSERT into  `Production.ManufacturerVehicleStock` (`ManufacturerVehicleStockId`, `StockCode`, `ModelId`, `Cost`, `RepairsCharge`, `PartsCharge`, `DeliveryCharge`, `IsPremiumRoadHandlingPackage`, `VehicleColor`, `CustomerComment`, `PurchaseDate`) VALUES (163, 'EB59DB36-5E67-4AF1-AE8A-46E8999EEF45', 30, 6840.00 , 500.00 , 750.00 , 150.00 , 1, 'Black',  NULL, '2017-02-28');
INSERT into  `Production.ManufacturerVehicleStock` (`ManufacturerVehicleStockId`, `StockCode`, `ModelId`, `Cost`, `RepairsCharge`, `PartsCharge`, `DeliveryCharge`, `IsPremiumRoadHandlingPackage`, `VehicleColor`, `CustomerComment`, `PurchaseDate`) VALUES (162, '84BE4607-F8D7-49DA-8C27-D87FE529DF96', 27, 4544.00 , 500.00 , 750.00 , 150.00 , 1, 'Blue',  NULL, '2017-02-28');
INSERT into  `Production.ManufacturerVehicleStock` (`ManufacturerVehicleStockId`, `StockCode`, `ModelId`, `Cost`, `RepairsCharge`, `PartsCharge`, `DeliveryCharge`, `IsPremiumRoadHandlingPackage`, `VehicleColor`, `CustomerComment`, `PurchaseDate`) VALUES (161, '8F100F91-FE3C-4338-AA52-7BF61A540199', 8, 2800.00 , 500.00 , 750.00 , 150.00 , 1, 'Blue',  NULL, '2017-02-28');
INSERT into  `Production.ManufacturerVehicleStock` (`ManufacturerVehicleStockId`, `StockCode`, `ModelId`, `Cost`, `RepairsCharge`, `PartsCharge`, `DeliveryCharge`, `IsPremiumRoadHandlingPackage`, `VehicleColor`, `CustomerComment`, `PurchaseDate`) VALUES (160, 'A08FCF25-5B27-4215-BF50-E94D0F7C8CD6', 15, 1800.00 , 500.00 , 750.00 , 150.00 , 1, 'Canary Yellow',  NULL, '2017-02-05');
INSERT into  `Production.ManufacturerVehicleStock` (`ManufacturerVehicleStockId`, `StockCode`, `ModelId`, `Cost`, `RepairsCharge`, `PartsCharge`, `DeliveryCharge`, `IsPremiumRoadHandlingPackage`, `VehicleColor`, `CustomerComment`, `PurchaseDate`) VALUES (16, '98C1E31A-4258-4F78-95D4-2365167E6F3F', 79, 135600.00 , 5500.00 , 2200.00 , 1950.00 , 1, 'Black',  NULL, '2015-05-15');
INSERT into  `Production.ManufacturerVehicleStock` (`ManufacturerVehicleStockId`, `StockCode`, `ModelId`, `Cost`, `RepairsCharge`, `PartsCharge`, `DeliveryCharge`, `IsPremiumRoadHandlingPackage`, `VehicleColor`, `CustomerComment`, `PurchaseDate`) VALUES (159, '11BCE306-33ED-4C8D-9198-2A4B653D9F8A', 73, 5200.00 , 500.00 , 750.00 , 150.00 , 1, 'Pink',  NULL, '2017-02-05');
INSERT into  `Production.ManufacturerVehicleStock` (`ManufacturerVehicleStockId`, `StockCode`, `ModelId`, `Cost`, `RepairsCharge`, `PartsCharge`, `DeliveryCharge`, `IsPremiumRoadHandlingPackage`, `VehicleColor`, `CustomerComment`, `PurchaseDate`) VALUES (158, '01B087C6-00D1-40B2-808F-B4B5BC1E344D', 7, 17200.00 , 500.00 , 500.00 , 150.00 , 1, 'Dark Purple',  NULL, '2017-02-04');
INSERT into  `Production.ManufacturerVehicleStock` (`ManufacturerVehicleStockId`, `StockCode`, `ModelId`, `Cost`, `RepairsCharge`, `PartsCharge`, `DeliveryCharge`, `IsPremiumRoadHandlingPackage`, `VehicleColor`, `CustomerComment`, `PurchaseDate`) VALUES (157, '7392B5F6-783C-4D4B-B687-74A98411A7CB', 100, 316000.00 , 9250.00 , 2200.00 , 1950.00 , 1, 'British Racing Green',  NULL, '2017-02-03');
INSERT into  `Production.ManufacturerVehicleStock` (`ManufacturerVehicleStockId`, `StockCode`, `ModelId`, `Cost`, `RepairsCharge`, `PartsCharge`, `DeliveryCharge`, `IsPremiumRoadHandlingPackage`, `VehicleColor`, `CustomerComment`, `PurchaseDate`) VALUES (156, '579AD98F-B7A5-456A-8F17-5B77A5479767', 68, 125200.00 , 9250.00 , 1500.00 , 1950.00 , 0, 'Night Blue',  NULL, '2017-02-02');
INSERT into  `Production.ManufacturerVehicleStock` (`ManufacturerVehicleStockId`, `StockCode`, `ModelId`, `Cost`, `RepairsCharge`, `PartsCharge`, `DeliveryCharge`, `IsPremiumRoadHandlingPackage`, `VehicleColor`, `CustomerComment`, `PurchaseDate`) VALUES (155, '74DD8FE1-B205-4400-A951-1E54E7C22E40', 50, 292000.00 , 3950.00 , 750.00 , 1950.00 , 1, 'Black',  NULL, '2017-02-01');
INSERT into  `Production.ManufacturerVehicleStock` (`ManufacturerVehicleStockId`, `StockCode`, `ModelId`, `Cost`, `RepairsCharge`, `PartsCharge`, `DeliveryCharge`, `IsPremiumRoadHandlingPackage`, `VehicleColor`, `CustomerComment`, `PurchaseDate`) VALUES (154, 'E869D5E4-CAC0-48ED-8961-03D0405EA2FD', 37, 45560.00 , 1360.00 , 750.00 , 550.00 , 1, 'Night Blue',  NULL, '2017-01-25');
INSERT into  `Production.ManufacturerVehicleStock` (`ManufacturerVehicleStockId`, `StockCode`, `ModelId`, `Cost`, `RepairsCharge`, `PartsCharge`, `DeliveryCharge`, `IsPremiumRoadHandlingPackage`, `VehicleColor`, `CustomerComment`, `PurchaseDate`) VALUES (153, 'AB327B58-DD8E-46F9-BF23-DE6D1C0F7AD8', 52, 62800.00 , 500.00 , 750.00 , 750.00 , 1, 'Red',  NULL, '2017-01-21');
INSERT into  `Production.ManufacturerVehicleStock` (`ManufacturerVehicleStockId`, `StockCode`, `ModelId`, `Cost`, `RepairsCharge`, `PartsCharge`, `DeliveryCharge`, `IsPremiumRoadHandlingPackage`, `VehicleColor`, `CustomerComment`, `PurchaseDate`) VALUES (152, 'A48E5430-ACA4-41FD-BC6F-446BE2B46DF8', 8, 44000.00 , 500.00 , 750.00 , 550.00 , 1, 'Black',  NULL, '2017-01-21');
INSERT into  `Production.ManufacturerVehicleStock` (`ManufacturerVehicleStockId`, `StockCode`, `ModelId`, `Cost`, `RepairsCharge`, `PartsCharge`, `DeliveryCharge`, `IsPremiumRoadHandlingPackage`, `VehicleColor`, `CustomerComment`, `PurchaseDate`) VALUES (151, '47077B33-09BC-4FF2-B71B-58E243952BAA', 8, 45200.00 , 500.00 , 750.00 , 550.00 , 1, 'Black',  NULL, '2017-01-20');
INSERT into  `Production.ManufacturerVehicleStock` (`ManufacturerVehicleStockId`, `StockCode`, `ModelId`, `Cost`, `RepairsCharge`, `PartsCharge`, `DeliveryCharge`, `IsPremiumRoadHandlingPackage`, `VehicleColor`, `CustomerComment`, `PurchaseDate`) VALUES (150, '837C835A-5341-46C7-A282-14612449DDB0', 91, 18800.00 , 2000.00 , 500.00 , 150.00 , 1, 'Black',  NULL, '2017-01-02');
INSERT into  `Production.ManufacturerVehicleStock` (`ManufacturerVehicleStockId`, `StockCode`, `ModelId`, `Cost`, `RepairsCharge`, `PartsCharge`, `DeliveryCharge`, `IsPremiumRoadHandlingPackage`, `VehicleColor`, `CustomerComment`, `PurchaseDate`) VALUES (15, '4C57F13A-E21B-4AAC-9E9D-A219D4C691C6', 31, 64400.00 , 500.00 , 750.00 , 750.00 , 1, 'British Racing Green',  NULL, '2015-05-01');
INSERT into  `Production.ManufacturerVehicleStock` (`ManufacturerVehicleStockId`, `StockCode`, `ModelId`, `Cost`, `RepairsCharge`, `PartsCharge`, `DeliveryCharge`, `IsPremiumRoadHandlingPackage`, `VehicleColor`, `CustomerComment`, `PurchaseDate`) VALUES (149, 'BBDFB7CF-FBA6-4463-BC1E-FE79522431EE', 76, 7960.00 , 500.00 , 750.00 , 150.00 , 1, 'Pink',  NULL, '2017-01-02');
INSERT into  `Production.ManufacturerVehicleStock` (`ManufacturerVehicleStockId`, `StockCode`, `ModelId`, `Cost`, `RepairsCharge`, `PartsCharge`, `DeliveryCharge`, `IsPremiumRoadHandlingPackage`, `VehicleColor`, `CustomerComment`, `PurchaseDate`) VALUES (148, 'DD8D9340-29B0-4E0D-89B3-BD33B70E087D', 87, 7080.00 , 500.00 , 750.00 , 150.00 , 1, 'Black',  NULL, '2017-01-02');
INSERT into  `Production.ManufacturerVehicleStock` (`ManufacturerVehicleStockId`, `StockCode`, `ModelId`, `Cost`, `RepairsCharge`, `PartsCharge`, `DeliveryCharge`, `IsPremiumRoadHandlingPackage`, `VehicleColor`, `CustomerComment`, `PurchaseDate`) VALUES (147, 'F187F74F-3909-4291-A15B-F793AB88DE3B', 73, 156000.00 , 5500.00 , 1500.00 , 1950.00 , 1, 'Black',  NULL, '2017-01-02');
INSERT into  `Production.ManufacturerVehicleStock` (`ManufacturerVehicleStockId`, `StockCode`, `ModelId`, `Cost`, `RepairsCharge`, `PartsCharge`, `DeliveryCharge`, `IsPremiumRoadHandlingPackage`, `VehicleColor`, `CustomerComment`, `PurchaseDate`) VALUES (146, '98299E86-0B98-42D8-A549-37D89435B4E3', 49, 100760.00 , 9250.00 , 2200.00 , 1950.00 , 0, 'Black',  NULL, '2017-01-02');
INSERT into  `Production.ManufacturerVehicleStock` (`ManufacturerVehicleStockId`, `StockCode`, `ModelId`, `Cost`, `RepairsCharge`, `PartsCharge`, `DeliveryCharge`, `IsPremiumRoadHandlingPackage`, `VehicleColor`, `CustomerComment`, `PurchaseDate`) VALUES (145, 'E9FE6FE1-1957-4BD4-8643-D8326BC43255', 86, 18760.00 , 500.00 , 750.00 , 150.00 , 1, 'Green',  NULL, '2017-01-02');
INSERT into  `Production.ManufacturerVehicleStock` (`ManufacturerVehicleStockId`, `StockCode`, `ModelId`, `Cost`, `RepairsCharge`, `PartsCharge`, `DeliveryCharge`, `IsPremiumRoadHandlingPackage`, `VehicleColor`, `CustomerComment`, `PurchaseDate`) VALUES (144, 'CF9A23D7-6F8A-4CA6-A037-95EA7385B539', 53, 18000.00 , 500.00 , 750.00 , 150.00 , 1, 'Silver',  NULL, '2017-01-02');
INSERT into  `Production.ManufacturerVehicleStock` (`ManufacturerVehicleStockId`, `StockCode`, `ModelId`, `Cost`, `RepairsCharge`, `PartsCharge`, `DeliveryCharge`, `IsPremiumRoadHandlingPackage`, `VehicleColor`, `CustomerComment`, `PurchaseDate`) VALUES (143, 'DE44149E-1225-4B7C-97E5-8089A4F21C1C', 24, 1000.00 , 500.00 , 750.00 , 150.00 , 1, 'Silver',  NULL, '2017-01-02');
INSERT into  `Production.ManufacturerVehicleStock` (`ManufacturerVehicleStockId`, `StockCode`, `ModelId`, `Cost`, `RepairsCharge`, `PartsCharge`, `DeliveryCharge`, `IsPremiumRoadHandlingPackage`, `VehicleColor`, `CustomerComment`, `PurchaseDate`) VALUES (142, '52CE8210-53B8-4C09-B821-6389A09733C5', 78, 68000.00 , 1490.00 , 1500.00 , 750.00 , 1, 'Black',  NULL, '2016-12-31');
INSERT into  `Production.ManufacturerVehicleStock` (`ManufacturerVehicleStockId`, `StockCode`, `ModelId`, `Cost`, `RepairsCharge`, `PartsCharge`, `DeliveryCharge`, `IsPremiumRoadHandlingPackage`, `VehicleColor`, `CustomerComment`, `PurchaseDate`) VALUES (141, '09FA3947-726D-4987-B9DD-2F4CF7CD7C45', 56, 100000.00 , 500.00 , 1500.00 , 750.00 , 1, 'Green',  NULL, '2016-12-31');
INSERT into  `Production.ManufacturerVehicleStock` (`ManufacturerVehicleStockId`, `StockCode`, `ModelId`, `Cost`, `RepairsCharge`, `PartsCharge`, `DeliveryCharge`, `IsPremiumRoadHandlingPackage`, `VehicleColor`, `CustomerComment`, `PurchaseDate`) VALUES (140, '3EEC687A-759C-4D8A-8776-E257E8230376', 13, 18000.00 , 1360.00 , 750.00 , 150.00 , 1, 'Pink',  NULL, '2016-12-31');
INSERT into  `Production.ManufacturerVehicleStock` (`ManufacturerVehicleStockId`, `StockCode`, `ModelId`, `Cost`, `RepairsCharge`, `PartsCharge`, `DeliveryCharge`, `IsPremiumRoadHandlingPackage`, `VehicleColor`, `CustomerComment`, `PurchaseDate`) VALUES (14, 'EDCCE461-5DA8-4E2E-8F08-798431841575', 61, 36000.00 , 1250.00 , 750.00 , 550.00 , 1, 'Night Blue',  NULL, '2015-04-30');
INSERT into  `Production.ManufacturerVehicleStock` (`ManufacturerVehicleStockId`, `StockCode`, `ModelId`, `Cost`, `RepairsCharge`, `PartsCharge`, `DeliveryCharge`, `IsPremiumRoadHandlingPackage`, `VehicleColor`, `CustomerComment`, `PurchaseDate`) VALUES (139, 'C0E2E06D-AE60-4223-9E7C-B8387F2A4335', 86, 31600.00 , 500.00 , 500.00 , 550.00 , 1, 'Canary Yellow',  NULL, '2016-12-30');
INSERT into  `Production.ManufacturerVehicleStock` (`ManufacturerVehicleStockId`, `StockCode`, `ModelId`, `Cost`, `RepairsCharge`, `PartsCharge`, `DeliveryCharge`, `IsPremiumRoadHandlingPackage`, `VehicleColor`, `CustomerComment`, `PurchaseDate`) VALUES (138, '9B8B87E1-7770-4136-8EB4-B7173C8783A6', 30, 79600.00 , 2175.00 , 750.00 , 750.00 , 1, 'Black',  NULL, '2016-12-25');
INSERT into  `Production.ManufacturerVehicleStock` (`ManufacturerVehicleStockId`, `StockCode`, `ModelId`, `Cost`, `RepairsCharge`, `PartsCharge`, `DeliveryCharge`, `IsPremiumRoadHandlingPackage`, `VehicleColor`, `CustomerComment`, `PurchaseDate`) VALUES (137, '102A734C-3212-4708-85A5-A96FE8E14641', 15, 135600.00 , 9250.00 , 1500.00 , 1950.00 , 1, 'British Racing Green',  NULL, '2016-12-07');
INSERT into  `Production.ManufacturerVehicleStock` (`ManufacturerVehicleStockId`, `StockCode`, `ModelId`, `Cost`, `RepairsCharge`, `PartsCharge`, `DeliveryCharge`, `IsPremiumRoadHandlingPackage`, `VehicleColor`, `CustomerComment`, `PurchaseDate`) VALUES (136, '7CEA62B1-9CBE-4E13-BECC-54E7EED128EF', 58, 20000.00 , 1360.00 , 750.00 , 150.00 , 1, 'Night Blue',  NULL, '2016-12-07');
INSERT into  `Production.ManufacturerVehicleStock` (`ManufacturerVehicleStockId`, `StockCode`, `ModelId`, `Cost`, `RepairsCharge`, `PartsCharge`, `DeliveryCharge`, `IsPremiumRoadHandlingPackage`, `VehicleColor`, `CustomerComment`, `PurchaseDate`) VALUES (135, '4537B83B-2444-4389-B2DE-F30E15608163', 92, 98800.00 , 2000.00 , 750.00 , 750.00 , 0, 'Black',  NULL, '2016-12-05');
INSERT into  `Production.ManufacturerVehicleStock` (`ManufacturerVehicleStockId`, `StockCode`, `ModelId`, `Cost`, `RepairsCharge`, `PartsCharge`, `DeliveryCharge`, `IsPremiumRoadHandlingPackage`, `VehicleColor`, `CustomerComment`, `PurchaseDate`) VALUES (134, 'A017241D-3A92-4EA7-A3EE-22FC119542F8', 48, 48400.00 , 500.00 , 1500.00 , 550.00 , 1, 'Night Blue',  NULL, '2016-12-05');
INSERT into  `Production.ManufacturerVehicleStock` (`ManufacturerVehicleStockId`, `StockCode`, `ModelId`, `Cost`, `RepairsCharge`, `PartsCharge`, `DeliveryCharge`, `IsPremiumRoadHandlingPackage`, `VehicleColor`, `CustomerComment`, `PurchaseDate`) VALUES (133, '3CF2C0F8-21E1-4ADE-AE72-AB9DFE3790DD', 62, 79600.00 , 1490.00 , 750.00 , 750.00 , 1, 'Dark Purple',  NULL, '2016-12-01');
INSERT into  `Production.ManufacturerVehicleStock` (`ManufacturerVehicleStockId`, `StockCode`, `ModelId`, `Cost`, `RepairsCharge`, `PartsCharge`, `DeliveryCharge`, `IsPremiumRoadHandlingPackage`, `VehicleColor`, `CustomerComment`, `PurchaseDate`) VALUES (132, 'F810FAB0-6BAE-4AC0-BDBC-F14A71AC35B9', 22, 100400.00 , 3950.00 , 1500.00 , 1950.00 , 1, 'Red',  NULL, '2016-12-01');
INSERT into  `Production.ManufacturerVehicleStock` (`ManufacturerVehicleStockId`, `StockCode`, `ModelId`, `Cost`, `RepairsCharge`, `PartsCharge`, `DeliveryCharge`, `IsPremiumRoadHandlingPackage`, `VehicleColor`, `CustomerComment`, `PurchaseDate`) VALUES (131, 'DD651733-FE5C-46B9-AC97-727F8CD170A6', 55, 7600.00 , 500.00 , 750.00 , 150.00 , 1, 'Black',  NULL, '2016-11-11');
INSERT into  `Production.ManufacturerVehicleStock` (`ManufacturerVehicleStockId`, `StockCode`, `ModelId`, `Cost`, `RepairsCharge`, `PartsCharge`, `DeliveryCharge`, `IsPremiumRoadHandlingPackage`, `VehicleColor`, `CustomerComment`, `PurchaseDate`) VALUES (130, 'DB8869B2-1EC0-48D5-9DA6-FDF1665155F0', 21, 37200.00 , 2000.00 , 750.00 , 550.00 , 1, 'British Racing Green',  NULL, '2016-11-11');
INSERT into  `Production.ManufacturerVehicleStock` (`ManufacturerVehicleStockId`, `StockCode`, `ModelId`, `Cost`, `RepairsCharge`, `PartsCharge`, `DeliveryCharge`, `IsPremiumRoadHandlingPackage`, `VehicleColor`, `CustomerComment`, `PurchaseDate`) VALUES (13, 'F3A2712D-20CA-495D-9F6A-8A4CA195248D', 64, 6800.00 , 250.00 , 225.00 , 150.00 , 1, 'Blue',  NULL, '2015-04-15');
INSERT into  `Production.ManufacturerVehicleStock` (`ManufacturerVehicleStockId`, `StockCode`, `ModelId`, `Cost`, `RepairsCharge`, `PartsCharge`, `DeliveryCharge`, `IsPremiumRoadHandlingPackage`, `VehicleColor`, `CustomerComment`, `PurchaseDate`) VALUES (129, '4C1762AE-F7FD-4F2C-875B-CAC022B0DF63', 42, 7992.00 , 500.00 , 750.00 , 150.00 , 0, 'Black',  NULL, '2016-11-11');
INSERT into  `Production.ManufacturerVehicleStock` (`ManufacturerVehicleStockId`, `StockCode`, `ModelId`, `Cost`, `RepairsCharge`, `PartsCharge`, `DeliveryCharge`, `IsPremiumRoadHandlingPackage`, `VehicleColor`, `CustomerComment`, `PurchaseDate`) VALUES (128, 'E368D03E-239C-499F-A41A-CC4D2AE1AFF8', 91, 44000.00 , 660.00 , 500.00 , 550.00 , 1, 'Silver',  NULL, '2016-11-01');
INSERT into  `Production.ManufacturerVehicleStock` (`ManufacturerVehicleStockId`, `StockCode`, `ModelId`, `Cost`, `RepairsCharge`, `PartsCharge`, `DeliveryCharge`, `IsPremiumRoadHandlingPackage`, `VehicleColor`, `CustomerComment`, `PurchaseDate`) VALUES (127, 'EC25FA02-2692-42E1-85A0-71F0775C8F8A', 14, 45512.00 , 2000.00 , 750.00 , 550.00 , 1, 'Silver',  NULL, '2016-11-01');
INSERT into  `Production.ManufacturerVehicleStock` (`ManufacturerVehicleStockId`, `StockCode`, `ModelId`, `Cost`, `RepairsCharge`, `PartsCharge`, `DeliveryCharge`, `IsPremiumRoadHandlingPackage`, `VehicleColor`, `CustomerComment`, `PurchaseDate`) VALUES (126, '9FF62C70-89E4-4815-912F-C5DFBF8BDF0F', 33, 10000.00 , 500.00 , 750.00 , 150.00 , 1, 'Black',  NULL, '2016-10-29');
INSERT into  `Production.ManufacturerVehicleStock` (`ManufacturerVehicleStockId`, `StockCode`, `ModelId`, `Cost`, `RepairsCharge`, `PartsCharge`, `DeliveryCharge`, `IsPremiumRoadHandlingPackage`, `VehicleColor`, `CustomerComment`, `PurchaseDate`) VALUES (125, '3EDC8773-9603-4D38-9DC9-64E1C4768F7D', 17, 10000.00 , 500.00 , 750.00 , 150.00 , 1, 'Black',  NULL, '2016-10-29');
INSERT into  `Production.ManufacturerVehicleStock` (`ManufacturerVehicleStockId`, `StockCode`, `ModelId`, `Cost`, `RepairsCharge`, `PartsCharge`, `DeliveryCharge`, `IsPremiumRoadHandlingPackage`, `VehicleColor`, `CustomerComment`, `PurchaseDate`) VALUES (124, '34A69512-CDC3-4BEB-ADCB-AAE360CA7CF4', 66, 7960.00 , 500.00 , 750.00 , 150.00 , 1, 'Black',  NULL, '2016-10-29');
INSERT into  `Production.ManufacturerVehicleStock` (`ManufacturerVehicleStockId`, `StockCode`, `ModelId`, `Cost`, `RepairsCharge`, `PartsCharge`, `DeliveryCharge`, `IsPremiumRoadHandlingPackage`, `VehicleColor`, `CustomerComment`, `PurchaseDate`) VALUES (123, '3D993E95-26AF-416D-B89E-688873C03AA7', 13, 12760.00 , 660.00 , 750.00 , 150.00 , 0, 'Blue',  NULL, '2016-10-10');
INSERT into  `Production.ManufacturerVehicleStock` (`ManufacturerVehicleStockId`, `StockCode`, `ModelId`, `Cost`, `RepairsCharge`, `PartsCharge`, `DeliveryCharge`, `IsPremiumRoadHandlingPackage`, `VehicleColor`, `CustomerComment`, `PurchaseDate`) VALUES (122, '30DC26F7-E98B-4FE8-B834-D625EC7E12F3', 11, 68520.00 , 2175.00 , 750.00 , 750.00 , 0, 'Silver',  NULL, '2016-10-10');
INSERT into  `Production.ManufacturerVehicleStock` (`ManufacturerVehicleStockId`, `StockCode`, `ModelId`, `Cost`, `RepairsCharge`, `PartsCharge`, `DeliveryCharge`, `IsPremiumRoadHandlingPackage`, `VehicleColor`, `CustomerComment`, `PurchaseDate`) VALUES (121, '6120D922-6703-4267-969B-A9A9D3CAE787', 40, 95680.00 , 1490.00 , 2200.00 , 750.00 , 0, 'Green',  NULL, '2016-10-03');
INSERT into  `Production.ManufacturerVehicleStock` (`ManufacturerVehicleStockId`, `StockCode`, `ModelId`, `Cost`, `RepairsCharge`, `PartsCharge`, `DeliveryCharge`, `IsPremiumRoadHandlingPackage`, `VehicleColor`, `CustomerComment`, `PurchaseDate`) VALUES (120, '2319EA77-F4D9-4E34-9771-C42DCA3E210C', 98, 151600.00 , 500.00 , 1500.00 , 1950.00 , 1, 'Blue',  NULL, '2016-10-03');
INSERT into  `Production.ManufacturerVehicleStock` (`ManufacturerVehicleStockId`, `StockCode`, `ModelId`, `Cost`, `RepairsCharge`, `PartsCharge`, `DeliveryCharge`, `IsPremiumRoadHandlingPackage`, `VehicleColor`, `CustomerComment`, `PurchaseDate`) VALUES (12, 'D63C8CC9-DB19-4B9C-9C8E-6C6370812041', 36, 29200.00 , 1950.00 , 500.00 , 550.00 , 1, 'Blue',  NULL, '2015-04-02');
INSERT into  `Production.ManufacturerVehicleStock` (`ManufacturerVehicleStockId`, `StockCode`, `ModelId`, `Cost`, `RepairsCharge`, `PartsCharge`, `DeliveryCharge`, `IsPremiumRoadHandlingPackage`, `VehicleColor`, `CustomerComment`, `PurchaseDate`) VALUES (119, 'BB4B9483-7AE3-47B4-A788-7EB5D12A7516', 97, 61200.00 , 2175.00 , 750.00 , 750.00 , 1, 'Canary Yellow',  NULL, '2016-10-01');
INSERT into  `Production.ManufacturerVehicleStock` (`ManufacturerVehicleStockId`, `StockCode`, `ModelId`, `Cost`, `RepairsCharge`, `PartsCharge`, `DeliveryCharge`, `IsPremiumRoadHandlingPackage`, `VehicleColor`, `CustomerComment`, `PurchaseDate`) VALUES (118, '6943ADF3-01A4-4281-B0CE-93384FE60418', 43, 10000.00 , 500.00 , 750.00 , 150.00 , 1, 'Red',  NULL, '2016-10-01');
INSERT into  `Production.ManufacturerVehicleStock` (`ManufacturerVehicleStockId`, `StockCode`, `ModelId`, `Cost`, `RepairsCharge`, `PartsCharge`, `DeliveryCharge`, `IsPremiumRoadHandlingPackage`, `VehicleColor`, `CustomerComment`, `PurchaseDate`) VALUES (117, '9D74A1A9-7342-4FEA-9C21-6AC4EFE92018', 84, 5240.00 , 500.00 , 750.00 , 150.00 , 1, 'Black',  NULL, '2016-09-18');
INSERT into  `Production.ManufacturerVehicleStock` (`ManufacturerVehicleStockId`, `StockCode`, `ModelId`, `Cost`, `RepairsCharge`, `PartsCharge`, `DeliveryCharge`, `IsPremiumRoadHandlingPackage`, `VehicleColor`, `CustomerComment`, `PurchaseDate`) VALUES (116, 'E1350CBE-B916-4F18-B5BF-F7D53A31205A', 87, 7960.00 , 500.00 , 150.00 , 150.00 , 1, 'Black',  NULL, '2016-09-17');
INSERT into  `Production.ManufacturerVehicleStock` (`ManufacturerVehicleStockId`, `StockCode`, `ModelId`, `Cost`, `RepairsCharge`, `PartsCharge`, `DeliveryCharge`, `IsPremiumRoadHandlingPackage`, `VehicleColor`, `CustomerComment`, `PurchaseDate`) VALUES (115, 'B760CF74-6468-4A0D-9485-36C7F7710EB0', 52, 36760.00 , 970.00 , 750.00 , 550.00 , 1, 'Night Blue',  NULL, '2016-09-16');
INSERT into  `Production.ManufacturerVehicleStock` (`ManufacturerVehicleStockId`, `StockCode`, `ModelId`, `Cost`, `RepairsCharge`, `PartsCharge`, `DeliveryCharge`, `IsPremiumRoadHandlingPackage`, `VehicleColor`, `CustomerComment`, `PurchaseDate`) VALUES (114, '384778FF-C28D-4FE6-9BEF-D787EFDC23CF', 71, 22312.00 , 970.00 , 500.00 , 150.00 , 1, 'Black',  NULL, '2016-09-15');
INSERT into  `Production.ManufacturerVehicleStock` (`ManufacturerVehicleStockId`, `StockCode`, `ModelId`, `Cost`, `RepairsCharge`, `PartsCharge`, `DeliveryCharge`, `IsPremiumRoadHandlingPackage`, `VehicleColor`, `CustomerComment`, `PurchaseDate`) VALUES (113, '66D70810-1EE2-4BCA-B1B4-1E5B86C75002', 44, 15680.00 , 1360.00 , 150.00 , 150.00 , 1, 'Night Blue',  NULL, '2016-09-15');
INSERT into  `Production.ManufacturerVehicleStock` (`ManufacturerVehicleStockId`, `StockCode`, `ModelId`, `Cost`, `RepairsCharge`, `PartsCharge`, `DeliveryCharge`, `IsPremiumRoadHandlingPackage`, `VehicleColor`, `CustomerComment`, `PurchaseDate`) VALUES (112, 'DD6A0129-40CF-449F-8427-1C97BF14B2BD', 96, 28200.00 , 500.00 , 750.00 , 550.00 , 1, 'British Racing Green',  NULL, '2016-09-11');
INSERT into  `Production.ManufacturerVehicleStock` (`ManufacturerVehicleStockId`, `StockCode`, `ModelId`, `Cost`, `RepairsCharge`, `PartsCharge`, `DeliveryCharge`, `IsPremiumRoadHandlingPackage`, `VehicleColor`, `CustomerComment`, `PurchaseDate`) VALUES (111, '19D1000C-178F-4BBA-9B19-C93804D047AC', 85, 2860.00 , 500.00 , 750.00 , 150.00 , 1, 'Silver',  NULL, '2016-09-11');
INSERT into  `Production.ManufacturerVehicleStock` (`ManufacturerVehicleStockId`, `StockCode`, `ModelId`, `Cost`, `RepairsCharge`, `PartsCharge`, `DeliveryCharge`, `IsPremiumRoadHandlingPackage`, `VehicleColor`, `CustomerComment`, `PurchaseDate`) VALUES (110, 'B25CB659-C0A2-451E-AADB-7A006414D6E1', 83, 44000.00 , 500.00 , 150.00 , 550.00 , 1, 'Silver',  NULL, '2016-09-10');
INSERT into  `Production.ManufacturerVehicleStock` (`ManufacturerVehicleStockId`, `StockCode`, `ModelId`, `Cost`, `RepairsCharge`, `PartsCharge`, `DeliveryCharge`, `IsPremiumRoadHandlingPackage`, `VehicleColor`, `CustomerComment`, `PurchaseDate`) VALUES (11, '6081DBE7-9AD6-4C64-A676-61D919E64979', 30, 15680.00 , 890.00 , 500.00 , 150.00 , 1, 'Blue',  NULL, '2015-04-04');
INSERT into  `Production.ManufacturerVehicleStock` (`ManufacturerVehicleStockId`, `StockCode`, `ModelId`, `Cost`, `RepairsCharge`, `PartsCharge`, `DeliveryCharge`, `IsPremiumRoadHandlingPackage`, `VehicleColor`, `CustomerComment`, `PurchaseDate`) VALUES (109, '155E940E-7AA7-47EA-B83F-B3521F0B5718', 72, 55120.00 , 500.00 , 750.00 , 750.00 , 1, 'Dark Purple',  NULL, '2016-09-09');
INSERT into  `Production.ManufacturerVehicleStock` (`ManufacturerVehicleStockId`, `StockCode`, `ModelId`, `Cost`, `RepairsCharge`, `PartsCharge`, `DeliveryCharge`, `IsPremiumRoadHandlingPackage`, `VehicleColor`, `CustomerComment`, `PurchaseDate`) VALUES (108, '2FCD3EBC-CBA7-4B3C-B6A0-A3A011D3A47B', 69, 39600.00 , 660.00 , 500.00 , 550.00 , 1, 'British Racing Green',  NULL, '2016-09-06');
INSERT into  `Production.ManufacturerVehicleStock` (`ManufacturerVehicleStockId`, `StockCode`, `ModelId`, `Cost`, `RepairsCharge`, `PartsCharge`, `DeliveryCharge`, `IsPremiumRoadHandlingPackage`, `VehicleColor`, `CustomerComment`, `PurchaseDate`) VALUES (107, '955E8BC5-C31B-4EE5-A48D-76517063C334', 45, 45200.00 , 500.00 , 1500.00 , 550.00 , 1, 'Dark Purple',  NULL, '2016-09-05');
INSERT into  `Production.ManufacturerVehicleStock` (`ManufacturerVehicleStockId`, `StockCode`, `ModelId`, `Cost`, `RepairsCharge`, `PartsCharge`, `DeliveryCharge`, `IsPremiumRoadHandlingPackage`, `VehicleColor`, `CustomerComment`, `PurchaseDate`) VALUES (106, 'B76D6985-E106-4213-AACC-288088795C92', 13, 6000.00 , 500.00 , 750.00 , 150.00 , 1, 'British Racing Green',  NULL, '2016-09-05');
INSERT into  `Production.ManufacturerVehicleStock` (`ManufacturerVehicleStockId`, `StockCode`, `ModelId`, `Cost`, `RepairsCharge`, `PartsCharge`, `DeliveryCharge`, `IsPremiumRoadHandlingPackage`, `VehicleColor`, `CustomerComment`, `PurchaseDate`) VALUES (105, '70C9BE5C-3CCA-4FB2-B4DE-E5F0A61BB84D', 38, 16760.00 , 1360.00 , 750.00 , 150.00 , 1, 'British Racing Green',  NULL, '2016-09-03');
INSERT into  `Production.ManufacturerVehicleStock` (`ManufacturerVehicleStockId`, `StockCode`, `ModelId`, `Cost`, `RepairsCharge`, `PartsCharge`, `DeliveryCharge`, `IsPremiumRoadHandlingPackage`, `VehicleColor`, `CustomerComment`, `PurchaseDate`) VALUES (104, '6A2699A6-ED27-42A9-B811-06D19EB5FA3C', 29, 3160.00 , 500.00 , 150.00 , 150.00 , 1, 'Black',  NULL, '2016-09-01');
INSERT into  `Production.ManufacturerVehicleStock` (`ManufacturerVehicleStockId`, `StockCode`, `ModelId`, `Cost`, `RepairsCharge`, `PartsCharge`, `DeliveryCharge`, `IsPremiumRoadHandlingPackage`, `VehicleColor`, `CustomerComment`, `PurchaseDate`) VALUES (103, '97AFC7D5-91BF-47E3-8568-01B704E956C2', 57, 2800.00 , 500.00 , 750.00 , 150.00 , 1, 'Black',  NULL, '2016-09-01');
INSERT into  `Production.ManufacturerVehicleStock` (`ManufacturerVehicleStockId`, `StockCode`, `ModelId`, `Cost`, `RepairsCharge`, `PartsCharge`, `DeliveryCharge`, `IsPremiumRoadHandlingPackage`, `VehicleColor`, `CustomerComment`, `PurchaseDate`) VALUES (102, '00DDC5C0-E266-49E4-A785-E4F8BC3C9B24', 3, 15600.00 , 2000.00 , 750.00 , 150.00 , 1, 'Black',  NULL, '2016-08-28');
INSERT into  `Production.ManufacturerVehicleStock` (`ManufacturerVehicleStockId`, `StockCode`, `ModelId`, `Cost`, `RepairsCharge`, `PartsCharge`, `DeliveryCharge`, `IsPremiumRoadHandlingPackage`, `VehicleColor`, `CustomerComment`, `PurchaseDate`) VALUES (101, '100EE806-DFE5-4C5E-9AB4-8F881615F8BD', 17, 4544.00 , 500.00 , 150.00 , 150.00 , 1, 'Canary Yellow',  NULL, '2016-08-26');
INSERT into  `Production.ManufacturerVehicleStock` (`ManufacturerVehicleStockId`, `StockCode`, `ModelId`, `Cost`, `RepairsCharge`, `PartsCharge`, `DeliveryCharge`, `IsPremiumRoadHandlingPackage`, `VehicleColor`, `CustomerComment`, `PurchaseDate`) VALUES (100, '4A40B2AA-A76B-4C08-A59B-19CDE0ED868C', 34, 7960.00 , 500.00 , 225.00 , 150.00 , 1, 'Blue',  NULL, '2016-08-25');
INSERT into  `Production.ManufacturerVehicleStock` (`ManufacturerVehicleStockId`, `StockCode`, `ModelId`, `Cost`, `RepairsCharge`, `PartsCharge`, `DeliveryCharge`, `IsPremiumRoadHandlingPackage`, `VehicleColor`, `CustomerComment`, `PurchaseDate`) VALUES (10, '8BD326B3-8DE8-4DC9-9F96-FD132C5E1BF2', 58, 172000.00 , 750.00 , 150.00 , 1950.00 , 1, 'Red',  NULL, '2015-04-04');
INSERT into  `Production.ManufacturerVehicleStock` (`ManufacturerVehicleStockId`, `StockCode`, `ModelId`, `Cost`, `RepairsCharge`, `PartsCharge`, `DeliveryCharge`, `IsPremiumRoadHandlingPackage`, `VehicleColor`, `CustomerComment`, `PurchaseDate`) VALUES (1, 'B1C3B95E-3005-4840-8CE3-A7BC5F9CFB3F', 100, 52000.00 , 2175.00 , 1500.00 , 750.00 , 1, 'Red', 'Superb Car! Wish I could afford a second one!', '2015-01-01');

INSERT into  `Sales.SalesOrderVehicle` (`SalesOrderVehicleId`, `CustomerId`, `StaffId`, `InvoiceNumber`, `TotalSalePrice`, `SaleDate`) VALUES (99, 40, 8, 'EURIT099', 12500.00 , '2016-10-30');
INSERT into  `Sales.SalesOrderVehicle` (`SalesOrderVehicleId`, `CustomerId`, `StaffId`, `InvoiceNumber`, `TotalSalePrice`, `SaleDate`) VALUES (98, 39, 7, 'EURES098', 12500.00 , '2016-10-30');
INSERT into  `Sales.SalesOrderVehicle` (`SalesOrderVehicleId`, `CustomerId`, `StaffId`, `InvoiceNumber`, `TotalSalePrice`, `SaleDate`) VALUES (97, 38, 6, 'GBPGB097', 95600.00 , '2016-10-30');
INSERT into  `Sales.SalesOrderVehicle` (`SalesOrderVehicleId`, `CustomerId`, `StaffId`, `InvoiceNumber`, `TotalSalePrice`, `SaleDate`) VALUES (96, 32, 5, 'EURES096', 119600.00 , '2016-10-05');
INSERT into  `Sales.SalesOrderVehicle` (`SalesOrderVehicleId`, `CustomerId`, `StaffId`, `InvoiceNumber`, `TotalSalePrice`, `SaleDate`) VALUES (95, 22, 4, 'GBPGB095', 76500.00 , '2016-10-05');
INSERT into  `Sales.SalesOrderVehicle` (`SalesOrderVehicleId`, `CustomerId`, `StaffId`, `InvoiceNumber`, `TotalSalePrice`, `SaleDate`) VALUES (94, 26, 3, 'GBPGB094', 163050.00 , '2016-09-19');
INSERT into  `Sales.SalesOrderVehicle` (`SalesOrderVehicleId`, `CustomerId`, `StaffId`, `InvoiceNumber`, `TotalSalePrice`, `SaleDate`) VALUES (93, 25, 2, 'GBPGB093', 9950.00 , '2016-09-18');
INSERT into  `Sales.SalesOrderVehicle` (`SalesOrderVehicleId`, `CustomerId`, `StaffId`, `InvoiceNumber`, `TotalSalePrice`, `SaleDate`) VALUES (92, 15, 1, 'GBPGB092', 45950.00 , '2016-09-16');
INSERT into  `Sales.SalesOrderVehicle` (`SalesOrderVehicleId`, `CustomerId`, `StaffId`, `InvoiceNumber`, `TotalSalePrice`, `SaleDate`) VALUES (91, 13, 7, 'EURFR091', 47490.00 , '2016-09-16');
INSERT into  `Sales.SalesOrderVehicle` (`SalesOrderVehicleId`, `CustomerId`, `StaffId`, `InvoiceNumber`, `TotalSalePrice`, `SaleDate`) VALUES (90, 12, 12, 'GBPGB090', 35250.00 , '2016-09-14');
INSERT into  `Sales.SalesOrderVehicle` (`SalesOrderVehicleId`, `CustomerId`, `StaffId`, `InvoiceNumber`, `TotalSalePrice`, `SaleDate`) VALUES (9, 8, 9, 'EURFR009', 19600.00 , '2015-04-06');
INSERT into  `Sales.SalesOrderVehicle` (`SalesOrderVehicleId`, `CustomerId`, `StaffId`, `InvoiceNumber`, `TotalSalePrice`, `SaleDate`) VALUES (89, 8, 11, 'EURFR089', 3575.00 , '2016-09-14');
INSERT into  `Sales.SalesOrderVehicle` (`SalesOrderVehicleId`, `CustomerId`, `StaffId`, `InvoiceNumber`, `TotalSalePrice`, `SaleDate`) VALUES (88, 1, 10, 'GBPGB088', 55000.00 , '2016-09-11');
INSERT into  `Sales.SalesOrderVehicle` (`SalesOrderVehicleId`, `CustomerId`, `StaffId`, `InvoiceNumber`, `TotalSalePrice`, `SaleDate`) VALUES (87, 32, 9, 'EURES087', 68900.00 , '2016-09-11');
INSERT into  `Sales.SalesOrderVehicle` (`SalesOrderVehicleId`, `CustomerId`, `StaffId`, `InvoiceNumber`, `TotalSalePrice`, `SaleDate`) VALUES (86, 22, 8, 'GBPGB086', 49500.00 , '2016-09-07');
INSERT into  `Sales.SalesOrderVehicle` (`SalesOrderVehicleId`, `CustomerId`, `StaffId`, `InvoiceNumber`, `TotalSalePrice`, `SaleDate`) VALUES (85, 2, 7, 'GBPGB085', 56500.00 , '2016-09-07');
INSERT into  `Sales.SalesOrderVehicle` (`SalesOrderVehicleId`, `CustomerId`, `StaffId`, `InvoiceNumber`, `TotalSalePrice`, `SaleDate`) VALUES (84, 3, 6, 'GBPGB084', 7500.00 , '2016-09-06');
INSERT into  `Sales.SalesOrderVehicle` (`SalesOrderVehicleId`, `CustomerId`, `StaffId`, `InvoiceNumber`, `TotalSalePrice`, `SaleDate`) VALUES (83, 19, 5, 'GBPGB083', 20950.00 , '2016-09-04');
INSERT into  `Sales.SalesOrderVehicle` (`SalesOrderVehicleId`, `CustomerId`, `StaffId`, `InvoiceNumber`, `TotalSalePrice`, `SaleDate`) VALUES (82, 6, 4, 'GBPCH082', 3950.00 , '2016-09-04');
INSERT into  `Sales.SalesOrderVehicle` (`SalesOrderVehicleId`, `CustomerId`, `StaffId`, `InvoiceNumber`, `TotalSalePrice`, `SaleDate`) VALUES (81, 15, 3, 'GBPGB081', 3500.00 , '2016-09-04');
INSERT into  `Sales.SalesOrderVehicle` (`SalesOrderVehicleId`, `CustomerId`, `StaffId`, `InvoiceNumber`, `TotalSalePrice`, `SaleDate`) VALUES (80, 24, 2, 'GBPCH080', 19500.00 , '2016-08-30');
INSERT into  `Sales.SalesOrderVehicle` (`SalesOrderVehicleId`, `CustomerId`, `StaffId`, `InvoiceNumber`, `TotalSalePrice`, `SaleDate`) VALUES (8, 7, 8, 'GBPGB008', 76000.90 , '2015-03-30');
INSERT into  `Sales.SalesOrderVehicle` (`SalesOrderVehicleId`, `CustomerId`, `StaffId`, `InvoiceNumber`, `TotalSalePrice`, `SaleDate`) VALUES (79, 25, 1, 'GBPGB079', 5680.00 , '2016-08-29');
INSERT into  `Sales.SalesOrderVehicle` (`SalesOrderVehicleId`, `CustomerId`, `StaffId`, `InvoiceNumber`, `TotalSalePrice`, `SaleDate`) VALUES (78, 33, 7, 'EURIT078', 9950.00 , '2016-08-28');
INSERT into  `Sales.SalesOrderVehicle` (`SalesOrderVehicleId`, `CustomerId`, `StaffId`, `InvoiceNumber`, `TotalSalePrice`, `SaleDate`) VALUES (77, 37, 12, 'GBPGB077', 9500.00 , '2016-08-28');
INSERT into  `Sales.SalesOrderVehicle` (`SalesOrderVehicleId`, `CustomerId`, `StaffId`, `InvoiceNumber`, `TotalSalePrice`, `SaleDate`) VALUES (76, 36, 11, 'USDUS076', 92150.00 , '2016-08-25');
INSERT into  `Sales.SalesOrderVehicle` (`SalesOrderVehicleId`, `CustomerId`, `StaffId`, `InvoiceNumber`, `TotalSalePrice`, `SaleDate`) VALUES (75, 35, 10, 'EURFR075', 65500.00 , '2016-08-24');
INSERT into  `Sales.SalesOrderVehicle` (`SalesOrderVehicleId`, `CustomerId`, `StaffId`, `InvoiceNumber`, `TotalSalePrice`, `SaleDate`) VALUES (74, 34, 9, 'EURBE074', 125000.00 , '2016-08-23');
INSERT into  `Sales.SalesOrderVehicle` (`SalesOrderVehicleId`, `CustomerId`, `StaffId`, `InvoiceNumber`, `TotalSalePrice`, `SaleDate`) VALUES (73, 14, 8, 'GBPGB073', 45900.00 , '2016-08-22');
INSERT into  `Sales.SalesOrderVehicle` (`SalesOrderVehicleId`, `CustomerId`, `StaffId`, `InvoiceNumber`, `TotalSalePrice`, `SaleDate`) VALUES (72, 21, 7, 'GBPGB072', 76500.00 , '2016-08-21');
INSERT into  `Sales.SalesOrderVehicle` (`SalesOrderVehicleId`, `CustomerId`, `StaffId`, `InvoiceNumber`, `TotalSalePrice`, `SaleDate`) VALUES (71, 23, 6, 'EURDE071', 19500.00 , '2016-08-19');
INSERT into  `Sales.SalesOrderVehicle` (`SalesOrderVehicleId`, `CustomerId`, `StaffId`, `InvoiceNumber`, `TotalSalePrice`, `SaleDate`) VALUES (70, 33, 5, 'EURIT070', 45000.00 , '2016-08-19');
INSERT into  `Sales.SalesOrderVehicle` (`SalesOrderVehicleId`, `CustomerId`, `StaffId`, `InvoiceNumber`, `TotalSalePrice`, `SaleDate`) VALUES (7, 3, 7, 'GBPGB007', 49500.20 , '2015-03-24');
INSERT into  `Sales.SalesOrderVehicle` (`SalesOrderVehicleId`, `CustomerId`, `StaffId`, `InvoiceNumber`, `TotalSalePrice`, `SaleDate`) VALUES (69, 5, 4, 'EURFR069', 66500.00 , '2016-08-13');
INSERT into  `Sales.SalesOrderVehicle` (`SalesOrderVehicleId`, `CustomerId`, `StaffId`, `InvoiceNumber`, `TotalSalePrice`, `SaleDate`) VALUES (68, 18, 3, 'GBPGB068', 50100.00 , '2016-08-13');
INSERT into  `Sales.SalesOrderVehicle` (`SalesOrderVehicleId`, `CustomerId`, `StaffId`, `InvoiceNumber`, `TotalSalePrice`, `SaleDate`) VALUES (67, 6, 2, 'GBPCH067', 79500.00 , '2016-08-13');
INSERT into  `Sales.SalesOrderVehicle` (`SalesOrderVehicleId`, `CustomerId`, `StaffId`, `InvoiceNumber`, `TotalSalePrice`, `SaleDate`) VALUES (66, 4, 1, 'EURDE066', 61500.00 , '2016-08-12');
INSERT into  `Sales.SalesOrderVehicle` (`SalesOrderVehicleId`, `CustomerId`, `StaffId`, `InvoiceNumber`, `TotalSalePrice`, `SaleDate`) VALUES (65, 14, 7, 'GBPGB065', 12500.00 , '2016-08-10');
INSERT into  `Sales.SalesOrderVehicle` (`SalesOrderVehicleId`, `CustomerId`, `StaffId`, `InvoiceNumber`, `TotalSalePrice`, `SaleDate`) VALUES (64, 16, 12, 'EURFR064', 99500.00 , '2016-08-09');
INSERT into  `Sales.SalesOrderVehicle` (`SalesOrderVehicleId`, `CustomerId`, `StaffId`, `InvoiceNumber`, `TotalSalePrice`, `SaleDate`) VALUES (63, 15, 11, 'GBPGB063', 102500.00 , '2016-08-02');
INSERT into  `Sales.SalesOrderVehicle` (`SalesOrderVehicleId`, `CustomerId`, `StaffId`, `InvoiceNumber`, `TotalSalePrice`, `SaleDate`) VALUES (62, 21, 10, 'GBPGB062', 6500.00 , '2016-08-02');
INSERT into  `Sales.SalesOrderVehicle` (`SalesOrderVehicleId`, `CustomerId`, `StaffId`, `InvoiceNumber`, `TotalSalePrice`, `SaleDate`) VALUES (61, 22, 9, 'GBPGB061', 45600.00 , '2016-08-02');
INSERT into  `Sales.SalesOrderVehicle` (`SalesOrderVehicleId`, `CustomerId`, `StaffId`, `InvoiceNumber`, `TotalSalePrice`, `SaleDate`) VALUES (60, 32, 8, 'EURES060', 12750.00 , '2016-08-02');
INSERT into  `Sales.SalesOrderVehicle` (`SalesOrderVehicleId`, `CustomerId`, `StaffId`, `InvoiceNumber`, `TotalSalePrice`, `SaleDate`) VALUES (6, 1, 6, 'GBPGB006', 29500.00 , '2015-03-14');
INSERT into  `Sales.SalesOrderVehicle` (`SalesOrderVehicleId`, `CustomerId`, `StaffId`, `InvoiceNumber`, `TotalSalePrice`, `SaleDate`) VALUES (59, 33, 7, 'EURIT059', 14590.00 , '2016-07-26');
INSERT into  `Sales.SalesOrderVehicle` (`SalesOrderVehicleId`, `CustomerId`, `StaffId`, `InvoiceNumber`, `TotalSalePrice`, `SaleDate`) VALUES (58, 32, 6, 'EURES058', 79500.00 , '2016-07-26');
INSERT into  `Sales.SalesOrderVehicle` (`SalesOrderVehicleId`, `CustomerId`, `StaffId`, `InvoiceNumber`, `TotalSalePrice`, `SaleDate`) VALUES (57, 31, 5, 'GBPGB057', 19500.00 , '2016-07-25');
INSERT into  `Sales.SalesOrderVehicle` (`SalesOrderVehicleId`, `CustomerId`, `StaffId`, `InvoiceNumber`, `TotalSalePrice`, `SaleDate`) VALUES (56, 14, 4, 'GBPGB056', 66500.00 , '2016-07-25');
INSERT into  `Sales.SalesOrderVehicle` (`SalesOrderVehicleId`, `CustomerId`, `StaffId`, `InvoiceNumber`, `TotalSalePrice`, `SaleDate`) VALUES (55, 15, 3, 'GBPGB055', 205000.00 , '2016-07-25');
INSERT into  `Sales.SalesOrderVehicle` (`SalesOrderVehicleId`, `CustomerId`, `StaffId`, `InvoiceNumber`, `TotalSalePrice`, `SaleDate`) VALUES (54, 30, 2, 'GBPGB054', 195000.00 , '2016-07-25');
INSERT into  `Sales.SalesOrderVehicle` (`SalesOrderVehicleId`, `CustomerId`, `StaffId`, `InvoiceNumber`, `TotalSalePrice`, `SaleDate`) VALUES (53, 20, 1, 'USDUS053', 12500.00 , '2016-07-06');
INSERT into  `Sales.SalesOrderVehicle` (`SalesOrderVehicleId`, `CustomerId`, `StaffId`, `InvoiceNumber`, `TotalSalePrice`, `SaleDate`) VALUES (52, 29, 7, 'GBPGB052', 15650.00 , '2016-07-01');
INSERT into  `Sales.SalesOrderVehicle` (`SalesOrderVehicleId`, `CustomerId`, `StaffId`, `InvoiceNumber`, `TotalSalePrice`, `SaleDate`) VALUES (51, 28, 12, 'EURFR051', 174650.00 , '2016-06-15');
INSERT into  `Sales.SalesOrderVehicle` (`SalesOrderVehicleId`, `CustomerId`, `StaffId`, `InvoiceNumber`, `TotalSalePrice`, `SaleDate`) VALUES (50, 27, 11, 'GBPGB050', 35000.00 , '2016-06-15');
INSERT into  `Sales.SalesOrderVehicle` (`SalesOrderVehicleId`, `CustomerId`, `StaffId`, `InvoiceNumber`, `TotalSalePrice`, `SaleDate`) VALUES (5, 5, 5, 'EURFR005', 19900.00 , '2015-01-02');
INSERT into  `Sales.SalesOrderVehicle` (`SalesOrderVehicleId`, `CustomerId`, `StaffId`, `InvoiceNumber`, `TotalSalePrice`, `SaleDate`) VALUES (49, 26, 10, 'GBPGB049', 22150.00 , '2016-06-15');
INSERT into  `Sales.SalesOrderVehicle` (`SalesOrderVehicleId`, `CustomerId`, `StaffId`, `InvoiceNumber`, `TotalSalePrice`, `SaleDate`) VALUES (48, 8, 9, 'EURFR048', 5500.00 , '2016-06-15');
INSERT into  `Sales.SalesOrderVehicle` (`SalesOrderVehicleId`, `CustomerId`, `StaffId`, `InvoiceNumber`, `TotalSalePrice`, `SaleDate`) VALUES (47, 16, 8, 'EURFR047', 49580.00 , '2016-05-30');
INSERT into  `Sales.SalesOrderVehicle` (`SalesOrderVehicleId`, `CustomerId`, `StaffId`, `InvoiceNumber`, `TotalSalePrice`, `SaleDate`) VALUES (46, 15, 7, 'GBPGB046', 49450.00 , '2016-05-30');
INSERT into  `Sales.SalesOrderVehicle` (`SalesOrderVehicleId`, `CustomerId`, `StaffId`, `InvoiceNumber`, `TotalSalePrice`, `SaleDate`) VALUES (45, 10, 6, 'GBPGB045', 12500.00 , '2016-04-30');
INSERT into  `Sales.SalesOrderVehicle` (`SalesOrderVehicleId`, `CustomerId`, `StaffId`, `InvoiceNumber`, `TotalSalePrice`, `SaleDate`) VALUES (44, 21, 5, 'GBPGB044', 17500.00 , '2016-04-30');
INSERT into  `Sales.SalesOrderVehicle` (`SalesOrderVehicleId`, `CustomerId`, `StaffId`, `InvoiceNumber`, `TotalSalePrice`, `SaleDate`) VALUES (43, 23, 4, 'EURDE043', 99500.00 , '2016-04-30');
INSERT into  `Sales.SalesOrderVehicle` (`SalesOrderVehicleId`, `CustomerId`, `StaffId`, `InvoiceNumber`, `TotalSalePrice`, `SaleDate`) VALUES (42, 21, 3, 'GBPGB042', 8800.00 , '2016-04-30');
INSERT into  `Sales.SalesOrderVehicle` (`SalesOrderVehicleId`, `CustomerId`, `StaffId`, `InvoiceNumber`, `TotalSalePrice`, `SaleDate`) VALUES (41, 20, 2, 'USDUS041', 17500.00 , '2016-04-30');
INSERT into  `Sales.SalesOrderVehicle` (`SalesOrderVehicleId`, `CustomerId`, `StaffId`, `InvoiceNumber`, `TotalSalePrice`, `SaleDate`) VALUES (40, 25, 1, 'GBPGB040', 102950.00 , '2016-04-05');
INSERT into  `Sales.SalesOrderVehicle` (`SalesOrderVehicleId`, `CustomerId`, `StaffId`, `InvoiceNumber`, `TotalSalePrice`, `SaleDate`) VALUES (4, 4, 4, 'EURDE004', 11500.00 , '2015-02-16');
INSERT into  `Sales.SalesOrderVehicle` (`SalesOrderVehicleId`, `CustomerId`, `StaffId`, `InvoiceNumber`, `TotalSalePrice`, `SaleDate`) VALUES (39, 24, 7, 'GBPCH039', 220500.00 , '2016-03-20');
INSERT into  `Sales.SalesOrderVehicle` (`SalesOrderVehicleId`, `CustomerId`, `StaffId`, `InvoiceNumber`, `TotalSalePrice`, `SaleDate`) VALUES (38, 1, 12, 'GBPGB038', 3650.00 , '2016-02-28');
INSERT into  `Sales.SalesOrderVehicle` (`SalesOrderVehicleId`, `CustomerId`, `StaffId`, `InvoiceNumber`, `TotalSalePrice`, `SaleDate`) VALUES (37, 16, 11, 'EURFR037', 39500.00 , '2016-02-16');
INSERT into  `Sales.SalesOrderVehicle` (`SalesOrderVehicleId`, `CustomerId`, `StaffId`, `InvoiceNumber`, `TotalSalePrice`, `SaleDate`) VALUES (36, 23, 10, 'EURDE036', 71890.00 , '2016-02-17');
INSERT into  `Sales.SalesOrderVehicle` (`SalesOrderVehicleId`, `CustomerId`, `StaffId`, `InvoiceNumber`, `TotalSalePrice`, `SaleDate`) VALUES (35, 22, 9, 'GBPGB035', 56000.00 , '2016-02-22');
INSERT into  `Sales.SalesOrderVehicle` (`SalesOrderVehicleId`, `CustomerId`, `StaffId`, `InvoiceNumber`, `TotalSalePrice`, `SaleDate`) VALUES (34, 21, 8, 'GBPGB034', 56950.00 , '2016-01-22');
INSERT into  `Sales.SalesOrderVehicle` (`SalesOrderVehicleId`, `CustomerId`, `StaffId`, `InvoiceNumber`, `TotalSalePrice`, `SaleDate`) VALUES (33, 20, 7, 'USDUS033', 12650.00 , '2016-01-09');
INSERT into  `Sales.SalesOrderVehicle` (`SalesOrderVehicleId`, `CustomerId`, `StaffId`, `InvoiceNumber`, `TotalSalePrice`, `SaleDate`) VALUES (324, 87, 12, 'GBPGB324', 145000.00 , '2018-12-31');
INSERT into  `Sales.SalesOrderVehicle` (`SalesOrderVehicleId`, `CustomerId`, `StaffId`, `InvoiceNumber`, `TotalSalePrice`, `SaleDate`) VALUES (323, 30, 11, 'GBPGB323', 950.00 , '2018-12-31');
INSERT into  `Sales.SalesOrderVehicle` (`SalesOrderVehicleId`, `CustomerId`, `StaffId`, `InvoiceNumber`, `TotalSalePrice`, `SaleDate`) VALUES (322, 35, 10, 'EURFR322', 5500.00 , '2018-12-31');
INSERT into  `Sales.SalesOrderVehicle` (`SalesOrderVehicleId`, `CustomerId`, `StaffId`, `InvoiceNumber`, `TotalSalePrice`, `SaleDate`) VALUES (321, 36, 9, 'USDUS321', 17950.00 , '2018-12-17');
INSERT into  `Sales.SalesOrderVehicle` (`SalesOrderVehicleId`, `CustomerId`, `StaffId`, `InvoiceNumber`, `TotalSalePrice`, `SaleDate`) VALUES (320, 48, 8, 'EURES320', 11500.00 , '2018-12-16');
INSERT into  `Sales.SalesOrderVehicle` (`SalesOrderVehicleId`, `CustomerId`, `StaffId`, `InvoiceNumber`, `TotalSalePrice`, `SaleDate`) VALUES (32, 19, 6, 'GBPGB032', 29500.00 , '2016-01-07');
INSERT into  `Sales.SalesOrderVehicle` (`SalesOrderVehicleId`, `CustomerId`, `StaffId`, `InvoiceNumber`, `TotalSalePrice`, `SaleDate`) VALUES (319, 59, 7, 'GBPGB319', 56090.00 , '2018-12-08');
INSERT into  `Sales.SalesOrderVehicle` (`SalesOrderVehicleId`, `CustomerId`, `StaffId`, `InvoiceNumber`, `TotalSalePrice`, `SaleDate`) VALUES (318, 60, 6, 'GBPGB318', 99500.00 , '2018-12-08');
INSERT into  `Sales.SalesOrderVehicle` (`SalesOrderVehicleId`, `CustomerId`, `StaffId`, `InvoiceNumber`, `TotalSalePrice`, `SaleDate`) VALUES (317, 40, 5, 'EURIT317', 123500.00 , '2018-12-05');
INSERT into  `Sales.SalesOrderVehicle` (`SalesOrderVehicleId`, `CustomerId`, `StaffId`, `InvoiceNumber`, `TotalSalePrice`, `SaleDate`) VALUES (316, 20, 4, 'USDUS316', 59500.00 , '2018-12-05');
INSERT into  `Sales.SalesOrderVehicle` (`SalesOrderVehicleId`, `CustomerId`, `StaffId`, `InvoiceNumber`, `TotalSalePrice`, `SaleDate`) VALUES (315, 19, 3, 'GBPGB315', 8500.00 , '2018-11-22');
INSERT into  `Sales.SalesOrderVehicle` (`SalesOrderVehicleId`, `CustomerId`, `StaffId`, `InvoiceNumber`, `TotalSalePrice`, `SaleDate`) VALUES (314, 24, 2, 'GBPCH314', 11590.00 , '2018-11-15');
INSERT into  `Sales.SalesOrderVehicle` (`SalesOrderVehicleId`, `CustomerId`, `StaffId`, `InvoiceNumber`, `TotalSalePrice`, `SaleDate`) VALUES (313, 35, 1, 'EURFR313', 8900.00 , '2018-11-02');
INSERT into  `Sales.SalesOrderVehicle` (`SalesOrderVehicleId`, `CustomerId`, `StaffId`, `InvoiceNumber`, `TotalSalePrice`, `SaleDate`) VALUES (312, 65, 7, 'USDUS312', 9500.00 , '2018-10-31');
INSERT into  `Sales.SalesOrderVehicle` (`SalesOrderVehicleId`, `CustomerId`, `StaffId`, `InvoiceNumber`, `TotalSalePrice`, `SaleDate`) VALUES (311, 5, 12, 'EURFR311', 59000.00 , '2018-10-31');
INSERT into  `Sales.SalesOrderVehicle` (`SalesOrderVehicleId`, `CustomerId`, `StaffId`, `InvoiceNumber`, `TotalSalePrice`, `SaleDate`) VALUES (310, 87, 11, 'GBPGB310', 29500.00 , '2018-10-31');
INSERT into  `Sales.SalesOrderVehicle` (`SalesOrderVehicleId`, `CustomerId`, `StaffId`, `InvoiceNumber`, `TotalSalePrice`, `SaleDate`) VALUES (31, 8, 5, 'EURFR031', 2550.00 , '2016-01-07');
INSERT into  `Sales.SalesOrderVehicle` (`SalesOrderVehicleId`, `CustomerId`, `StaffId`, `InvoiceNumber`, `TotalSalePrice`, `SaleDate`) VALUES (309, 86, 10, 'EURFR309', 25950.00 , '2018-10-31');
INSERT into  `Sales.SalesOrderVehicle` (`SalesOrderVehicleId`, `CustomerId`, `StaffId`, `InvoiceNumber`, `TotalSalePrice`, `SaleDate`) VALUES (308, 85, 9, 'GBPGB308', 17850.00 , '2018-10-31');
INSERT into  `Sales.SalesOrderVehicle` (`SalesOrderVehicleId`, `CustomerId`, `StaffId`, `InvoiceNumber`, `TotalSalePrice`, `SaleDate`) VALUES (307, 77, 8, 'USDUS307', 86500.00 , '2018-10-31');
INSERT into  `Sales.SalesOrderVehicle` (`SalesOrderVehicleId`, `CustomerId`, `StaffId`, `InvoiceNumber`, `TotalSalePrice`, `SaleDate`) VALUES (306, 65, 7, 'USDUS306', 56990.00 , '2018-10-31');
INSERT into  `Sales.SalesOrderVehicle` (`SalesOrderVehicleId`, `CustomerId`, `StaffId`, `InvoiceNumber`, `TotalSalePrice`, `SaleDate`) VALUES (305, 84, 6, 'GBPCH305', 45000.00 , '2018-10-02');
INSERT into  `Sales.SalesOrderVehicle` (`SalesOrderVehicleId`, `CustomerId`, `StaffId`, `InvoiceNumber`, `TotalSalePrice`, `SaleDate`) VALUES (304, 83, 5, 'EURFR304', 69500.00 , '2018-10-02');
INSERT into  `Sales.SalesOrderVehicle` (`SalesOrderVehicleId`, `CustomerId`, `StaffId`, `InvoiceNumber`, `TotalSalePrice`, `SaleDate`) VALUES (303, 69, 4, 'GBPGB303', 5600.00 , '2018-10-02');
INSERT into  `Sales.SalesOrderVehicle` (`SalesOrderVehicleId`, `CustomerId`, `StaffId`, `InvoiceNumber`, `TotalSalePrice`, `SaleDate`) VALUES (302, 76, 3, 'EURIT302', 12500.00 , '2018-09-15');
INSERT into  `Sales.SalesOrderVehicle` (`SalesOrderVehicleId`, `CustomerId`, `StaffId`, `InvoiceNumber`, `TotalSalePrice`, `SaleDate`) VALUES (301, 78, 2, 'GBPGB301', 39500.00 , '2018-09-15');
INSERT into  `Sales.SalesOrderVehicle` (`SalesOrderVehicleId`, `CustomerId`, `StaffId`, `InvoiceNumber`, `TotalSalePrice`, `SaleDate`) VALUES (300, 82, 1, 'EURFR300', 50500.00 , '2018-09-15');
INSERT into  `Sales.SalesOrderVehicle` (`SalesOrderVehicleId`, `CustomerId`, `StaffId`, `InvoiceNumber`, `TotalSalePrice`, `SaleDate`) VALUES (30, 10, 4, 'GBPGB030', 165000.00 , '2016-01-01');
INSERT into  `Sales.SalesOrderVehicle` (`SalesOrderVehicleId`, `CustomerId`, `StaffId`, `InvoiceNumber`, `TotalSalePrice`, `SaleDate`) VALUES (3, 3, 3, 'GBPGB003', 19500.00 , '2015-02-03');
INSERT into  `Sales.SalesOrderVehicle` (`SalesOrderVehicleId`, `CustomerId`, `StaffId`, `InvoiceNumber`, `TotalSalePrice`, `SaleDate`) VALUES (299, 81, 7, 'GBPGB299', 30500.00 , '2018-09-08');
INSERT into  `Sales.SalesOrderVehicle` (`SalesOrderVehicleId`, `CustomerId`, `StaffId`, `InvoiceNumber`, `TotalSalePrice`, `SaleDate`) VALUES (298, 57, 12, 'EURFR298', 33600.00 , '2018-09-08');
INSERT into  `Sales.SalesOrderVehicle` (`SalesOrderVehicleId`, `CustomerId`, `StaffId`, `InvoiceNumber`, `TotalSalePrice`, `SaleDate`) VALUES (297, 48, 11, 'EURES297', 56890.00 , '2018-09-04');
INSERT into  `Sales.SalesOrderVehicle` (`SalesOrderVehicleId`, `CustomerId`, `StaffId`, `InvoiceNumber`, `TotalSalePrice`, `SaleDate`) VALUES (296, 56, 10, 'GBPGB296', 62500.00 , '2018-09-04');
INSERT into  `Sales.SalesOrderVehicle` (`SalesOrderVehicleId`, `CustomerId`, `StaffId`, `InvoiceNumber`, `TotalSalePrice`, `SaleDate`) VALUES (295, 14, 9, 'GBPGB295', 56950.00 , '2018-09-01');
INSERT into  `Sales.SalesOrderVehicle` (`SalesOrderVehicleId`, `CustomerId`, `StaffId`, `InvoiceNumber`, `TotalSalePrice`, `SaleDate`) VALUES (294, 16, 8, 'EURFR294', 72500.00 , '2018-09-01');
INSERT into  `Sales.SalesOrderVehicle` (`SalesOrderVehicleId`, `CustomerId`, `StaffId`, `InvoiceNumber`, `TotalSalePrice`, `SaleDate`) VALUES (293, 36, 7, 'USDUS293', 89500.00 , '2018-09-01');
INSERT into  `Sales.SalesOrderVehicle` (`SalesOrderVehicleId`, `CustomerId`, `StaffId`, `InvoiceNumber`, `TotalSalePrice`, `SaleDate`) VALUES (292, 6, 6, 'GBPCH292', 56800.00 , '2018-08-18');
INSERT into  `Sales.SalesOrderVehicle` (`SalesOrderVehicleId`, `CustomerId`, `StaffId`, `InvoiceNumber`, `TotalSalePrice`, `SaleDate`) VALUES (291, 80, 5, 'EURDE291', 99500.00 , '2018-08-16');
INSERT into  `Sales.SalesOrderVehicle` (`SalesOrderVehicleId`, `CustomerId`, `StaffId`, `InvoiceNumber`, `TotalSalePrice`, `SaleDate`) VALUES (290, 79, 4, 'GBPGB290', 55000.00 , '2018-08-15');
INSERT into  `Sales.SalesOrderVehicle` (`SalesOrderVehicleId`, `CustomerId`, `StaffId`, `InvoiceNumber`, `TotalSalePrice`, `SaleDate`) VALUES (29, 9, 3, 'USDUS029', 159500.00 , '2016-01-01');
INSERT into  `Sales.SalesOrderVehicle` (`SalesOrderVehicleId`, `CustomerId`, `StaffId`, `InvoiceNumber`, `TotalSalePrice`, `SaleDate`) VALUES (289, 78, 3, 'GBPGB289', 61550.00 , '2018-08-11');
INSERT into  `Sales.SalesOrderVehicle` (`SalesOrderVehicleId`, `CustomerId`, `StaffId`, `InvoiceNumber`, `TotalSalePrice`, `SaleDate`) VALUES (288, 54, 2, 'GBPGB288', 39500.00 , '2018-08-10');
INSERT into  `Sales.SalesOrderVehicle` (`SalesOrderVehicleId`, `CustomerId`, `StaffId`, `InvoiceNumber`, `TotalSalePrice`, `SaleDate`) VALUES (287, 45, 1, 'GBPGB287', 102500.00 , '2018-08-01');
INSERT into  `Sales.SalesOrderVehicle` (`SalesOrderVehicleId`, `CustomerId`, `StaffId`, `InvoiceNumber`, `TotalSalePrice`, `SaleDate`) VALUES (286, 64, 7, 'EURES286', 57600.00 , '2018-08-01');
INSERT into  `Sales.SalesOrderVehicle` (`SalesOrderVehicleId`, `CustomerId`, `StaffId`, `InvoiceNumber`, `TotalSalePrice`, `SaleDate`) VALUES (285, 65, 12, 'USDUS285', 45000.00 , '2018-08-01');
INSERT into  `Sales.SalesOrderVehicle` (`SalesOrderVehicleId`, `CustomerId`, `StaffId`, `InvoiceNumber`, `TotalSalePrice`, `SaleDate`) VALUES (284, 77, 11, 'USDUS284', 113590.00 , '2018-08-01');
INSERT into  `Sales.SalesOrderVehicle` (`SalesOrderVehicleId`, `CustomerId`, `StaffId`, `InvoiceNumber`, `TotalSalePrice`, `SaleDate`) VALUES (283, 76, 10, 'EURIT283', 82590.00 , '2018-07-31');
INSERT into  `Sales.SalesOrderVehicle` (`SalesOrderVehicleId`, `CustomerId`, `StaffId`, `InvoiceNumber`, `TotalSalePrice`, `SaleDate`) VALUES (282, 75, 9, 'EURFR282', 345000.00 , '2018-07-31');
INSERT into  `Sales.SalesOrderVehicle` (`SalesOrderVehicleId`, `CustomerId`, `StaffId`, `InvoiceNumber`, `TotalSalePrice`, `SaleDate`) VALUES (281, 63, 8, 'EURIT281', 1250.00 , '2018-07-31');
INSERT into  `Sales.SalesOrderVehicle` (`SalesOrderVehicleId`, `CustomerId`, `StaffId`, `InvoiceNumber`, `TotalSalePrice`, `SaleDate`) VALUES (280, 65, 7, 'USDUS280', 55000.00 , '2018-07-31');
INSERT into  `Sales.SalesOrderVehicle` (`SalesOrderVehicleId`, `CustomerId`, `StaffId`, `InvoiceNumber`, `TotalSalePrice`, `SaleDate`) VALUES (28, 7, 2, 'GBPGB028', 12500.00 , '2016-01-01');
INSERT into  `Sales.SalesOrderVehicle` (`SalesOrderVehicleId`, `CustomerId`, `StaffId`, `InvoiceNumber`, `TotalSalePrice`, `SaleDate`) VALUES (279, 74, 6, 'EURES279', 128500.00 , '2018-07-31');
INSERT into  `Sales.SalesOrderVehicle` (`SalesOrderVehicleId`, `CustomerId`, `StaffId`, `InvoiceNumber`, `TotalSalePrice`, `SaleDate`) VALUES (278, 73, 5, 'GBPGB278', 5500.00 , '2018-07-31');
INSERT into  `Sales.SalesOrderVehicle` (`SalesOrderVehicleId`, `CustomerId`, `StaffId`, `InvoiceNumber`, `TotalSalePrice`, `SaleDate`) VALUES (277, 56, 4, 'GBPGB277', 18500.00 , '2018-07-30');
INSERT into  `Sales.SalesOrderVehicle` (`SalesOrderVehicleId`, `CustomerId`, `StaffId`, `InvoiceNumber`, `TotalSalePrice`, `SaleDate`) VALUES (276, 6, 3, 'GBPCH276', 2350.00 , '2018-07-30');
INSERT into  `Sales.SalesOrderVehicle` (`SalesOrderVehicleId`, `CustomerId`, `StaffId`, `InvoiceNumber`, `TotalSalePrice`, `SaleDate`) VALUES (275, 72, 2, 'GBPGB275', 68500.00 , '2018-07-30');
INSERT into  `Sales.SalesOrderVehicle` (`SalesOrderVehicleId`, `CustomerId`, `StaffId`, `InvoiceNumber`, `TotalSalePrice`, `SaleDate`) VALUES (274, 71, 1, 'GBPGB274', 2400.00 , '2018-07-30');
INSERT into  `Sales.SalesOrderVehicle` (`SalesOrderVehicleId`, `CustomerId`, `StaffId`, `InvoiceNumber`, `TotalSalePrice`, `SaleDate`) VALUES (273, 54, 7, 'GBPGB273', 72500.00 , '2018-07-25');
INSERT into  `Sales.SalesOrderVehicle` (`SalesOrderVehicleId`, `CustomerId`, `StaffId`, `InvoiceNumber`, `TotalSalePrice`, `SaleDate`) VALUES (272, 62, 12, 'GBPGB272', 33450.00 , '2018-07-25');
INSERT into  `Sales.SalesOrderVehicle` (`SalesOrderVehicleId`, `CustomerId`, `StaffId`, `InvoiceNumber`, `TotalSalePrice`, `SaleDate`) VALUES (271, 70, 11, 'GBPGB271', 10500.00 , '2018-07-15');
INSERT into  `Sales.SalesOrderVehicle` (`SalesOrderVehicleId`, `CustomerId`, `StaffId`, `InvoiceNumber`, `TotalSalePrice`, `SaleDate`) VALUES (270, 69, 10, 'GBPGB270', 6950.00 , '2018-07-10');
INSERT into  `Sales.SalesOrderVehicle` (`SalesOrderVehicleId`, `CustomerId`, `StaffId`, `InvoiceNumber`, `TotalSalePrice`, `SaleDate`) VALUES (27, 6, 1, 'GBPCH027', 12500.00 , '2016-01-01');
INSERT into  `Sales.SalesOrderVehicle` (`SalesOrderVehicleId`, `CustomerId`, `StaffId`, `InvoiceNumber`, `TotalSalePrice`, `SaleDate`) VALUES (269, 38, 9, 'GBPGB269', 99990.00 , '2018-07-05');
INSERT into  `Sales.SalesOrderVehicle` (`SalesOrderVehicleId`, `CustomerId`, `StaffId`, `InvoiceNumber`, `TotalSalePrice`, `SaleDate`) VALUES (268, 25, 8, 'GBPGB268', 99500.00 , '2018-06-23');
INSERT into  `Sales.SalesOrderVehicle` (`SalesOrderVehicleId`, `CustomerId`, `StaffId`, `InvoiceNumber`, `TotalSalePrice`, `SaleDate`) VALUES (267, 12, 7, 'GBPGB267', 24500.00 , '2018-06-22');
INSERT into  `Sales.SalesOrderVehicle` (`SalesOrderVehicleId`, `CustomerId`, `StaffId`, `InvoiceNumber`, `TotalSalePrice`, `SaleDate`) VALUES (266, 68, 6, 'USDUS266', 33500.00 , '2018-06-18');
INSERT into  `Sales.SalesOrderVehicle` (`SalesOrderVehicleId`, `CustomerId`, `StaffId`, `InvoiceNumber`, `TotalSalePrice`, `SaleDate`) VALUES (265, 2, 5, 'GBPGB265', 26500.00 , '2018-06-16');
INSERT into  `Sales.SalesOrderVehicle` (`SalesOrderVehicleId`, `CustomerId`, `StaffId`, `InvoiceNumber`, `TotalSalePrice`, `SaleDate`) VALUES (264, 67, 4, 'EURBE264', 6950.00 , '2018-06-03');
INSERT into  `Sales.SalesOrderVehicle` (`SalesOrderVehicleId`, `CustomerId`, `StaffId`, `InvoiceNumber`, `TotalSalePrice`, `SaleDate`) VALUES (263, 24, 3, 'GBPCH263', 3575.00 , '2018-06-03');
INSERT into  `Sales.SalesOrderVehicle` (`SalesOrderVehicleId`, `CustomerId`, `StaffId`, `InvoiceNumber`, `TotalSalePrice`, `SaleDate`) VALUES (262, 31, 2, 'GBPGB262', 18500.00 , '2018-05-25');
INSERT into  `Sales.SalesOrderVehicle` (`SalesOrderVehicleId`, `CustomerId`, `StaffId`, `InvoiceNumber`, `TotalSalePrice`, `SaleDate`) VALUES (261, 35, 1, 'EURFR261', 89500.00 , '2018-05-25');
INSERT into  `Sales.SalesOrderVehicle` (`SalesOrderVehicleId`, `CustomerId`, `StaffId`, `InvoiceNumber`, `TotalSalePrice`, `SaleDate`) VALUES (260, 66, 7, 'GBPGB260', 6590.00 , '2018-05-25');
INSERT into  `Sales.SalesOrderVehicle` (`SalesOrderVehicleId`, `CustomerId`, `StaffId`, `InvoiceNumber`, `TotalSalePrice`, `SaleDate`) VALUES (26, 15, 7, 'GBPGB026', 69500.00 , '2015-12-01');
INSERT into  `Sales.SalesOrderVehicle` (`SalesOrderVehicleId`, `CustomerId`, `StaffId`, `InvoiceNumber`, `TotalSalePrice`, `SaleDate`) VALUES (259, 62, 12, 'GBPGB259', 1250.00 , '2018-05-25');
INSERT into  `Sales.SalesOrderVehicle` (`SalesOrderVehicleId`, `CustomerId`, `StaffId`, `InvoiceNumber`, `TotalSalePrice`, `SaleDate`) VALUES (258, 63, 11, 'EURIT258', 135000.00 , '2018-05-25');
INSERT into  `Sales.SalesOrderVehicle` (`SalesOrderVehicleId`, `CustomerId`, `StaffId`, `InvoiceNumber`, `TotalSalePrice`, `SaleDate`) VALUES (257, 61, 10, 'GBPGB257', 9990.00 , '2018-05-23');
INSERT into  `Sales.SalesOrderVehicle` (`SalesOrderVehicleId`, `CustomerId`, `StaffId`, `InvoiceNumber`, `TotalSalePrice`, `SaleDate`) VALUES (256, 66, 9, 'GBPGB256', 25950.00 , '2018-05-23');
INSERT into  `Sales.SalesOrderVehicle` (`SalesOrderVehicleId`, `CustomerId`, `StaffId`, `InvoiceNumber`, `TotalSalePrice`, `SaleDate`) VALUES (255, 65, 8, 'USDUS255', 195000.00 , '2018-05-15');
INSERT into  `Sales.SalesOrderVehicle` (`SalesOrderVehicleId`, `CustomerId`, `StaffId`, `InvoiceNumber`, `TotalSalePrice`, `SaleDate`) VALUES (254, 35, 7, 'EURFR254', 269500.00 , '2018-05-15');
INSERT into  `Sales.SalesOrderVehicle` (`SalesOrderVehicleId`, `CustomerId`, `StaffId`, `InvoiceNumber`, `TotalSalePrice`, `SaleDate`) VALUES (253, 21, 6, 'GBPGB253', 2495.00 , '2018-05-03');
INSERT into  `Sales.SalesOrderVehicle` (`SalesOrderVehicleId`, `CustomerId`, `StaffId`, `InvoiceNumber`, `TotalSalePrice`, `SaleDate`) VALUES (252, 3, 5, 'GBPGB252', 1350.00 , '2018-05-03');
INSERT into  `Sales.SalesOrderVehicle` (`SalesOrderVehicleId`, `CustomerId`, `StaffId`, `InvoiceNumber`, `TotalSalePrice`, `SaleDate`) VALUES (251, 64, 4, 'EURES251', 52500.00 , '2018-04-29');
INSERT into  `Sales.SalesOrderVehicle` (`SalesOrderVehicleId`, `CustomerId`, `StaffId`, `InvoiceNumber`, `TotalSalePrice`, `SaleDate`) VALUES (250, 63, 3, 'EURIT250', 195000.00 , '2018-04-24');
INSERT into  `Sales.SalesOrderVehicle` (`SalesOrderVehicleId`, `CustomerId`, `StaffId`, `InvoiceNumber`, `TotalSalePrice`, `SaleDate`) VALUES (25, 14, 12, 'GBPGB025', 22950.00 , '2015-11-10');
INSERT into  `Sales.SalesOrderVehicle` (`SalesOrderVehicleId`, `CustomerId`, `StaffId`, `InvoiceNumber`, `TotalSalePrice`, `SaleDate`) VALUES (249, 52, 2, 'GBPGB249', 950.00 , '2018-04-23');
INSERT into  `Sales.SalesOrderVehicle` (`SalesOrderVehicleId`, `CustomerId`, `StaffId`, `InvoiceNumber`, `TotalSalePrice`, `SaleDate`) VALUES (248, 62, 1, 'GBPGB248', 61500.00 , '2018-04-22');
INSERT into  `Sales.SalesOrderVehicle` (`SalesOrderVehicleId`, `CustomerId`, `StaffId`, `InvoiceNumber`, `TotalSalePrice`, `SaleDate`) VALUES (247, 61, 7, 'GBPGB247', 44885.00 , '2018-04-20');
INSERT into  `Sales.SalesOrderVehicle` (`SalesOrderVehicleId`, `CustomerId`, `StaffId`, `InvoiceNumber`, `TotalSalePrice`, `SaleDate`) VALUES (246, 56, 12, 'GBPGB246', 100000.00 , '2018-04-20');
INSERT into  `Sales.SalesOrderVehicle` (`SalesOrderVehicleId`, `CustomerId`, `StaffId`, `InvoiceNumber`, `TotalSalePrice`, `SaleDate`) VALUES (245, 51, 11, 'USDUS245', 55000.00 , '2018-04-15');
INSERT into  `Sales.SalesOrderVehicle` (`SalesOrderVehicleId`, `CustomerId`, `StaffId`, `InvoiceNumber`, `TotalSalePrice`, `SaleDate`) VALUES (244, 39, 10, 'EURES244', 45950.00 , '2018-04-15');
INSERT into  `Sales.SalesOrderVehicle` (`SalesOrderVehicleId`, `CustomerId`, `StaffId`, `InvoiceNumber`, `TotalSalePrice`, `SaleDate`) VALUES (243, 38, 9, 'GBPGB243', 23500.00 , '2018-04-15');
INSERT into  `Sales.SalesOrderVehicle` (`SalesOrderVehicleId`, `CustomerId`, `StaffId`, `InvoiceNumber`, `TotalSalePrice`, `SaleDate`) VALUES (242, 36, 8, 'USDUS242', 39500.00 , '2018-04-15');
INSERT into  `Sales.SalesOrderVehicle` (`SalesOrderVehicleId`, `CustomerId`, `StaffId`, `InvoiceNumber`, `TotalSalePrice`, `SaleDate`) VALUES (241, 28, 7, 'EURFR241', 9950.00 , '2018-04-15');
INSERT into  `Sales.SalesOrderVehicle` (`SalesOrderVehicleId`, `CustomerId`, `StaffId`, `InvoiceNumber`, `TotalSalePrice`, `SaleDate`) VALUES (240, 36, 6, 'USDUS240', 2500.00 , '2018-04-11');
INSERT into  `Sales.SalesOrderVehicle` (`SalesOrderVehicleId`, `CustomerId`, `StaffId`, `InvoiceNumber`, `TotalSalePrice`, `SaleDate`) VALUES (24, 17, 11, 'USDUS024', 123590.00 , '2015-10-30');
INSERT into  `Sales.SalesOrderVehicle` (`SalesOrderVehicleId`, `CustomerId`, `StaffId`, `InvoiceNumber`, `TotalSalePrice`, `SaleDate`) VALUES (239, 25, 5, 'GBPGB239', 155000.00 , '2018-04-10');
INSERT into  `Sales.SalesOrderVehicle` (`SalesOrderVehicleId`, `CustomerId`, `StaffId`, `InvoiceNumber`, `TotalSalePrice`, `SaleDate`) VALUES (238, 31, 4, 'GBPGB238', 267950.00 , '2018-04-09');
INSERT into  `Sales.SalesOrderVehicle` (`SalesOrderVehicleId`, `CustomerId`, `StaffId`, `InvoiceNumber`, `TotalSalePrice`, `SaleDate`) VALUES (237, 39, 3, 'EURES237', 15950.00 , '2018-04-02');
INSERT into  `Sales.SalesOrderVehicle` (`SalesOrderVehicleId`, `CustomerId`, `StaffId`, `InvoiceNumber`, `TotalSalePrice`, `SaleDate`) VALUES (236, 45, 2, 'GBPGB236', 9800.00 , '2018-03-19');
INSERT into  `Sales.SalesOrderVehicle` (`SalesOrderVehicleId`, `CustomerId`, `StaffId`, `InvoiceNumber`, `TotalSalePrice`, `SaleDate`) VALUES (235, 46, 1, 'EURFR235', 310000.00 , '2018-03-15');
INSERT into  `Sales.SalesOrderVehicle` (`SalesOrderVehicleId`, `CustomerId`, `StaffId`, `InvoiceNumber`, `TotalSalePrice`, `SaleDate`) VALUES (234, 48, 7, 'EURES234', 368000.00 , '2018-03-08');
INSERT into  `Sales.SalesOrderVehicle` (`SalesOrderVehicleId`, `CustomerId`, `StaffId`, `InvoiceNumber`, `TotalSalePrice`, `SaleDate`) VALUES (233, 17, 12, 'USDUS233', 56900.00 , '2018-03-08');
INSERT into  `Sales.SalesOrderVehicle` (`SalesOrderVehicleId`, `CustomerId`, `StaffId`, `InvoiceNumber`, `TotalSalePrice`, `SaleDate`) VALUES (232, 39, 11, 'EURES232', 5690.00 , '2018-03-05');
INSERT into  `Sales.SalesOrderVehicle` (`SalesOrderVehicleId`, `CustomerId`, `StaffId`, `InvoiceNumber`, `TotalSalePrice`, `SaleDate`) VALUES (231, 28, 10, 'EURFR231', 6000.00 , '2018-03-05');
INSERT into  `Sales.SalesOrderVehicle` (`SalesOrderVehicleId`, `CustomerId`, `StaffId`, `InvoiceNumber`, `TotalSalePrice`, `SaleDate`) VALUES (230, 60, 9, 'GBPGB230', 355000.00 , '2018-02-17');
INSERT into  `Sales.SalesOrderVehicle` (`SalesOrderVehicleId`, `CustomerId`, `StaffId`, `InvoiceNumber`, `TotalSalePrice`, `SaleDate`) VALUES (23, 15, 10, 'GBPGB023', 22600.00 , '2015-10-30');
INSERT into  `Sales.SalesOrderVehicle` (`SalesOrderVehicleId`, `CustomerId`, `StaffId`, `InvoiceNumber`, `TotalSalePrice`, `SaleDate`) VALUES (229, 59, 8, 'GBPGB229', 98950.00 , '2018-02-17');
INSERT into  `Sales.SalesOrderVehicle` (`SalesOrderVehicleId`, `CustomerId`, `StaffId`, `InvoiceNumber`, `TotalSalePrice`, `SaleDate`) VALUES (228, 58, 7, 'GBPCH228', 55450.00 , '2018-02-17');
INSERT into  `Sales.SalesOrderVehicle` (`SalesOrderVehicleId`, `CustomerId`, `StaffId`, `InvoiceNumber`, `TotalSalePrice`, `SaleDate`) VALUES (227, 46, 6, 'EURFR227', 189500.00 , '2018-02-17');
INSERT into  `Sales.SalesOrderVehicle` (`SalesOrderVehicleId`, `CustomerId`, `StaffId`, `InvoiceNumber`, `TotalSalePrice`, `SaleDate`) VALUES (226, 57, 5, 'EURFR226', 21500.00 , '2018-02-14');
INSERT into  `Sales.SalesOrderVehicle` (`SalesOrderVehicleId`, `CustomerId`, `StaffId`, `InvoiceNumber`, `TotalSalePrice`, `SaleDate`) VALUES (225, 56, 4, 'GBPGB225', 22500.00 , '2018-02-13');
INSERT into  `Sales.SalesOrderVehicle` (`SalesOrderVehicleId`, `CustomerId`, `StaffId`, `InvoiceNumber`, `TotalSalePrice`, `SaleDate`) VALUES (224, 9, 3, 'USDUS224', 182500.00 , '2018-02-12');
INSERT into  `Sales.SalesOrderVehicle` (`SalesOrderVehicleId`, `CustomerId`, `StaffId`, `InvoiceNumber`, `TotalSalePrice`, `SaleDate`) VALUES (223, 6, 2, 'GBPCH223', 121500.00 , '2018-02-11');
INSERT into  `Sales.SalesOrderVehicle` (`SalesOrderVehicleId`, `CustomerId`, `StaffId`, `InvoiceNumber`, `TotalSalePrice`, `SaleDate`) VALUES (222, 8, 1, 'EURFR222', 120000.00 , '2018-02-10');
INSERT into  `Sales.SalesOrderVehicle` (`SalesOrderVehicleId`, `CustomerId`, `StaffId`, `InvoiceNumber`, `TotalSalePrice`, `SaleDate`) VALUES (221, 13, 7, 'EURFR221', 355000.00 , '2018-01-15');
INSERT into  `Sales.SalesOrderVehicle` (`SalesOrderVehicleId`, `CustomerId`, `StaffId`, `InvoiceNumber`, `TotalSalePrice`, `SaleDate`) VALUES (220, 21, 12, 'GBPGB220', 5950.00 , '2018-01-15');
INSERT into  `Sales.SalesOrderVehicle` (`SalesOrderVehicleId`, `CustomerId`, `StaffId`, `InvoiceNumber`, `TotalSalePrice`, `SaleDate`) VALUES (22, 18, 9, 'GBPGB022', 15600.00 , '2015-09-15');
INSERT into  `Sales.SalesOrderVehicle` (`SalesOrderVehicleId`, `CustomerId`, `StaffId`, `InvoiceNumber`, `TotalSalePrice`, `SaleDate`) VALUES (219, 35, 11, 'EURFR219', 21550.00 , '2018-01-10');
INSERT into  `Sales.SalesOrderVehicle` (`SalesOrderVehicleId`, `CustomerId`, `StaffId`, `InvoiceNumber`, `TotalSalePrice`, `SaleDate`) VALUES (218, 49, 10, 'EURBE218', 950.00 , '2018-01-10');
INSERT into  `Sales.SalesOrderVehicle` (`SalesOrderVehicleId`, `CustomerId`, `StaffId`, `InvoiceNumber`, `TotalSalePrice`, `SaleDate`) VALUES (217, 32, 9, 'EURES217', 45950.00 , '2018-01-10');
INSERT into  `Sales.SalesOrderVehicle` (`SalesOrderVehicleId`, `CustomerId`, `StaffId`, `InvoiceNumber`, `TotalSalePrice`, `SaleDate`) VALUES (216, 12, 8, 'GBPGB216', 56950.00 , '2018-01-10');
INSERT into  `Sales.SalesOrderVehicle` (`SalesOrderVehicleId`, `CustomerId`, `StaffId`, `InvoiceNumber`, `TotalSalePrice`, `SaleDate`) VALUES (215, 46, 7, 'EURFR215', 9890.00 , '2018-01-05');
INSERT into  `Sales.SalesOrderVehicle` (`SalesOrderVehicleId`, `CustomerId`, `StaffId`, `InvoiceNumber`, `TotalSalePrice`, `SaleDate`) VALUES (214, 45, 6, 'GBPGB214', 12570.00 , '2018-01-05');
INSERT into  `Sales.SalesOrderVehicle` (`SalesOrderVehicleId`, `CustomerId`, `StaffId`, `InvoiceNumber`, `TotalSalePrice`, `SaleDate`) VALUES (213, 55, 5, 'EURDE213', 11550.00 , '2018-01-05');
INSERT into  `Sales.SalesOrderVehicle` (`SalesOrderVehicleId`, `CustomerId`, `StaffId`, `InvoiceNumber`, `TotalSalePrice`, `SaleDate`) VALUES (212, 54, 4, 'GBPGB212', 1150.00 , '2018-01-05');
INSERT into  `Sales.SalesOrderVehicle` (`SalesOrderVehicleId`, `CustomerId`, `StaffId`, `InvoiceNumber`, `TotalSalePrice`, `SaleDate`) VALUES (211, 53, 3, 'EURFR211', 1950.00 , '2018-01-05');
INSERT into  `Sales.SalesOrderVehicle` (`SalesOrderVehicleId`, `CustomerId`, `StaffId`, `InvoiceNumber`, `TotalSalePrice`, `SaleDate`) VALUES (210, 52, 2, 'GBPGB210', 56950.00 , '2018-01-02');
INSERT into  `Sales.SalesOrderVehicle` (`SalesOrderVehicleId`, `CustomerId`, `StaffId`, `InvoiceNumber`, `TotalSalePrice`, `SaleDate`) VALUES (21, 19, 8, 'GBPGB021', 8950.00 , '2015-09-15');
INSERT into  `Sales.SalesOrderVehicle` (`SalesOrderVehicleId`, `CustomerId`, `StaffId`, `InvoiceNumber`, `TotalSalePrice`, `SaleDate`) VALUES (209, 51, 1, 'USDUS209', 65450.00 , '2018-01-02');
INSERT into  `Sales.SalesOrderVehicle` (`SalesOrderVehicleId`, `CustomerId`, `StaffId`, `InvoiceNumber`, `TotalSalePrice`, `SaleDate`) VALUES (208, 26, 7, 'GBPGB208', 42500.00 , '2018-01-02');
INSERT into  `Sales.SalesOrderVehicle` (`SalesOrderVehicleId`, `CustomerId`, `StaffId`, `InvoiceNumber`, `TotalSalePrice`, `SaleDate`) VALUES (207, 21, 12, 'GBPGB207', 62500.00 , '2018-01-02');
INSERT into  `Sales.SalesOrderVehicle` (`SalesOrderVehicleId`, `CustomerId`, `StaffId`, `InvoiceNumber`, `TotalSalePrice`, `SaleDate`) VALUES (206, 25, 11, 'GBPGB206', 56850.00 , '2018-01-02');
INSERT into  `Sales.SalesOrderVehicle` (`SalesOrderVehicleId`, `CustomerId`, `StaffId`, `InvoiceNumber`, `TotalSalePrice`, `SaleDate`) VALUES (205, 37, 10, 'GBPGB205', 7500.00 , '2017-12-27');
INSERT into  `Sales.SalesOrderVehicle` (`SalesOrderVehicleId`, `CustomerId`, `StaffId`, `InvoiceNumber`, `TotalSalePrice`, `SaleDate`) VALUES (204, 36, 9, 'USDUS204', 12500.00 , '2017-12-27');
INSERT into  `Sales.SalesOrderVehicle` (`SalesOrderVehicleId`, `CustomerId`, `StaffId`, `InvoiceNumber`, `TotalSalePrice`, `SaleDate`) VALUES (203, 48, 8, 'EURES203', 11990.00 , '2017-12-12');
INSERT into  `Sales.SalesOrderVehicle` (`SalesOrderVehicleId`, `CustomerId`, `StaffId`, `InvoiceNumber`, `TotalSalePrice`, `SaleDate`) VALUES (202, 46, 7, 'EURFR202', 7550.00 , '2017-12-10');
INSERT into  `Sales.SalesOrderVehicle` (`SalesOrderVehicleId`, `CustomerId`, `StaffId`, `InvoiceNumber`, `TotalSalePrice`, `SaleDate`) VALUES (201, 45, 6, 'GBPGB201', 45950.00 , '2017-12-10');
INSERT into  `Sales.SalesOrderVehicle` (`SalesOrderVehicleId`, `CustomerId`, `StaffId`, `InvoiceNumber`, `TotalSalePrice`, `SaleDate`) VALUES (200, 41, 5, 'EURIT200', 46900.00 , '2017-12-10');
INSERT into  `Sales.SalesOrderVehicle` (`SalesOrderVehicleId`, `CustomerId`, `StaffId`, `InvoiceNumber`, `TotalSalePrice`, `SaleDate`) VALUES (20, 18, 7, 'GBPGB020', 12650.00 , '2015-09-05');
INSERT into  `Sales.SalesOrderVehicle` (`SalesOrderVehicleId`, `CustomerId`, `StaffId`, `InvoiceNumber`, `TotalSalePrice`, `SaleDate`) VALUES (2, 2, 2, 'GBPGB002', 220000.10 , '2015-01-25');
INSERT into  `Sales.SalesOrderVehicle` (`SalesOrderVehicleId`, `CustomerId`, `StaffId`, `InvoiceNumber`, `TotalSalePrice`, `SaleDate`) VALUES (199, 32, 4, 'EURES199', 99950.00 , '2017-12-10');
INSERT into  `Sales.SalesOrderVehicle` (`SalesOrderVehicleId`, `CustomerId`, `StaffId`, `InvoiceNumber`, `TotalSalePrice`, `SaleDate`) VALUES (198, 23, 3, 'EURDE198', 23600.00 , '2017-12-05');
INSERT into  `Sales.SalesOrderVehicle` (`SalesOrderVehicleId`, `CustomerId`, `StaffId`, `InvoiceNumber`, `TotalSalePrice`, `SaleDate`) VALUES (197, 22, 2, 'GBPGB197', 25000.00 , '2017-12-05');
INSERT into  `Sales.SalesOrderVehicle` (`SalesOrderVehicleId`, `CustomerId`, `StaffId`, `InvoiceNumber`, `TotalSalePrice`, `SaleDate`) VALUES (196, 12, 1, 'GBPGB196', 21600.00 , '2017-12-01');
INSERT into  `Sales.SalesOrderVehicle` (`SalesOrderVehicleId`, `CustomerId`, `StaffId`, `InvoiceNumber`, `TotalSalePrice`, `SaleDate`) VALUES (195, 2, 7, 'GBPGB195', 45950.00 , '2017-12-01');
INSERT into  `Sales.SalesOrderVehicle` (`SalesOrderVehicleId`, `CustomerId`, `StaffId`, `InvoiceNumber`, `TotalSalePrice`, `SaleDate`) VALUES (194, 50, 12, 'EURFR194', 62700.00 , '2017-11-12');
INSERT into  `Sales.SalesOrderVehicle` (`SalesOrderVehicleId`, `CustomerId`, `StaffId`, `InvoiceNumber`, `TotalSalePrice`, `SaleDate`) VALUES (193, 49, 11, 'EURBE193', 34000.00 , '2017-11-06');
INSERT into  `Sales.SalesOrderVehicle` (`SalesOrderVehicleId`, `CustomerId`, `StaffId`, `InvoiceNumber`, `TotalSalePrice`, `SaleDate`) VALUES (192, 48, 10, 'EURES192', 89000.00 , '2017-11-01');
INSERT into  `Sales.SalesOrderVehicle` (`SalesOrderVehicleId`, `CustomerId`, `StaffId`, `InvoiceNumber`, `TotalSalePrice`, `SaleDate`) VALUES (191, 47, 9, 'EURIT191', 245000.00 , '2017-11-01');
INSERT into  `Sales.SalesOrderVehicle` (`SalesOrderVehicleId`, `CustomerId`, `StaffId`, `InvoiceNumber`, `TotalSalePrice`, `SaleDate`) VALUES (190, 14, 8, 'GBPGB190', 25000.00 , '2017-11-01');
INSERT into  `Sales.SalesOrderVehicle` (`SalesOrderVehicleId`, `CustomerId`, `StaffId`, `InvoiceNumber`, `TotalSalePrice`, `SaleDate`) VALUES (19, 17, 6, 'USDUS019', 5500.00 , '2015-08-02');
INSERT into  `Sales.SalesOrderVehicle` (`SalesOrderVehicleId`, `CustomerId`, `StaffId`, `InvoiceNumber`, `TotalSalePrice`, `SaleDate`) VALUES (189, 35, 7, 'EURFR189', 235000.00 , '2017-10-15');
INSERT into  `Sales.SalesOrderVehicle` (`SalesOrderVehicleId`, `CustomerId`, `StaffId`, `InvoiceNumber`, `TotalSalePrice`, `SaleDate`) VALUES (188, 26, 6, 'GBPGB188', 19500.00 , '2017-10-15');
INSERT into  `Sales.SalesOrderVehicle` (`SalesOrderVehicleId`, `CustomerId`, `StaffId`, `InvoiceNumber`, `TotalSalePrice`, `SaleDate`) VALUES (187, 17, 5, 'USDUS187', 15750.00 , '2017-09-26');
INSERT into  `Sales.SalesOrderVehicle` (`SalesOrderVehicleId`, `CustomerId`, `StaffId`, `InvoiceNumber`, `TotalSalePrice`, `SaleDate`) VALUES (186, 28, 4, 'EURFR186', 155000.00 , '2017-09-20');
INSERT into  `Sales.SalesOrderVehicle` (`SalesOrderVehicleId`, `CustomerId`, `StaffId`, `InvoiceNumber`, `TotalSalePrice`, `SaleDate`) VALUES (185, 39, 3, 'EURES185', 250000.00 , '2017-09-20');
INSERT into  `Sales.SalesOrderVehicle` (`SalesOrderVehicleId`, `CustomerId`, `StaffId`, `InvoiceNumber`, `TotalSalePrice`, `SaleDate`) VALUES (184, 9, 2, 'USDUS184', 49500.00 , '2017-09-20');
INSERT into  `Sales.SalesOrderVehicle` (`SalesOrderVehicleId`, `CustomerId`, `StaffId`, `InvoiceNumber`, `TotalSalePrice`, `SaleDate`) VALUES (183, 7, 1, 'GBPGB183', 55000.00 , '2017-08-30');
INSERT into  `Sales.SalesOrderVehicle` (`SalesOrderVehicleId`, `CustomerId`, `StaffId`, `InvoiceNumber`, `TotalSalePrice`, `SaleDate`) VALUES (182, 21, 7, 'GBPGB182', 5500.00 , '2017-08-27');
INSERT into  `Sales.SalesOrderVehicle` (`SalesOrderVehicleId`, `CustomerId`, `StaffId`, `InvoiceNumber`, `TotalSalePrice`, `SaleDate`) VALUES (181, 28, 12, 'EURFR181', 45000.00 , '2017-08-07');
INSERT into  `Sales.SalesOrderVehicle` (`SalesOrderVehicleId`, `CustomerId`, `StaffId`, `InvoiceNumber`, `TotalSalePrice`, `SaleDate`) VALUES (180, 46, 11, 'EURFR180', 32675.00 , '2017-08-06');
INSERT into  `Sales.SalesOrderVehicle` (`SalesOrderVehicleId`, `CustomerId`, `StaffId`, `InvoiceNumber`, `TotalSalePrice`, `SaleDate`) VALUES (18, 16, 5, 'EURFR018', 75500.00 , '2015-07-25');
INSERT into  `Sales.SalesOrderVehicle` (`SalesOrderVehicleId`, `CustomerId`, `StaffId`, `InvoiceNumber`, `TotalSalePrice`, `SaleDate`) VALUES (179, 36, 10, 'USDUS179', 22600.00 , '2017-08-04');
INSERT into  `Sales.SalesOrderVehicle` (`SalesOrderVehicleId`, `CustomerId`, `StaffId`, `InvoiceNumber`, `TotalSalePrice`, `SaleDate`) VALUES (178, 24, 9, 'GBPCH178', 165000.00 , '2017-08-04');
INSERT into  `Sales.SalesOrderVehicle` (`SalesOrderVehicleId`, `CustomerId`, `StaffId`, `InvoiceNumber`, `TotalSalePrice`, `SaleDate`) VALUES (177, 25, 8, 'GBPGB177', 89500.00 , '2017-07-31');
INSERT into  `Sales.SalesOrderVehicle` (`SalesOrderVehicleId`, `CustomerId`, `StaffId`, `InvoiceNumber`, `TotalSalePrice`, `SaleDate`) VALUES (176, 16, 7, 'EURFR176', 135000.00 , '2017-07-31');
INSERT into  `Sales.SalesOrderVehicle` (`SalesOrderVehicleId`, `CustomerId`, `StaffId`, `InvoiceNumber`, `TotalSalePrice`, `SaleDate`) VALUES (175, 11, 6, 'GBPGB175', 99500.00 , '2017-07-31');
INSERT into  `Sales.SalesOrderVehicle` (`SalesOrderVehicleId`, `CustomerId`, `StaffId`, `InvoiceNumber`, `TotalSalePrice`, `SaleDate`) VALUES (174, 8, 5, 'EURFR174', 56500.00 , '2017-07-31');
INSERT into  `Sales.SalesOrderVehicle` (`SalesOrderVehicleId`, `CustomerId`, `StaffId`, `InvoiceNumber`, `TotalSalePrice`, `SaleDate`) VALUES (173, 3, 4, 'GBPGB173', 335000.00 , '2017-07-03');
INSERT into  `Sales.SalesOrderVehicle` (`SalesOrderVehicleId`, `CustomerId`, `StaffId`, `InvoiceNumber`, `TotalSalePrice`, `SaleDate`) VALUES (172, 50, 3, 'EURFR172', 99950.00 , '2017-07-01');
INSERT into  `Sales.SalesOrderVehicle` (`SalesOrderVehicleId`, `CustomerId`, `StaffId`, `InvoiceNumber`, `TotalSalePrice`, `SaleDate`) VALUES (171, 49, 2, 'EURBE171', 45950.00 , '2017-07-01');
INSERT into  `Sales.SalesOrderVehicle` (`SalesOrderVehicleId`, `CustomerId`, `StaffId`, `InvoiceNumber`, `TotalSalePrice`, `SaleDate`) VALUES (170, 16, 1, 'EURFR170', 29500.00 , '2017-06-24');
INSERT into  `Sales.SalesOrderVehicle` (`SalesOrderVehicleId`, `CustomerId`, `StaffId`, `InvoiceNumber`, `TotalSalePrice`, `SaleDate`) VALUES (17, 15, 4, 'GBPGB017', 22990.00 , '2015-07-15');
INSERT into  `Sales.SalesOrderVehicle` (`SalesOrderVehicleId`, `CustomerId`, `StaffId`, `InvoiceNumber`, `TotalSalePrice`, `SaleDate`) VALUES (169, 25, 7, 'GBPGB169', 5650.00 , '2017-06-22');
INSERT into  `Sales.SalesOrderVehicle` (`SalesOrderVehicleId`, `CustomerId`, `StaffId`, `InvoiceNumber`, `TotalSalePrice`, `SaleDate`) VALUES (168, 48, 12, 'EURES168', 12950.00 , '2017-06-15');
INSERT into  `Sales.SalesOrderVehicle` (`SalesOrderVehicleId`, `CustomerId`, `StaffId`, `InvoiceNumber`, `TotalSalePrice`, `SaleDate`) VALUES (167, 33, 11, 'EURIT167', 19500.00 , '2017-06-15');
INSERT into  `Sales.SalesOrderVehicle` (`SalesOrderVehicleId`, `CustomerId`, `StaffId`, `InvoiceNumber`, `TotalSalePrice`, `SaleDate`) VALUES (166, 47, 10, 'EURIT166', 25000.00 , '2017-06-15');
INSERT into  `Sales.SalesOrderVehicle` (`SalesOrderVehicleId`, `CustomerId`, `StaffId`, `InvoiceNumber`, `TotalSalePrice`, `SaleDate`) VALUES (165, 4, 9, 'EURDE165', 99500.00 , '2017-06-15');
INSERT into  `Sales.SalesOrderVehicle` (`SalesOrderVehicleId`, `CustomerId`, `StaffId`, `InvoiceNumber`, `TotalSalePrice`, `SaleDate`) VALUES (164, 6, 8, 'GBPCH164', 8500.00 , '2017-06-15');
INSERT into  `Sales.SalesOrderVehicle` (`SalesOrderVehicleId`, `CustomerId`, `StaffId`, `InvoiceNumber`, `TotalSalePrice`, `SaleDate`) VALUES (163, 19, 7, 'GBPGB163', 45000.00 , '2017-06-01');
INSERT into  `Sales.SalesOrderVehicle` (`SalesOrderVehicleId`, `CustomerId`, `StaffId`, `InvoiceNumber`, `TotalSalePrice`, `SaleDate`) VALUES (162, 11, 6, 'GBPGB162', 32500.00 , '2017-06-01');
INSERT into  `Sales.SalesOrderVehicle` (`SalesOrderVehicleId`, `CustomerId`, `StaffId`, `InvoiceNumber`, `TotalSalePrice`, `SaleDate`) VALUES (161, 24, 5, 'GBPCH161', 2350.00 , '2017-05-27');
INSERT into  `Sales.SalesOrderVehicle` (`SalesOrderVehicleId`, `CustomerId`, `StaffId`, `InvoiceNumber`, `TotalSalePrice`, `SaleDate`) VALUES (160, 35, 4, 'EURFR160', 114000.00 , '2017-05-26');
INSERT into  `Sales.SalesOrderVehicle` (`SalesOrderVehicleId`, `CustomerId`, `StaffId`, `InvoiceNumber`, `TotalSalePrice`, `SaleDate`) VALUES (16, 14, 3, 'GBPGB016', 8695.00 , '2015-07-12');
INSERT into  `Sales.SalesOrderVehicle` (`SalesOrderVehicleId`, `CustomerId`, `StaffId`, `InvoiceNumber`, `TotalSalePrice`, `SaleDate`) VALUES (159, 23, 3, 'EURDE159', 45000.00 , '2017-05-24');
INSERT into  `Sales.SalesOrderVehicle` (`SalesOrderVehicleId`, `CustomerId`, `StaffId`, `InvoiceNumber`, `TotalSalePrice`, `SaleDate`) VALUES (158, 46, 2, 'EURFR158', 33500.00 , '2017-05-23');
INSERT into  `Sales.SalesOrderVehicle` (`SalesOrderVehicleId`, `CustomerId`, `StaffId`, `InvoiceNumber`, `TotalSalePrice`, `SaleDate`) VALUES (157, 45, 1, 'GBPGB157', 99500.00 , '2017-05-22');
INSERT into  `Sales.SalesOrderVehicle` (`SalesOrderVehicleId`, `CustomerId`, `StaffId`, `InvoiceNumber`, `TotalSalePrice`, `SaleDate`) VALUES (156, 8, 7, 'EURFR156', 295000.00 , '2017-05-21');
INSERT into  `Sales.SalesOrderVehicle` (`SalesOrderVehicleId`, `CustomerId`, `StaffId`, `InvoiceNumber`, `TotalSalePrice`, `SaleDate`) VALUES (155, 11, 12, 'GBPGB155', 950.00 , '2017-05-20');
INSERT into  `Sales.SalesOrderVehicle` (`SalesOrderVehicleId`, `CustomerId`, `StaffId`, `InvoiceNumber`, `TotalSalePrice`, `SaleDate`) VALUES (154, 22, 11, 'GBPGB154', 9250.00 , '2017-05-19');
INSERT into  `Sales.SalesOrderVehicle` (`SalesOrderVehicleId`, `CustomerId`, `StaffId`, `InvoiceNumber`, `TotalSalePrice`, `SaleDate`) VALUES (153, 33, 10, 'EURIT153', 6500.00 , '2017-05-16');
INSERT into  `Sales.SalesOrderVehicle` (`SalesOrderVehicleId`, `CustomerId`, `StaffId`, `InvoiceNumber`, `TotalSalePrice`, `SaleDate`) VALUES (152, 44, 9, 'USDUS152', 250000.00 , '2017-05-13');
INSERT into  `Sales.SalesOrderVehicle` (`SalesOrderVehicleId`, `CustomerId`, `StaffId`, `InvoiceNumber`, `TotalSalePrice`, `SaleDate`) VALUES (151, 43, 8, 'EURFR151', 255950.00 , '2017-05-12');
INSERT into  `Sales.SalesOrderVehicle` (`SalesOrderVehicleId`, `CustomerId`, `StaffId`, `InvoiceNumber`, `TotalSalePrice`, `SaleDate`) VALUES (150, 1, 7, 'GBPGB150', 255000.00 , '2017-05-10');
INSERT into  `Sales.SalesOrderVehicle` (`SalesOrderVehicleId`, `CustomerId`, `StaffId`, `InvoiceNumber`, `TotalSalePrice`, `SaleDate`) VALUES (15, 13, 2, 'EURFR015', 22950.00 , '2015-06-04');
INSERT into  `Sales.SalesOrderVehicle` (`SalesOrderVehicleId`, `CustomerId`, `StaffId`, `InvoiceNumber`, `TotalSalePrice`, `SaleDate`) VALUES (149, 39, 6, 'EURES149', 12500.00 , '2017-05-10');
INSERT into  `Sales.SalesOrderVehicle` (`SalesOrderVehicleId`, `CustomerId`, `StaffId`, `InvoiceNumber`, `TotalSalePrice`, `SaleDate`) VALUES (148, 40, 5, 'EURIT148', 61500.00 , '2017-05-10');
INSERT into  `Sales.SalesOrderVehicle` (`SalesOrderVehicleId`, `CustomerId`, `StaffId`, `InvoiceNumber`, `TotalSalePrice`, `SaleDate`) VALUES (147, 42, 4, 'EURES147', 65890.00 , '2017-05-09');
INSERT into  `Sales.SalesOrderVehicle` (`SalesOrderVehicleId`, `CustomerId`, `StaffId`, `InvoiceNumber`, `TotalSalePrice`, `SaleDate`) VALUES (146, 41, 3, 'EURIT146', 79500.00 , '2017-05-09');
INSERT into  `Sales.SalesOrderVehicle` (`SalesOrderVehicleId`, `CustomerId`, `StaffId`, `InvoiceNumber`, `TotalSalePrice`, `SaleDate`) VALUES (145, 27, 2, 'GBPGB145', 162500.00 , '2017-05-01');
INSERT into  `Sales.SalesOrderVehicle` (`SalesOrderVehicleId`, `CustomerId`, `StaffId`, `InvoiceNumber`, `TotalSalePrice`, `SaleDate`) VALUES (144, 29, 1, 'GBPGB144', 79500.00 , '2017-05-01');
INSERT into  `Sales.SalesOrderVehicle` (`SalesOrderVehicleId`, `CustomerId`, `StaffId`, `InvoiceNumber`, `TotalSalePrice`, `SaleDate`) VALUES (143, 28, 7, 'EURFR143', 220500.00 , '2017-04-07');
INSERT into  `Sales.SalesOrderVehicle` (`SalesOrderVehicleId`, `CustomerId`, `StaffId`, `InvoiceNumber`, `TotalSalePrice`, `SaleDate`) VALUES (142, 26, 12, 'GBPGB142', 295000.00 , '2017-04-07');
INSERT into  `Sales.SalesOrderVehicle` (`SalesOrderVehicleId`, `CustomerId`, `StaffId`, `InvoiceNumber`, `TotalSalePrice`, `SaleDate`) VALUES (141, 35, 11, 'EURFR141', 139500.00 , '2017-04-06');
INSERT into  `Sales.SalesOrderVehicle` (`SalesOrderVehicleId`, `CustomerId`, `StaffId`, `InvoiceNumber`, `TotalSalePrice`, `SaleDate`) VALUES (140, 32, 10, 'EURES140', 29500.00 , '2017-04-05');
INSERT into  `Sales.SalesOrderVehicle` (`SalesOrderVehicleId`, `CustomerId`, `StaffId`, `InvoiceNumber`, `TotalSalePrice`, `SaleDate`) VALUES (14, 12, 1, 'GBPGB014', 195000.00 , '2015-05-28');
INSERT into  `Sales.SalesOrderVehicle` (`SalesOrderVehicleId`, `CustomerId`, `StaffId`, `InvoiceNumber`, `TotalSalePrice`, `SaleDate`) VALUES (139, 31, 9, 'GBPGB139', 990.00 , '2017-03-31');
INSERT into  `Sales.SalesOrderVehicle` (`SalesOrderVehicleId`, `CustomerId`, `StaffId`, `InvoiceNumber`, `TotalSalePrice`, `SaleDate`) VALUES (138, 37, 8, 'GBPGB138', 42950.00 , '2017-03-31');
INSERT into  `Sales.SalesOrderVehicle` (`SalesOrderVehicleId`, `CustomerId`, `StaffId`, `InvoiceNumber`, `TotalSalePrice`, `SaleDate`) VALUES (137, 29, 7, 'GBPGB137', 225000.00 , '2017-03-31');
INSERT into  `Sales.SalesOrderVehicle` (`SalesOrderVehicleId`, `CustomerId`, `StaffId`, `InvoiceNumber`, `TotalSalePrice`, `SaleDate`) VALUES (136, 28, 6, 'EURFR136', 45000.00 , '2017-03-31');
INSERT into  `Sales.SalesOrderVehicle` (`SalesOrderVehicleId`, `CustomerId`, `StaffId`, `InvoiceNumber`, `TotalSalePrice`, `SaleDate`) VALUES (135, 23, 5, 'EURDE135', 305000.00 , '2017-03-30');
INSERT into  `Sales.SalesOrderVehicle` (`SalesOrderVehicleId`, `CustomerId`, `StaffId`, `InvoiceNumber`, `TotalSalePrice`, `SaleDate`) VALUES (134, 5, 4, 'EURFR134', 55600.00 , '2017-03-25');
INSERT into  `Sales.SalesOrderVehicle` (`SalesOrderVehicleId`, `CustomerId`, `StaffId`, `InvoiceNumber`, `TotalSalePrice`, `SaleDate`) VALUES (133, 1, 3, 'GBPGB133', 66500.00 , '2017-03-12');
INSERT into  `Sales.SalesOrderVehicle` (`SalesOrderVehicleId`, `CustomerId`, `StaffId`, `InvoiceNumber`, `TotalSalePrice`, `SaleDate`) VALUES (132, 34, 2, 'EURBE132', 86500.00 , '2017-03-12');
INSERT into  `Sales.SalesOrderVehicle` (`SalesOrderVehicleId`, `CustomerId`, `StaffId`, `InvoiceNumber`, `TotalSalePrice`, `SaleDate`) VALUES (131, 25, 1, 'GBPGB131', 56500.00 , '2017-03-10');
INSERT into  `Sales.SalesOrderVehicle` (`SalesOrderVehicleId`, `CustomerId`, `StaffId`, `InvoiceNumber`, `TotalSalePrice`, `SaleDate`) VALUES (130, 26, 7, 'GBPGB130', 156500.00 , '2017-03-10');
INSERT into  `Sales.SalesOrderVehicle` (`SalesOrderVehicleId`, `CustomerId`, `StaffId`, `InvoiceNumber`, `TotalSalePrice`, `SaleDate`) VALUES (13, 8, 7, 'EURFR013', 8950.00 , '2015-05-20');
INSERT into  `Sales.SalesOrderVehicle` (`SalesOrderVehicleId`, `CustomerId`, `StaffId`, `InvoiceNumber`, `TotalSalePrice`, `SaleDate`) VALUES (129, 16, 12, 'EURFR129', 8550.00 , '2017-03-05');
INSERT into  `Sales.SalesOrderVehicle` (`SalesOrderVehicleId`, `CustomerId`, `StaffId`, `InvoiceNumber`, `TotalSalePrice`, `SaleDate`) VALUES (128, 12, 11, 'GBPGB128', 5680.00 , '2017-03-05');
INSERT into  `Sales.SalesOrderVehicle` (`SalesOrderVehicleId`, `CustomerId`, `StaffId`, `InvoiceNumber`, `TotalSalePrice`, `SaleDate`) VALUES (127, 11, 10, 'GBPGB127', 3500.00 , '2017-03-05');
INSERT into  `Sales.SalesOrderVehicle` (`SalesOrderVehicleId`, `CustomerId`, `StaffId`, `InvoiceNumber`, `TotalSalePrice`, `SaleDate`) VALUES (126, 1, 9, 'GBPGB126', 2250.00 , '2017-02-14');
INSERT into  `Sales.SalesOrderVehicle` (`SalesOrderVehicleId`, `CustomerId`, `StaffId`, `InvoiceNumber`, `TotalSalePrice`, `SaleDate`) VALUES (125, 34, 8, 'EURBE125', 12500.00 , '2017-02-12');
INSERT into  `Sales.SalesOrderVehicle` (`SalesOrderVehicleId`, `CustomerId`, `StaffId`, `InvoiceNumber`, `TotalSalePrice`, `SaleDate`) VALUES (124, 37, 7, 'GBPGB124', 6500.00 , '2017-02-10');
INSERT into  `Sales.SalesOrderVehicle` (`SalesOrderVehicleId`, `CustomerId`, `StaffId`, `InvoiceNumber`, `TotalSalePrice`, `SaleDate`) VALUES (123, 36, 6, 'USDUS123', 21500.00 , '2017-02-09');
INSERT into  `Sales.SalesOrderVehicle` (`SalesOrderVehicleId`, `CustomerId`, `StaffId`, `InvoiceNumber`, `TotalSalePrice`, `SaleDate`) VALUES (122, 35, 5, 'EURFR122', 395000.00 , '2017-02-08');
INSERT into  `Sales.SalesOrderVehicle` (`SalesOrderVehicleId`, `CustomerId`, `StaffId`, `InvoiceNumber`, `TotalSalePrice`, `SaleDate`) VALUES (121, 28, 4, 'EURFR121', 365000.00 , '2017-02-07');
INSERT into  `Sales.SalesOrderVehicle` (`SalesOrderVehicleId`, `CustomerId`, `StaffId`, `InvoiceNumber`, `TotalSalePrice`, `SaleDate`) VALUES (120, 26, 3, 'GBPGB120', 56950.00 , '2017-01-31');
INSERT into  `Sales.SalesOrderVehicle` (`SalesOrderVehicleId`, `CustomerId`, `StaffId`, `InvoiceNumber`, `TotalSalePrice`, `SaleDate`) VALUES (12, 11, 12, 'GBPGB012', 169500.00 , '2015-05-10');
INSERT into  `Sales.SalesOrderVehicle` (`SalesOrderVehicleId`, `CustomerId`, `StaffId`, `InvoiceNumber`, `TotalSalePrice`, `SaleDate`) VALUES (119, 37, 2, 'GBPGB119', 55000.00 , '2017-01-31');
INSERT into  `Sales.SalesOrderVehicle` (`SalesOrderVehicleId`, `CustomerId`, `StaffId`, `InvoiceNumber`, `TotalSalePrice`, `SaleDate`) VALUES (118, 28, 1, 'EURFR118', 56500.00 , '2017-01-30');
INSERT into  `Sales.SalesOrderVehicle` (`SalesOrderVehicleId`, `CustomerId`, `StaffId`, `InvoiceNumber`, `TotalSalePrice`, `SaleDate`) VALUES (117, 19, 7, 'GBPGB117', 9950.00 , '2017-01-14');
INSERT into  `Sales.SalesOrderVehicle` (`SalesOrderVehicleId`, `CustomerId`, `StaffId`, `InvoiceNumber`, `TotalSalePrice`, `SaleDate`) VALUES (116, 6, 12, 'GBPCH116', 8850.00 , '2017-01-13');
INSERT into  `Sales.SalesOrderVehicle` (`SalesOrderVehicleId`, `CustomerId`, `StaffId`, `InvoiceNumber`, `TotalSalePrice`, `SaleDate`) VALUES (115, 1, 11, 'GBPGB115', 125950.00 , '2017-01-12');
INSERT into  `Sales.SalesOrderVehicle` (`SalesOrderVehicleId`, `CustomerId`, `StaffId`, `InvoiceNumber`, `TotalSalePrice`, `SaleDate`) VALUES (114, 6, 10, 'GBPCH114', 22500.00 , '2017-01-11');
INSERT into  `Sales.SalesOrderVehicle` (`SalesOrderVehicleId`, `CustomerId`, `StaffId`, `InvoiceNumber`, `TotalSalePrice`, `SaleDate`) VALUES (113, 13, 9, 'EURFR113', 1250.00 , '2017-01-21');
INSERT into  `Sales.SalesOrderVehicle` (`SalesOrderVehicleId`, `CustomerId`, `StaffId`, `InvoiceNumber`, `TotalSalePrice`, `SaleDate`) VALUES (112, 7, 8, 'GBPGB112', 85000.00 , '2017-01-10');
INSERT into  `Sales.SalesOrderVehicle` (`SalesOrderVehicleId`, `CustomerId`, `StaffId`, `InvoiceNumber`, `TotalSalePrice`, `SaleDate`) VALUES (111, 27, 7, 'GBPGB111', 125000.00 , '2017-01-05');
INSERT into  `Sales.SalesOrderVehicle` (`SalesOrderVehicleId`, `CustomerId`, `StaffId`, `InvoiceNumber`, `TotalSalePrice`, `SaleDate`) VALUES (110, 28, 6, 'EURFR110', 22500.00 , '2017-01-01');
INSERT into  `Sales.SalesOrderVehicle` (`SalesOrderVehicleId`, `CustomerId`, `StaffId`, `InvoiceNumber`, `TotalSalePrice`, `SaleDate`) VALUES (11, 10, 11, 'GBPGB011', 89000.00 , '2015-04-30');
INSERT into  `Sales.SalesOrderVehicle` (`SalesOrderVehicleId`, `CustomerId`, `StaffId`, `InvoiceNumber`, `TotalSalePrice`, `SaleDate`) VALUES (109, 39, 5, 'EURES109', 39500.00 , '2016-12-31');
INSERT into  `Sales.SalesOrderVehicle` (`SalesOrderVehicleId`, `CustomerId`, `StaffId`, `InvoiceNumber`, `TotalSalePrice`, `SaleDate`) VALUES (108, 29, 4, 'GBPGB108', 99500.00 , '2016-12-28');
INSERT into  `Sales.SalesOrderVehicle` (`SalesOrderVehicleId`, `CustomerId`, `StaffId`, `InvoiceNumber`, `TotalSalePrice`, `SaleDate`) VALUES (107, 28, 3, 'EURFR107', 169500.00 , '2016-12-20');
INSERT into  `Sales.SalesOrderVehicle` (`SalesOrderVehicleId`, `CustomerId`, `StaffId`, `InvoiceNumber`, `TotalSalePrice`, `SaleDate`) VALUES (106, 23, 2, 'EURDE106', 25000.00 , '2016-12-08');
INSERT into  `Sales.SalesOrderVehicle` (`SalesOrderVehicleId`, `CustomerId`, `StaffId`, `InvoiceNumber`, `TotalSalePrice`, `SaleDate`) VALUES (105, 14, 1, 'GBPGB105', 123500.00 , '2016-12-06');
INSERT into  `Sales.SalesOrderVehicle` (`SalesOrderVehicleId`, `CustomerId`, `StaffId`, `InvoiceNumber`, `TotalSalePrice`, `SaleDate`) VALUES (104, 13, 7, 'EURFR104', 60500.00 , '2016-12-06');
INSERT into  `Sales.SalesOrderVehicle` (`SalesOrderVehicleId`, `CustomerId`, `StaffId`, `InvoiceNumber`, `TotalSalePrice`, `SaleDate`) VALUES (103, 33, 12, 'EURIT103', 99500.00 , '2016-12-06');
INSERT into  `Sales.SalesOrderVehicle` (`SalesOrderVehicleId`, `CustomerId`, `StaffId`, `InvoiceNumber`, `TotalSalePrice`, `SaleDate`) VALUES (102, 26, 11, 'GBPGB102', 191490.00 , '2016-12-02');
INSERT into  `Sales.SalesOrderVehicle` (`SalesOrderVehicleId`, `CustomerId`, `StaffId`, `InvoiceNumber`, `TotalSalePrice`, `SaleDate`) VALUES (101, 12, 10, 'GBPGB101', 55000.00 , '2016-11-04');
INSERT into  `Sales.SalesOrderVehicle` (`SalesOrderVehicleId`, `CustomerId`, `StaffId`, `InvoiceNumber`, `TotalSalePrice`, `SaleDate`) VALUES (100, 3, 9, 'GBPGB100', 56890.00 , '2016-11-03');
INSERT into  `Sales.SalesOrderVehicle` (`SalesOrderVehicleId`, `CustomerId`, `StaffId`, `InvoiceNumber`, `TotalSalePrice`, `SaleDate`) VALUES (10, 9, 10, 'USDUS010', 36500.00 , '2015-04-04');
INSERT into  `Sales.SalesOrderVehicle` (`SalesOrderVehicleId`, `CustomerId`, `StaffId`, `InvoiceNumber`, `TotalSalePrice`, `SaleDate`) VALUES (1, 1, 1, 'GBPGB001', 65000.00 , '2015-01-02');

INSERT into `Sales.SalesOrderVehicleDetail` (`SalesOrderVehicleDetailId`, `SalesOrderVehicleId`, `LineItemNumber`, `ManufacturerVehicleStockId`, `SalePrice`, `LineItemDiscount`) VALUES (99, 91, 2, 114, 27890.00 , 0.00);
INSERT into `Sales.SalesOrderVehicleDetail` (`SalesOrderVehicleDetailId`, `SalesOrderVehicleId`, `LineItemNumber`, `ManufacturerVehicleStockId`, `SalePrice`, `LineItemDiscount`) VALUES (98, 91, 1, 113, 19600.00 , 1250.00);
INSERT into `Sales.SalesOrderVehicleDetail` (`SalesOrderVehicleDetailId`, `SalesOrderVehicleId`, `LineItemNumber`, `ManufacturerVehicleStockId`, `SalePrice`, `LineItemDiscount`) VALUES (97, 90, 1, 112, 35250.00 , 0.00);
INSERT into `Sales.SalesOrderVehicleDetail` (`SalesOrderVehicleDetailId`, `SalesOrderVehicleId`, `LineItemNumber`, `ManufacturerVehicleStockId`, `SalePrice`, `LineItemDiscount`) VALUES (96, 89, 1, 111, 3575.00 , 0.00);
INSERT into `Sales.SalesOrderVehicleDetail` (`SalesOrderVehicleDetailId`, `SalesOrderVehicleId`, `LineItemNumber`, `ManufacturerVehicleStockId`, `SalePrice`, `LineItemDiscount`) VALUES (95, 88, 1, 110, 55000.00 , 0.00);
INSERT into `Sales.SalesOrderVehicleDetail` (`SalesOrderVehicleDetailId`, `SalesOrderVehicleId`, `LineItemNumber`, `ManufacturerVehicleStockId`, `SalePrice`, `LineItemDiscount`) VALUES (94, 87, 1, 109, 68900.00 , 0.00);
INSERT into `Sales.SalesOrderVehicleDetail` (`SalesOrderVehicleDetailId`, `SalesOrderVehicleId`, `LineItemNumber`, `ManufacturerVehicleStockId`, `SalePrice`, `LineItemDiscount`) VALUES (93, 86, 1, 108, 49500.00 , 750.00);
INSERT into `Sales.SalesOrderVehicleDetail` (`SalesOrderVehicleDetailId`, `SalesOrderVehicleId`, `LineItemNumber`, `ManufacturerVehicleStockId`, `SalePrice`, `LineItemDiscount`) VALUES (92, 85, 1, 107, 56500.00 , 1500.00);
INSERT into `Sales.SalesOrderVehicleDetail` (`SalesOrderVehicleDetailId`, `SalesOrderVehicleId`, `LineItemNumber`, `ManufacturerVehicleStockId`, `SalePrice`, `LineItemDiscount`) VALUES (91, 84, 1, 106, 7500.00 , 75.00);
INSERT into `Sales.SalesOrderVehicleDetail` (`SalesOrderVehicleDetailId`, `SalesOrderVehicleId`, `LineItemNumber`, `ManufacturerVehicleStockId`, `SalePrice`, `LineItemDiscount`) VALUES (90, 83, 1, 105, 20950.00 , 750.00);
INSERT into `Sales.SalesOrderVehicleDetail` (`SalesOrderVehicleDetailId`, `SalesOrderVehicleId`, `LineItemNumber`, `ManufacturerVehicleStockId`, `SalePrice`, `LineItemDiscount`) VALUES (9, 9, 1, 11, 19600.00 , 0.00);
INSERT into `Sales.SalesOrderVehicleDetail` (`SalesOrderVehicleDetailId`, `SalesOrderVehicleId`, `LineItemNumber`, `ManufacturerVehicleStockId`, `SalePrice`, `LineItemDiscount`) VALUES (89, 82, 1, 104, 3950.00 , 0.00);
INSERT into `Sales.SalesOrderVehicleDetail` (`SalesOrderVehicleDetailId`, `SalesOrderVehicleId`, `LineItemNumber`, `ManufacturerVehicleStockId`, `SalePrice`, `LineItemDiscount`) VALUES (88, 81, 1, 103, 3500.00 , 0.00);
INSERT into `Sales.SalesOrderVehicleDetail` (`SalesOrderVehicleDetailId`, `SalesOrderVehicleId`, `LineItemNumber`, `ManufacturerVehicleStockId`, `SalePrice`, `LineItemDiscount`) VALUES (87, 80, 1, 102, 19500.00 , 0.00);
INSERT into `Sales.SalesOrderVehicleDetail` (`SalesOrderVehicleDetailId`, `SalesOrderVehicleId`, `LineItemNumber`, `ManufacturerVehicleStockId`, `SalePrice`, `LineItemDiscount`) VALUES (86, 79, 1, 101, 5680.00 , 500.00);
INSERT into `Sales.SalesOrderVehicleDetail` (`SalesOrderVehicleDetailId`, `SalesOrderVehicleId`, `LineItemNumber`, `ManufacturerVehicleStockId`, `SalePrice`, `LineItemDiscount`) VALUES (85, 78, 1, 100, 9950.00 , 0.00);
INSERT into `Sales.SalesOrderVehicleDetail` (`SalesOrderVehicleDetailId`, `SalesOrderVehicleId`, `LineItemNumber`, `ManufacturerVehicleStockId`, `SalePrice`, `LineItemDiscount`) VALUES (84, 77, 1, 99, 9500.00 , 0.00);
INSERT into `Sales.SalesOrderVehicleDetail` (`SalesOrderVehicleDetailId`, `SalesOrderVehicleId`, `LineItemNumber`, `ManufacturerVehicleStockId`, `SalePrice`, `LineItemDiscount`) VALUES (83, 76, 1, 98, 92150.00 , 0.00);
INSERT into `Sales.SalesOrderVehicleDetail` (`SalesOrderVehicleDetailId`, `SalesOrderVehicleId`, `LineItemNumber`, `ManufacturerVehicleStockId`, `SalePrice`, `LineItemDiscount`) VALUES (82, 75, 1, 97, 65500.00 , 0.00);
INSERT into `Sales.SalesOrderVehicleDetail` (`SalesOrderVehicleDetailId`, `SalesOrderVehicleId`, `LineItemNumber`, `ManufacturerVehicleStockId`, `SalePrice`, `LineItemDiscount`) VALUES (81, 74, 1, 96, 125000.00 , 1500.00);
INSERT into `Sales.SalesOrderVehicleDetail` (`SalesOrderVehicleDetailId`, `SalesOrderVehicleId`, `LineItemNumber`, `ManufacturerVehicleStockId`, `SalePrice`, `LineItemDiscount`) VALUES (80, 73, 1, 95, 45900.00 , 500.00);
INSERT into `Sales.SalesOrderVehicleDetail` (`SalesOrderVehicleDetailId`, `SalesOrderVehicleId`, `LineItemNumber`, `ManufacturerVehicleStockId`, `SalePrice`, `LineItemDiscount`) VALUES (8, 8, 1, 9, 76000.00 , 5500.00);
INSERT into `Sales.SalesOrderVehicleDetail` (`SalesOrderVehicleDetailId`, `SalesOrderVehicleId`, `LineItemNumber`, `ManufacturerVehicleStockId`, `SalePrice`, `LineItemDiscount`) VALUES (79, 72, 1, 94, 76500.00 , 0.00);
INSERT into `Sales.SalesOrderVehicleDetail` (`SalesOrderVehicleDetailId`, `SalesOrderVehicleId`, `LineItemNumber`, `ManufacturerVehicleStockId`, `SalePrice`, `LineItemDiscount`) VALUES (78, 71, 1, 93, 19500.00 , 0.00);
INSERT into `Sales.SalesOrderVehicleDetail` (`SalesOrderVehicleDetailId`, `SalesOrderVehicleId`, `LineItemNumber`, `ManufacturerVehicleStockId`, `SalePrice`, `LineItemDiscount`) VALUES (77, 70, 1, 92, 45000.00 , 0.00);
INSERT into `Sales.SalesOrderVehicleDetail` (`SalesOrderVehicleDetailId`, `SalesOrderVehicleId`, `LineItemNumber`, `ManufacturerVehicleStockId`, `SalePrice`, `LineItemDiscount`) VALUES (76, 69, 1, 90, 66500.00 , 750.00);
INSERT into `Sales.SalesOrderVehicleDetail` (`SalesOrderVehicleDetailId`, `SalesOrderVehicleId`, `LineItemNumber`, `ManufacturerVehicleStockId`, `SalePrice`, `LineItemDiscount`) VALUES (75, 68, 2, 89, 33600.00 , 0.00);
INSERT into `Sales.SalesOrderVehicleDetail` (`SalesOrderVehicleDetailId`, `SalesOrderVehicleId`, `LineItemNumber`, `ManufacturerVehicleStockId`, `SalePrice`, `LineItemDiscount`) VALUES (74, 68, 1, 88, 16500.00 , 0.00);
INSERT into `Sales.SalesOrderVehicleDetail` (`SalesOrderVehicleDetailId`, `SalesOrderVehicleId`, `LineItemNumber`, `ManufacturerVehicleStockId`, `SalePrice`, `LineItemDiscount`) VALUES (73, 67, 1, 87, 79500.00 , 2450.00);
INSERT into `Sales.SalesOrderVehicleDetail` (`SalesOrderVehicleDetailId`, `SalesOrderVehicleId`, `LineItemNumber`, `ManufacturerVehicleStockId`, `SalePrice`, `LineItemDiscount`) VALUES (72, 66, 1, 86, 61500.00 , 0.00);
INSERT into `Sales.SalesOrderVehicleDetail` (`SalesOrderVehicleDetailId`, `SalesOrderVehicleId`, `LineItemNumber`, `ManufacturerVehicleStockId`, `SalePrice`, `LineItemDiscount`) VALUES (71, 65, 1, 85, 12500.00 , 750.00);
INSERT into `Sales.SalesOrderVehicleDetail` (`SalesOrderVehicleDetailId`, `SalesOrderVehicleId`, `LineItemNumber`, `ManufacturerVehicleStockId`, `SalePrice`, `LineItemDiscount`) VALUES (70, 64, 1, 84, 99500.00 , 0.00);
INSERT into `Sales.SalesOrderVehicleDetail` (`SalesOrderVehicleDetailId`, `SalesOrderVehicleId`, `LineItemNumber`, `ManufacturerVehicleStockId`, `SalePrice`, `LineItemDiscount`) VALUES (7, 7, 1, 8, 49500.00 , 2450.00);
INSERT into `Sales.SalesOrderVehicleDetail` (`SalesOrderVehicleDetailId`, `SalesOrderVehicleId`, `LineItemNumber`, `ManufacturerVehicleStockId`, `SalePrice`, `LineItemDiscount`) VALUES (69, 63, 1, 82, 102500.00 , 1500.00);
INSERT into `Sales.SalesOrderVehicleDetail` (`SalesOrderVehicleDetailId`, `SalesOrderVehicleId`, `LineItemNumber`, `ManufacturerVehicleStockId`, `SalePrice`, `LineItemDiscount`) VALUES (68, 62, 1, 81, 6500.00 , 500.00);
INSERT into `Sales.SalesOrderVehicleDetail` (`SalesOrderVehicleDetailId`, `SalesOrderVehicleId`, `LineItemNumber`, `ManufacturerVehicleStockId`, `SalePrice`, `LineItemDiscount`) VALUES (67, 61, 1, 80, 45600.00 , 0.00);
INSERT into `Sales.SalesOrderVehicleDetail` (`SalesOrderVehicleDetailId`, `SalesOrderVehicleId`, `LineItemNumber`, `ManufacturerVehicleStockId`, `SalePrice`, `LineItemDiscount`) VALUES (66, 60, 1, 78, 12750.00 , 0.00);
INSERT into `Sales.SalesOrderVehicleDetail` (`SalesOrderVehicleDetailId`, `SalesOrderVehicleId`, `LineItemNumber`, `ManufacturerVehicleStockId`, `SalePrice`, `LineItemDiscount`) VALUES (65, 59, 1, 77, 14590.00 , 0.00);
INSERT into `Sales.SalesOrderVehicleDetail` (`SalesOrderVehicleDetailId`, `SalesOrderVehicleId`, `LineItemNumber`, `ManufacturerVehicleStockId`, `SalePrice`, `LineItemDiscount`) VALUES (64, 58, 1, 76, 79500.00 , 500.00);
INSERT into `Sales.SalesOrderVehicleDetail` (`SalesOrderVehicleDetailId`, `SalesOrderVehicleId`, `LineItemNumber`, `ManufacturerVehicleStockId`, `SalePrice`, `LineItemDiscount`) VALUES (63, 57, 1, 75, 19500.00 , 0.00);
INSERT into `Sales.SalesOrderVehicleDetail` (`SalesOrderVehicleDetailId`, `SalesOrderVehicleId`, `LineItemNumber`, `ManufacturerVehicleStockId`, `SalePrice`, `LineItemDiscount`) VALUES (62, 56, 1, 74, 66500.00 , 0.00);
INSERT into `Sales.SalesOrderVehicleDetail` (`SalesOrderVehicleDetailId`, `SalesOrderVehicleId`, `LineItemNumber`, `ManufacturerVehicleStockId`, `SalePrice`, `LineItemDiscount`) VALUES (61, 55, 1, 73, 205000.00 , 0.00);
INSERT into `Sales.SalesOrderVehicleDetail` (`SalesOrderVehicleDetailId`, `SalesOrderVehicleId`, `LineItemNumber`, `ManufacturerVehicleStockId`, `SalePrice`, `LineItemDiscount`) VALUES (60, 54, 1, 72, 195000.00 , 0.00);
INSERT into `Sales.SalesOrderVehicleDetail` (`SalesOrderVehicleDetailId`, `SalesOrderVehicleId`, `LineItemNumber`, `ManufacturerVehicleStockId`, `SalePrice`, `LineItemDiscount`) VALUES (6, 6, 1, 7, 29500.00 , 1250.00);
INSERT into `Sales.SalesOrderVehicleDetail` (`SalesOrderVehicleDetailId`, `SalesOrderVehicleId`, `LineItemNumber`, `ManufacturerVehicleStockId`, `SalePrice`, `LineItemDiscount`) VALUES (59, 53, 1, 71, 12500.00 , 750.00);
INSERT into `Sales.SalesOrderVehicleDetail` (`SalesOrderVehicleDetailId`, `SalesOrderVehicleId`, `LineItemNumber`, `ManufacturerVehicleStockId`, `SalePrice`, `LineItemDiscount`) VALUES (58, 52, 1, 69, 15650.00 , 0.00);
INSERT into `Sales.SalesOrderVehicleDetail` (`SalesOrderVehicleDetailId`, `SalesOrderVehicleId`, `LineItemNumber`, `ManufacturerVehicleStockId`, `SalePrice`, `LineItemDiscount`) VALUES (57, 51, 3, 68, 99500.00 , 750.00);
INSERT into `Sales.SalesOrderVehicleDetail` (`SalesOrderVehicleDetailId`, `SalesOrderVehicleId`, `LineItemNumber`, `ManufacturerVehicleStockId`, `SalePrice`, `LineItemDiscount`) VALUES (56, 51, 2, 66, 45500.00 , 0.00);
INSERT into `Sales.SalesOrderVehicleDetail` (`SalesOrderVehicleDetailId`, `SalesOrderVehicleId`, `LineItemNumber`, `ManufacturerVehicleStockId`, `SalePrice`, `LineItemDiscount`) VALUES (55, 51, 1, 65, 29650.00 , 0.00);
INSERT into `Sales.SalesOrderVehicleDetail` (`SalesOrderVehicleDetailId`, `SalesOrderVehicleId`, `LineItemNumber`, `ManufacturerVehicleStockId`, `SalePrice`, `LineItemDiscount`) VALUES (54, 50, 1, 64, 35000.00 , 0.00);
INSERT into `Sales.SalesOrderVehicleDetail` (`SalesOrderVehicleDetailId`, `SalesOrderVehicleId`, `LineItemNumber`, `ManufacturerVehicleStockId`, `SalePrice`, `LineItemDiscount`) VALUES (53, 49, 1, 62, 22150.00 , 500.00);
INSERT into `Sales.SalesOrderVehicleDetail` (`SalesOrderVehicleDetailId`, `SalesOrderVehicleId`, `LineItemNumber`, `ManufacturerVehicleStockId`, `SalePrice`, `LineItemDiscount`) VALUES (52, 48, 1, 61, 5500.00 , 0.00);
INSERT into `Sales.SalesOrderVehicleDetail` (`SalesOrderVehicleDetailId`, `SalesOrderVehicleId`, `LineItemNumber`, `ManufacturerVehicleStockId`, `SalePrice`, `LineItemDiscount`) VALUES (51, 47, 1, 60, 49580.00 , 0.00);
INSERT into `Sales.SalesOrderVehicleDetail` (`SalesOrderVehicleDetailId`, `SalesOrderVehicleId`, `LineItemNumber`, `ManufacturerVehicleStockId`, `SalePrice`, `LineItemDiscount`) VALUES (50, 46, 2, 59, 39500.00 , 2450.00);
INSERT into `Sales.SalesOrderVehicleDetail` (`SalesOrderVehicleDetailId`, `SalesOrderVehicleId`, `LineItemNumber`, `ManufacturerVehicleStockId`, `SalePrice`, `LineItemDiscount`) VALUES (5, 5, 1, 5, 19950.00 , 0.00);
INSERT into `Sales.SalesOrderVehicleDetail` (`SalesOrderVehicleDetailId`, `SalesOrderVehicleId`, `LineItemNumber`, `ManufacturerVehicleStockId`, `SalePrice`, `LineItemDiscount`) VALUES (49, 46, 1, 58, 9950.00 , 0.00);
INSERT into `Sales.SalesOrderVehicleDetail` (`SalesOrderVehicleDetailId`, `SalesOrderVehicleId`, `LineItemNumber`, `ManufacturerVehicleStockId`, `SalePrice`, `LineItemDiscount`) VALUES (48, 45, 1, 57, 12500.00 , 0.00);
INSERT into `Sales.SalesOrderVehicleDetail` (`SalesOrderVehicleDetailId`, `SalesOrderVehicleId`, `LineItemNumber`, `ManufacturerVehicleStockId`, `SalePrice`, `LineItemDiscount`) VALUES (47, 44, 1, 56, 17500.00 , 500.00);
INSERT into `Sales.SalesOrderVehicleDetail` (`SalesOrderVehicleDetailId`, `SalesOrderVehicleId`, `LineItemNumber`, `ManufacturerVehicleStockId`, `SalePrice`, `LineItemDiscount`) VALUES (46, 43, 1, 55, 99500.00 , 500.00);
INSERT into `Sales.SalesOrderVehicleDetail` (`SalesOrderVehicleDetailId`, `SalesOrderVehicleId`, `LineItemNumber`, `ManufacturerVehicleStockId`, `SalePrice`, `LineItemDiscount`) VALUES (45, 42, 1, 24, 8800.00 , 500.00);
INSERT into `Sales.SalesOrderVehicleDetail` (`SalesOrderVehicleDetailId`, `SalesOrderVehicleId`, `LineItemNumber`, `ManufacturerVehicleStockId`, `SalePrice`, `LineItemDiscount`) VALUES (44, 41, 1, 54, 17500.00 , 0.00);
INSERT into `Sales.SalesOrderVehicleDetail` (`SalesOrderVehicleDetailId`, `SalesOrderVehicleId`, `LineItemNumber`, `ManufacturerVehicleStockId`, `SalePrice`, `LineItemDiscount`) VALUES (43, 40, 1, 53, 102950.00 , 2450.00);
INSERT into `Sales.SalesOrderVehicleDetail` (`SalesOrderVehicleDetailId`, `SalesOrderVehicleId`, `LineItemNumber`, `ManufacturerVehicleStockId`, `SalePrice`, `LineItemDiscount`) VALUES (42, 39, 1, 52, 220500.00 , 0.00);
INSERT into `Sales.SalesOrderVehicleDetail` (`SalesOrderVehicleDetailId`, `SalesOrderVehicleId`, `LineItemNumber`, `ManufacturerVehicleStockId`, `SalePrice`, `LineItemDiscount`) VALUES (41, 38, 1, 51, 3650.00 , 0.00);
INSERT into `Sales.SalesOrderVehicleDetail` (`SalesOrderVehicleDetailId`, `SalesOrderVehicleId`, `LineItemNumber`, `ManufacturerVehicleStockId`, `SalePrice`, `LineItemDiscount`) VALUES (40, 37, 1, 50, 39500.00 , 2450.00);
INSERT into `Sales.SalesOrderVehicleDetail` (`SalesOrderVehicleDetailId`, `SalesOrderVehicleId`, `LineItemNumber`, `ManufacturerVehicleStockId`, `SalePrice`, `LineItemDiscount`) VALUES (4, 4, 1, 4, 11500.00 , 0.00);
INSERT into `Sales.SalesOrderVehicleDetail` (`SalesOrderVehicleDetailId`, `SalesOrderVehicleId`, `LineItemNumber`, `ManufacturerVehicleStockId`, `SalePrice`, `LineItemDiscount`) VALUES (39, 36, 2, 47, 6000.00 , 0.00);
INSERT into `Sales.SalesOrderVehicleDetail` (`SalesOrderVehicleDetailId`, `SalesOrderVehicleId`, `LineItemNumber`, `ManufacturerVehicleStockId`, `SalePrice`, `LineItemDiscount`) VALUES (38, 36, 1, 46, 65890.00 , 750.00);
INSERT into `Sales.SalesOrderVehicleDetail` (`SalesOrderVehicleDetailId`, `SalesOrderVehicleId`, `LineItemNumber`, `ManufacturerVehicleStockId`, `SalePrice`, `LineItemDiscount`) VALUES (37, 35, 1, 45, 56000.00 , 0.00);
INSERT into `Sales.SalesOrderVehicleDetail` (`SalesOrderVehicleDetailId`, `SalesOrderVehicleId`, `LineItemNumber`, `ManufacturerVehicleStockId`, `SalePrice`, `LineItemDiscount`) VALUES (36, 34, 1, 44, 56950.00 , 0.00);
INSERT into `Sales.SalesOrderVehicleDetail` (`SalesOrderVehicleDetailId`, `SalesOrderVehicleId`, `LineItemNumber`, `ManufacturerVehicleStockId`, `SalePrice`, `LineItemDiscount`) VALUES (351, 324, 1, 394, 145000.00 , 5000.00);
INSERT into `Sales.SalesOrderVehicleDetail` (`SalesOrderVehicleDetailId`, `SalesOrderVehicleId`, `LineItemNumber`, `ManufacturerVehicleStockId`, `SalePrice`, `LineItemDiscount`) VALUES (350, 323, 1, 393, 950.00 , 0.00);
INSERT into `Sales.SalesOrderVehicleDetail` (`SalesOrderVehicleDetailId`, `SalesOrderVehicleId`, `LineItemNumber`, `ManufacturerVehicleStockId`, `SalePrice`, `LineItemDiscount`) VALUES (35, 33, 1, 43, 12650.00 , 500.00);
INSERT into `Sales.SalesOrderVehicleDetail` (`SalesOrderVehicleDetailId`, `SalesOrderVehicleId`, `LineItemNumber`, `ManufacturerVehicleStockId`, `SalePrice`, `LineItemDiscount`) VALUES (349, 322, 1, 392, 5500.00 , 0.00);
INSERT into `Sales.SalesOrderVehicleDetail` (`SalesOrderVehicleDetailId`, `SalesOrderVehicleId`, `LineItemNumber`, `ManufacturerVehicleStockId`, `SalePrice`, `LineItemDiscount`) VALUES (348, 321, 1, 391, 17950.00 , 1500.00);
INSERT into `Sales.SalesOrderVehicleDetail` (`SalesOrderVehicleDetailId`, `SalesOrderVehicleId`, `LineItemNumber`, `ManufacturerVehicleStockId`, `SalePrice`, `LineItemDiscount`) VALUES (347, 320, 1, 390, 11500.00 , 0.00);
INSERT into `Sales.SalesOrderVehicleDetail` (`SalesOrderVehicleDetailId`, `SalesOrderVehicleId`, `LineItemNumber`, `ManufacturerVehicleStockId`, `SalePrice`, `LineItemDiscount`) VALUES (346, 319, 2, 389, 1590.00 , 0.00);
INSERT into `Sales.SalesOrderVehicleDetail` (`SalesOrderVehicleDetailId`, `SalesOrderVehicleId`, `LineItemNumber`, `ManufacturerVehicleStockId`, `SalePrice`, `LineItemDiscount`) VALUES (345, 319, 1, 388, 54500.00 , 0.00);
INSERT into `Sales.SalesOrderVehicleDetail` (`SalesOrderVehicleDetailId`, `SalesOrderVehicleId`, `LineItemNumber`, `ManufacturerVehicleStockId`, `SalePrice`, `LineItemDiscount`) VALUES (344, 318, 1, 387, 99500.00 , 0.00);
INSERT into `Sales.SalesOrderVehicleDetail` (`SalesOrderVehicleDetailId`, `SalesOrderVehicleId`, `LineItemNumber`, `ManufacturerVehicleStockId`, `SalePrice`, `LineItemDiscount`) VALUES (343, 317, 1, 386, 123500.00 , 3500.00);
INSERT into `Sales.SalesOrderVehicleDetail` (`SalesOrderVehicleDetailId`, `SalesOrderVehicleId`, `LineItemNumber`, `ManufacturerVehicleStockId`, `SalePrice`, `LineItemDiscount`) VALUES (342, 316, 1, 385, 59500.00 , 0.00);
INSERT into `Sales.SalesOrderVehicleDetail` (`SalesOrderVehicleDetailId`, `SalesOrderVehicleId`, `LineItemNumber`, `ManufacturerVehicleStockId`, `SalePrice`, `LineItemDiscount`) VALUES (341, 315, 1, 384, 8500.00 , 0.00);
INSERT into `Sales.SalesOrderVehicleDetail` (`SalesOrderVehicleDetailId`, `SalesOrderVehicleId`, `LineItemNumber`, `ManufacturerVehicleStockId`, `SalePrice`, `LineItemDiscount`) VALUES (340, 314, 1, 383, 11590.00 , 0.00);
INSERT into `Sales.SalesOrderVehicleDetail` (`SalesOrderVehicleDetailId`, `SalesOrderVehicleId`, `LineItemNumber`, `ManufacturerVehicleStockId`, `SalePrice`, `LineItemDiscount`) VALUES (34, 32, 1, 42, 29500.00 , 0.00);
INSERT into `Sales.SalesOrderVehicleDetail` (`SalesOrderVehicleDetailId`, `SalesOrderVehicleId`, `LineItemNumber`, `ManufacturerVehicleStockId`, `SalePrice`, `LineItemDiscount`) VALUES (339, 313, 1, 382, 8900.00 , 0.00);
INSERT into `Sales.SalesOrderVehicleDetail` (`SalesOrderVehicleDetailId`, `SalesOrderVehicleId`, `LineItemNumber`, `ManufacturerVehicleStockId`, `SalePrice`, `LineItemDiscount`) VALUES (338, 312, 1, 380, 9500.00 , 0.00);
INSERT into `Sales.SalesOrderVehicleDetail` (`SalesOrderVehicleDetailId`, `SalesOrderVehicleId`, `LineItemNumber`, `ManufacturerVehicleStockId`, `SalePrice`, `LineItemDiscount`) VALUES (337, 311, 1, 378, 59000.00 , 4500.00);
INSERT into `Sales.SalesOrderVehicleDetail` (`SalesOrderVehicleDetailId`, `SalesOrderVehicleId`, `LineItemNumber`, `ManufacturerVehicleStockId`, `SalePrice`, `LineItemDiscount`) VALUES (336, 310, 1, 377, 29500.00 , 0.00);
INSERT into `Sales.SalesOrderVehicleDetail` (`SalesOrderVehicleDetailId`, `SalesOrderVehicleId`, `LineItemNumber`, `ManufacturerVehicleStockId`, `SalePrice`, `LineItemDiscount`) VALUES (335, 309, 1, 376, 25950.00 , 0.00);
INSERT into `Sales.SalesOrderVehicleDetail` (`SalesOrderVehicleDetailId`, `SalesOrderVehicleId`, `LineItemNumber`, `ManufacturerVehicleStockId`, `SalePrice`, `LineItemDiscount`) VALUES (334, 308, 1, 375, 17850.00 , 1250.00);
INSERT into `Sales.SalesOrderVehicleDetail` (`SalesOrderVehicleDetailId`, `SalesOrderVehicleId`, `LineItemNumber`, `ManufacturerVehicleStockId`, `SalePrice`, `LineItemDiscount`) VALUES (333, 307, 1, 374, 86500.00 , 2450.00);
INSERT into `Sales.SalesOrderVehicleDetail` (`SalesOrderVehicleDetailId`, `SalesOrderVehicleId`, `LineItemNumber`, `ManufacturerVehicleStockId`, `SalePrice`, `LineItemDiscount`) VALUES (332, 306, 1, 370, 56990.00 , 0.00);
INSERT into `Sales.SalesOrderVehicleDetail` (`SalesOrderVehicleDetailId`, `SalesOrderVehicleId`, `LineItemNumber`, `ManufacturerVehicleStockId`, `SalePrice`, `LineItemDiscount`) VALUES (331, 305, 1, 369, 45000.00 , 0.00);
INSERT into `Sales.SalesOrderVehicleDetail` (`SalesOrderVehicleDetailId`, `SalesOrderVehicleId`, `LineItemNumber`, `ManufacturerVehicleStockId`, `SalePrice`, `LineItemDiscount`) VALUES (330, 304, 1, 368, 69500.00 , 0.00);
INSERT into `Sales.SalesOrderVehicleDetail` (`SalesOrderVehicleDetailId`, `SalesOrderVehicleId`, `LineItemNumber`, `ManufacturerVehicleStockId`, `SalePrice`, `LineItemDiscount`) VALUES (33, 31, 1, 41, 2550.00 , 50.00);
INSERT into `Sales.SalesOrderVehicleDetail` (`SalesOrderVehicleDetailId`, `SalesOrderVehicleId`, `LineItemNumber`, `ManufacturerVehicleStockId`, `SalePrice`, `LineItemDiscount`) VALUES (329, 303, 3, 367, 2500.00 , 0.00);
INSERT into `Sales.SalesOrderVehicleDetail` (`SalesOrderVehicleDetailId`, `SalesOrderVehicleId`, `LineItemNumber`, `ManufacturerVehicleStockId`, `SalePrice`, `LineItemDiscount`) VALUES (328, 303, 2, 366, 1950.00 , 0.00);
INSERT into `Sales.SalesOrderVehicleDetail` (`SalesOrderVehicleDetailId`, `SalesOrderVehicleId`, `LineItemNumber`, `ManufacturerVehicleStockId`, `SalePrice`, `LineItemDiscount`) VALUES (327, 303, 1, 365, 1150.00 , 1500.00);
INSERT into `Sales.SalesOrderVehicleDetail` (`SalesOrderVehicleDetailId`, `SalesOrderVehicleId`, `LineItemNumber`, `ManufacturerVehicleStockId`, `SalePrice`, `LineItemDiscount`) VALUES (326, 302, 1, 364, 12500.00 , 0.00);
INSERT into `Sales.SalesOrderVehicleDetail` (`SalesOrderVehicleDetailId`, `SalesOrderVehicleId`, `LineItemNumber`, `ManufacturerVehicleStockId`, `SalePrice`, `LineItemDiscount`) VALUES (325, 301, 1, 363, 39500.00 , 0.00);
INSERT into `Sales.SalesOrderVehicleDetail` (`SalesOrderVehicleDetailId`, `SalesOrderVehicleId`, `LineItemNumber`, `ManufacturerVehicleStockId`, `SalePrice`, `LineItemDiscount`) VALUES (324, 300, 2, 362, 25500.00 , 0.00);
INSERT into `Sales.SalesOrderVehicleDetail` (`SalesOrderVehicleDetailId`, `SalesOrderVehicleId`, `LineItemNumber`, `ManufacturerVehicleStockId`, `SalePrice`, `LineItemDiscount`) VALUES (323, 300, 1, 361, 25000.00 , 0.00);
INSERT into `Sales.SalesOrderVehicleDetail` (`SalesOrderVehicleDetailId`, `SalesOrderVehicleId`, `LineItemNumber`, `ManufacturerVehicleStockId`, `SalePrice`, `LineItemDiscount`) VALUES (322, 299, 1, 360, 30500.00 , 2450.00);
INSERT into `Sales.SalesOrderVehicleDetail` (`SalesOrderVehicleDetailId`, `SalesOrderVehicleId`, `LineItemNumber`, `ManufacturerVehicleStockId`, `SalePrice`, `LineItemDiscount`) VALUES (321, 298, 1, 359, 33600.00 , 0.00);
INSERT into `Sales.SalesOrderVehicleDetail` (`SalesOrderVehicleDetailId`, `SalesOrderVehicleId`, `LineItemNumber`, `ManufacturerVehicleStockId`, `SalePrice`, `LineItemDiscount`) VALUES (320, 297, 1, 358, 56890.00 , 0.00);
INSERT into `Sales.SalesOrderVehicleDetail` (`SalesOrderVehicleDetailId`, `SalesOrderVehicleId`, `LineItemNumber`, `ManufacturerVehicleStockId`, `SalePrice`, `LineItemDiscount`) VALUES (32, 30, 1, 40, 165000.00 , 5000.00);
INSERT into `Sales.SalesOrderVehicleDetail` (`SalesOrderVehicleDetailId`, `SalesOrderVehicleId`, `LineItemNumber`, `ManufacturerVehicleStockId`, `SalePrice`, `LineItemDiscount`) VALUES (319, 296, 1, 357, 62500.00 , 0.00);
INSERT into `Sales.SalesOrderVehicleDetail` (`SalesOrderVehicleDetailId`, `SalesOrderVehicleId`, `LineItemNumber`, `ManufacturerVehicleStockId`, `SalePrice`, `LineItemDiscount`) VALUES (318, 295, 1, 356, 56950.00 , 0.00);
INSERT into `Sales.SalesOrderVehicleDetail` (`SalesOrderVehicleDetailId`, `SalesOrderVehicleId`, `LineItemNumber`, `ManufacturerVehicleStockId`, `SalePrice`, `LineItemDiscount`) VALUES (317, 294, 1, 355, 72500.00 , 0.00);
INSERT into `Sales.SalesOrderVehicleDetail` (`SalesOrderVehicleDetailId`, `SalesOrderVehicleId`, `LineItemNumber`, `ManufacturerVehicleStockId`, `SalePrice`, `LineItemDiscount`) VALUES (316, 293, 1, 354, 89500.00 , 0.00);
INSERT into `Sales.SalesOrderVehicleDetail` (`SalesOrderVehicleDetailId`, `SalesOrderVehicleId`, `LineItemNumber`, `ManufacturerVehicleStockId`, `SalePrice`, `LineItemDiscount`) VALUES (315, 292, 1, 353, 56800.00 , 750.00);
INSERT into `Sales.SalesOrderVehicleDetail` (`SalesOrderVehicleDetailId`, `SalesOrderVehicleId`, `LineItemNumber`, `ManufacturerVehicleStockId`, `SalePrice`, `LineItemDiscount`) VALUES (314, 291, 1, 352, 99500.00 , 1250.00);
INSERT into `Sales.SalesOrderVehicleDetail` (`SalesOrderVehicleDetailId`, `SalesOrderVehicleId`, `LineItemNumber`, `ManufacturerVehicleStockId`, `SalePrice`, `LineItemDiscount`) VALUES (313, 290, 1, 351, 55000.00 , 0.00);
INSERT into `Sales.SalesOrderVehicleDetail` (`SalesOrderVehicleDetailId`, `SalesOrderVehicleId`, `LineItemNumber`, `ManufacturerVehicleStockId`, `SalePrice`, `LineItemDiscount`) VALUES (312, 289, 1, 350, 61550.00 , 0.00);
INSERT into `Sales.SalesOrderVehicleDetail` (`SalesOrderVehicleDetailId`, `SalesOrderVehicleId`, `LineItemNumber`, `ManufacturerVehicleStockId`, `SalePrice`, `LineItemDiscount`) VALUES (311, 288, 1, 349, 39500.00 , 0.00);
INSERT into `Sales.SalesOrderVehicleDetail` (`SalesOrderVehicleDetailId`, `SalesOrderVehicleId`, `LineItemNumber`, `ManufacturerVehicleStockId`, `SalePrice`, `LineItemDiscount`) VALUES (310, 287, 1, 348, 102500.00 , 0.00);
INSERT into `Sales.SalesOrderVehicleDetail` (`SalesOrderVehicleDetailId`, `SalesOrderVehicleId`, `LineItemNumber`, `ManufacturerVehicleStockId`, `SalePrice`, `LineItemDiscount`) VALUES (31, 29, 1, 39, 159500.00 , 0.00);
INSERT into `Sales.SalesOrderVehicleDetail` (`SalesOrderVehicleDetailId`, `SalesOrderVehicleId`, `LineItemNumber`, `ManufacturerVehicleStockId`, `SalePrice`, `LineItemDiscount`) VALUES (309, 286, 1, 347, 57600.00 , 0.00);
INSERT into `Sales.SalesOrderVehicleDetail` (`SalesOrderVehicleDetailId`, `SalesOrderVehicleId`, `LineItemNumber`, `ManufacturerVehicleStockId`, `SalePrice`, `LineItemDiscount`) VALUES (308, 285, 1, 346, 45000.00 , 1250.00);
INSERT into `Sales.SalesOrderVehicleDetail` (`SalesOrderVehicleDetailId`, `SalesOrderVehicleId`, `LineItemNumber`, `ManufacturerVehicleStockId`, `SalePrice`, `LineItemDiscount`) VALUES (307, 284, 1, 345, 113590.00 , 0.00);
INSERT into `Sales.SalesOrderVehicleDetail` (`SalesOrderVehicleDetailId`, `SalesOrderVehicleId`, `LineItemNumber`, `ManufacturerVehicleStockId`, `SalePrice`, `LineItemDiscount`) VALUES (306, 283, 1, 344, 82590.00 , 0.00);
INSERT into `Sales.SalesOrderVehicleDetail` (`SalesOrderVehicleDetailId`, `SalesOrderVehicleId`, `LineItemNumber`, `ManufacturerVehicleStockId`, `SalePrice`, `LineItemDiscount`) VALUES (305, 282, 1, 341, 345000.00 , 0.00);
INSERT into `Sales.SalesOrderVehicleDetail` (`SalesOrderVehicleDetailId`, `SalesOrderVehicleId`, `LineItemNumber`, `ManufacturerVehicleStockId`, `SalePrice`, `LineItemDiscount`) VALUES (304, 281, 1, 340, 1250.00 , 0.00);
INSERT into `Sales.SalesOrderVehicleDetail` (`SalesOrderVehicleDetailId`, `SalesOrderVehicleId`, `LineItemNumber`, `ManufacturerVehicleStockId`, `SalePrice`, `LineItemDiscount`) VALUES (303, 280, 1, 339, 55000.00 , 0.00);
INSERT into `Sales.SalesOrderVehicleDetail` (`SalesOrderVehicleDetailId`, `SalesOrderVehicleId`, `LineItemNumber`, `ManufacturerVehicleStockId`, `SalePrice`, `LineItemDiscount`) VALUES (302, 279, 1, 338, 128500.00 , 12500.00);
INSERT into `Sales.SalesOrderVehicleDetail` (`SalesOrderVehicleDetailId`, `SalesOrderVehicleId`, `LineItemNumber`, `ManufacturerVehicleStockId`, `SalePrice`, `LineItemDiscount`) VALUES (301, 278, 1, 337, 5500.00 , 0.00);
INSERT into `Sales.SalesOrderVehicleDetail` (`SalesOrderVehicleDetailId`, `SalesOrderVehicleId`, `LineItemNumber`, `ManufacturerVehicleStockId`, `SalePrice`, `LineItemDiscount`) VALUES (300, 277, 1, 336, 18500.00 , 1950.00);
INSERT into `Sales.SalesOrderVehicleDetail` (`SalesOrderVehicleDetailId`, `SalesOrderVehicleId`, `LineItemNumber`, `ManufacturerVehicleStockId`, `SalePrice`, `LineItemDiscount`) VALUES (30, 28, 1, 38, 12500.00 , 1500.00);
INSERT into `Sales.SalesOrderVehicleDetail` (`SalesOrderVehicleDetailId`, `SalesOrderVehicleId`, `LineItemNumber`, `ManufacturerVehicleStockId`, `SalePrice`, `LineItemDiscount`) VALUES (3, 3, 1, 3, 19500.00 , 0.00);
INSERT into `Sales.SalesOrderVehicleDetail` (`SalesOrderVehicleDetailId`, `SalesOrderVehicleId`, `LineItemNumber`, `ManufacturerVehicleStockId`, `SalePrice`, `LineItemDiscount`) VALUES (299, 276, 1, 335, 2350.00 , 0.00);
INSERT into `Sales.SalesOrderVehicleDetail` (`SalesOrderVehicleDetailId`, `SalesOrderVehicleId`, `LineItemNumber`, `ManufacturerVehicleStockId`, `SalePrice`, `LineItemDiscount`) VALUES (298, 275, 1, 334, 68500.00 , 2450.00);
INSERT into `Sales.SalesOrderVehicleDetail` (`SalesOrderVehicleDetailId`, `SalesOrderVehicleId`, `LineItemNumber`, `ManufacturerVehicleStockId`, `SalePrice`, `LineItemDiscount`) VALUES (297, 274, 1, 333, 2400.00 , 0.00);
INSERT into `Sales.SalesOrderVehicleDetail` (`SalesOrderVehicleDetailId`, `SalesOrderVehicleId`, `LineItemNumber`, `ManufacturerVehicleStockId`, `SalePrice`, `LineItemDiscount`) VALUES (296, 273, 1, 332, 72500.00 , 0.00);
INSERT into `Sales.SalesOrderVehicleDetail` (`SalesOrderVehicleDetailId`, `SalesOrderVehicleId`, `LineItemNumber`, `ManufacturerVehicleStockId`, `SalePrice`, `LineItemDiscount`) VALUES (295, 272, 1, 331, 33450.00 , 0.00);
INSERT into `Sales.SalesOrderVehicleDetail` (`SalesOrderVehicleDetailId`, `SalesOrderVehicleId`, `LineItemNumber`, `ManufacturerVehicleStockId`, `SalePrice`, `LineItemDiscount`) VALUES (294, 271, 1, 330, 10500.00 , 1500.00);
INSERT into `Sales.SalesOrderVehicleDetail` (`SalesOrderVehicleDetailId`, `SalesOrderVehicleId`, `LineItemNumber`, `ManufacturerVehicleStockId`, `SalePrice`, `LineItemDiscount`) VALUES (293, 270, 1, 329, 6950.00 , 1250.00);
INSERT into `Sales.SalesOrderVehicleDetail` (`SalesOrderVehicleDetailId`, `SalesOrderVehicleId`, `LineItemNumber`, `ManufacturerVehicleStockId`, `SalePrice`, `LineItemDiscount`) VALUES (292, 269, 1, 328, 99990.00 , 0.00);
INSERT into `Sales.SalesOrderVehicleDetail` (`SalesOrderVehicleDetailId`, `SalesOrderVehicleId`, `LineItemNumber`, `ManufacturerVehicleStockId`, `SalePrice`, `LineItemDiscount`) VALUES (291, 268, 1, 327, 99500.00 , 500.00);
INSERT into `Sales.SalesOrderVehicleDetail` (`SalesOrderVehicleDetailId`, `SalesOrderVehicleId`, `LineItemNumber`, `ManufacturerVehicleStockId`, `SalePrice`, `LineItemDiscount`) VALUES (290, 267, 1, 325, 24500.00 , 0.00);
INSERT into `Sales.SalesOrderVehicleDetail` (`SalesOrderVehicleDetailId`, `SalesOrderVehicleId`, `LineItemNumber`, `ManufacturerVehicleStockId`, `SalePrice`, `LineItemDiscount`) VALUES (29, 27, 1, 37, 12500.00 , 0.00);
INSERT into `Sales.SalesOrderVehicleDetail` (`SalesOrderVehicleDetailId`, `SalesOrderVehicleId`, `LineItemNumber`, `ManufacturerVehicleStockId`, `SalePrice`, `LineItemDiscount`) VALUES (289, 266, 1, 324, 33500.00 , 0.00);
INSERT into `Sales.SalesOrderVehicleDetail` (`SalesOrderVehicleDetailId`, `SalesOrderVehicleId`, `LineItemNumber`, `ManufacturerVehicleStockId`, `SalePrice`, `LineItemDiscount`) VALUES (288, 265, 1, 323, 26500.00 , 0.00);
INSERT into `Sales.SalesOrderVehicleDetail` (`SalesOrderVehicleDetailId`, `SalesOrderVehicleId`, `LineItemNumber`, `ManufacturerVehicleStockId`, `SalePrice`, `LineItemDiscount`) VALUES (287, 264, 1, 321, 6950.00 , 0.00);
INSERT into `Sales.SalesOrderVehicleDetail` (`SalesOrderVehicleDetailId`, `SalesOrderVehicleId`, `LineItemNumber`, `ManufacturerVehicleStockId`, `SalePrice`, `LineItemDiscount`) VALUES (286, 263, 1, 320, 3575.00 , 750.00);
INSERT into `Sales.SalesOrderVehicleDetail` (`SalesOrderVehicleDetailId`, `SalesOrderVehicleId`, `LineItemNumber`, `ManufacturerVehicleStockId`, `SalePrice`, `LineItemDiscount`) VALUES (285, 262, 1, 318, 18500.00 , 0.00);
INSERT into `Sales.SalesOrderVehicleDetail` (`SalesOrderVehicleDetailId`, `SalesOrderVehicleId`, `LineItemNumber`, `ManufacturerVehicleStockId`, `SalePrice`, `LineItemDiscount`) VALUES (284, 261, 1, 317, 89500.00 , 0.00);
INSERT into `Sales.SalesOrderVehicleDetail` (`SalesOrderVehicleDetailId`, `SalesOrderVehicleId`, `LineItemNumber`, `ManufacturerVehicleStockId`, `SalePrice`, `LineItemDiscount`) VALUES (283, 260, 1, 203, 6590.00 , 750.00);
INSERT into `Sales.SalesOrderVehicleDetail` (`SalesOrderVehicleDetailId`, `SalesOrderVehicleId`, `LineItemNumber`, `ManufacturerVehicleStockId`, `SalePrice`, `LineItemDiscount`) VALUES (282, 259, 1, 201, 1250.00 , 0.00);
INSERT into `Sales.SalesOrderVehicleDetail` (`SalesOrderVehicleDetailId`, `SalesOrderVehicleId`, `LineItemNumber`, `ManufacturerVehicleStockId`, `SalePrice`, `LineItemDiscount`) VALUES (281, 258, 1, 315, 135000.00 , 0.00);
INSERT into `Sales.SalesOrderVehicleDetail` (`SalesOrderVehicleDetailId`, `SalesOrderVehicleId`, `LineItemNumber`, `ManufacturerVehicleStockId`, `SalePrice`, `LineItemDiscount`) VALUES (280, 257, 1, 314, 9990.00 , 0.00);
INSERT into `Sales.SalesOrderVehicleDetail` (`SalesOrderVehicleDetailId`, `SalesOrderVehicleId`, `LineItemNumber`, `ManufacturerVehicleStockId`, `SalePrice`, `LineItemDiscount`) VALUES (28, 26, 1, 36, 69500.00 , 0.00);
INSERT into `Sales.SalesOrderVehicleDetail` (`SalesOrderVehicleDetailId`, `SalesOrderVehicleId`, `LineItemNumber`, `ManufacturerVehicleStockId`, `SalePrice`, `LineItemDiscount`) VALUES (279, 256, 1, 313, 25950.00 , 1250.00);
INSERT into `Sales.SalesOrderVehicleDetail` (`SalesOrderVehicleDetailId`, `SalesOrderVehicleId`, `LineItemNumber`, `ManufacturerVehicleStockId`, `SalePrice`, `LineItemDiscount`) VALUES (278, 255, 1, 312, 195000.00 , 0.00);
INSERT into `Sales.SalesOrderVehicleDetail` (`SalesOrderVehicleDetailId`, `SalesOrderVehicleId`, `LineItemNumber`, `ManufacturerVehicleStockId`, `SalePrice`, `LineItemDiscount`) VALUES (277, 254, 1, 311, 269500.00 , 0.00);
INSERT into `Sales.SalesOrderVehicleDetail` (`SalesOrderVehicleDetailId`, `SalesOrderVehicleId`, `LineItemNumber`, `ManufacturerVehicleStockId`, `SalePrice`, `LineItemDiscount`) VALUES (276, 253, 1, 310, 2495.00 , 45.00);
INSERT into `Sales.SalesOrderVehicleDetail` (`SalesOrderVehicleDetailId`, `SalesOrderVehicleId`, `LineItemNumber`, `ManufacturerVehicleStockId`, `SalePrice`, `LineItemDiscount`) VALUES (275, 252, 1, 309, 1350.00 , 0.00);
INSERT into `Sales.SalesOrderVehicleDetail` (`SalesOrderVehicleDetailId`, `SalesOrderVehicleId`, `LineItemNumber`, `ManufacturerVehicleStockId`, `SalePrice`, `LineItemDiscount`) VALUES (274, 251, 1, 308, 52500.00 , 1575.00);
INSERT into `Sales.SalesOrderVehicleDetail` (`SalesOrderVehicleDetailId`, `SalesOrderVehicleId`, `LineItemNumber`, `ManufacturerVehicleStockId`, `SalePrice`, `LineItemDiscount`) VALUES (273, 250, 1, 307, 195000.00 , 0.00);
INSERT into `Sales.SalesOrderVehicleDetail` (`SalesOrderVehicleDetailId`, `SalesOrderVehicleId`, `LineItemNumber`, `ManufacturerVehicleStockId`, `SalePrice`, `LineItemDiscount`) VALUES (272, 249, 1, 304, 950.00 , 0.00);
INSERT into `Sales.SalesOrderVehicleDetail` (`SalesOrderVehicleDetailId`, `SalesOrderVehicleId`, `LineItemNumber`, `ManufacturerVehicleStockId`, `SalePrice`, `LineItemDiscount`) VALUES (271, 248, 1, 303, 61500.00 , 0.00);
INSERT into `Sales.SalesOrderVehicleDetail` (`SalesOrderVehicleDetailId`, `SalesOrderVehicleId`, `LineItemNumber`, `ManufacturerVehicleStockId`, `SalePrice`, `LineItemDiscount`) VALUES (270, 247, 1, 302, 44885.00 , 0.00);
INSERT into `Sales.SalesOrderVehicleDetail` (`SalesOrderVehicleDetailId`, `SalesOrderVehicleId`, `LineItemNumber`, `ManufacturerVehicleStockId`, `SalePrice`, `LineItemDiscount`) VALUES (27, 25, 1, 35, 22950.00 , 50.00);
INSERT into `Sales.SalesOrderVehicleDetail` (`SalesOrderVehicleDetailId`, `SalesOrderVehicleId`, `LineItemNumber`, `ManufacturerVehicleStockId`, `SalePrice`, `LineItemDiscount`) VALUES (269, 246, 1, 301, 100000.00 , 0.00);
INSERT into `Sales.SalesOrderVehicleDetail` (`SalesOrderVehicleDetailId`, `SalesOrderVehicleId`, `LineItemNumber`, `ManufacturerVehicleStockId`, `SalePrice`, `LineItemDiscount`) VALUES (268, 245, 1, 300, 55000.00 , 750.00);
INSERT into `Sales.SalesOrderVehicleDetail` (`SalesOrderVehicleDetailId`, `SalesOrderVehicleId`, `LineItemNumber`, `ManufacturerVehicleStockId`, `SalePrice`, `LineItemDiscount`) VALUES (267, 244, 1, 299, 45950.00 , 0.00);
INSERT into `Sales.SalesOrderVehicleDetail` (`SalesOrderVehicleDetailId`, `SalesOrderVehicleId`, `LineItemNumber`, `ManufacturerVehicleStockId`, `SalePrice`, `LineItemDiscount`) VALUES (266, 243, 1, 298, 23500.00 , 0.00);
INSERT into `Sales.SalesOrderVehicleDetail` (`SalesOrderVehicleDetailId`, `SalesOrderVehicleId`, `LineItemNumber`, `ManufacturerVehicleStockId`, `SalePrice`, `LineItemDiscount`) VALUES (265, 242, 1, 297, 39500.00 , 2450.00);
INSERT into `Sales.SalesOrderVehicleDetail` (`SalesOrderVehicleDetailId`, `SalesOrderVehicleId`, `LineItemNumber`, `ManufacturerVehicleStockId`, `SalePrice`, `LineItemDiscount`) VALUES (264, 241, 1, 239, 9950.00 , 0.00);
INSERT into `Sales.SalesOrderVehicleDetail` (`SalesOrderVehicleDetailId`, `SalesOrderVehicleId`, `LineItemNumber`, `ManufacturerVehicleStockId`, `SalePrice`, `LineItemDiscount`) VALUES (263, 240, 1, 295, 2500.00 , 0.00);
INSERT into `Sales.SalesOrderVehicleDetail` (`SalesOrderVehicleDetailId`, `SalesOrderVehicleId`, `LineItemNumber`, `ManufacturerVehicleStockId`, `SalePrice`, `LineItemDiscount`) VALUES (262, 239, 1, 294, 155000.00 , 0.00);
INSERT into `Sales.SalesOrderVehicleDetail` (`SalesOrderVehicleDetailId`, `SalesOrderVehicleId`, `LineItemNumber`, `ManufacturerVehicleStockId`, `SalePrice`, `LineItemDiscount`) VALUES (261, 238, 2, 293, 12950.00 , 0.00);
INSERT into `Sales.SalesOrderVehicleDetail` (`SalesOrderVehicleDetailId`, `SalesOrderVehicleId`, `LineItemNumber`, `ManufacturerVehicleStockId`, `SalePrice`, `LineItemDiscount`) VALUES (260, 238, 1, 291, 255000.00 , 0.00);
INSERT into `Sales.SalesOrderVehicleDetail` (`SalesOrderVehicleDetailId`, `SalesOrderVehicleId`, `LineItemNumber`, `ManufacturerVehicleStockId`, `SalePrice`, `LineItemDiscount`) VALUES (26, 24, 1, 34, 123590.00 , 2450.00);
INSERT into `Sales.SalesOrderVehicleDetail` (`SalesOrderVehicleDetailId`, `SalesOrderVehicleId`, `LineItemNumber`, `ManufacturerVehicleStockId`, `SalePrice`, `LineItemDiscount`) VALUES (259, 237, 1, 290, 15950.00 , 0.00);
INSERT into `Sales.SalesOrderVehicleDetail` (`SalesOrderVehicleDetailId`, `SalesOrderVehicleId`, `LineItemNumber`, `ManufacturerVehicleStockId`, `SalePrice`, `LineItemDiscount`) VALUES (258, 236, 1, 289, 9800.00 , 35.00);
INSERT into `Sales.SalesOrderVehicleDetail` (`SalesOrderVehicleDetailId`, `SalesOrderVehicleId`, `LineItemNumber`, `ManufacturerVehicleStockId`, `SalePrice`, `LineItemDiscount`) VALUES (257, 235, 1, 288, 310000.00 , 0.00);
INSERT into `Sales.SalesOrderVehicleDetail` (`SalesOrderVehicleDetailId`, `SalesOrderVehicleId`, `LineItemNumber`, `ManufacturerVehicleStockId`, `SalePrice`, `LineItemDiscount`) VALUES (256, 234, 3, 287, 123500.00 , 750.00);
INSERT into `Sales.SalesOrderVehicleDetail` (`SalesOrderVehicleDetailId`, `SalesOrderVehicleId`, `LineItemNumber`, `ManufacturerVehicleStockId`, `SalePrice`, `LineItemDiscount`) VALUES (255, 234, 2, 286, 99500.00 , 0.00);
INSERT into `Sales.SalesOrderVehicleDetail` (`SalesOrderVehicleDetailId`, `SalesOrderVehicleId`, `LineItemNumber`, `ManufacturerVehicleStockId`, `SalePrice`, `LineItemDiscount`) VALUES (254, 234, 1, 285, 145000.00 , 0.00);
INSERT into `Sales.SalesOrderVehicleDetail` (`SalesOrderVehicleDetailId`, `SalesOrderVehicleId`, `LineItemNumber`, `ManufacturerVehicleStockId`, `SalePrice`, `LineItemDiscount`) VALUES (253, 233, 1, 284, 56900.00 , 500.00);
INSERT into `Sales.SalesOrderVehicleDetail` (`SalesOrderVehicleDetailId`, `SalesOrderVehicleId`, `LineItemNumber`, `ManufacturerVehicleStockId`, `SalePrice`, `LineItemDiscount`) VALUES (252, 232, 1, 283, 5690.00 , 750.00);
INSERT into `Sales.SalesOrderVehicleDetail` (`SalesOrderVehicleDetailId`, `SalesOrderVehicleId`, `LineItemNumber`, `ManufacturerVehicleStockId`, `SalePrice`, `LineItemDiscount`) VALUES (251, 231, 1, 282, 6000.00 , 0.00);
INSERT into `Sales.SalesOrderVehicleDetail` (`SalesOrderVehicleDetailId`, `SalesOrderVehicleId`, `LineItemNumber`, `ManufacturerVehicleStockId`, `SalePrice`, `LineItemDiscount`) VALUES (250, 230, 1, 281, 355000.00 , 0.00);
INSERT into `Sales.SalesOrderVehicleDetail` (`SalesOrderVehicleDetailId`, `SalesOrderVehicleId`, `LineItemNumber`, `ManufacturerVehicleStockId`, `SalePrice`, `LineItemDiscount`) VALUES (25, 23, 1, 31, 22600.00 , 600.00);
INSERT into `Sales.SalesOrderVehicleDetail` (`SalesOrderVehicleDetailId`, `SalesOrderVehicleId`, `LineItemNumber`, `ManufacturerVehicleStockId`, `SalePrice`, `LineItemDiscount`) VALUES (249, 229, 1, 280, 98950.00 , 0.00);
INSERT into `Sales.SalesOrderVehicleDetail` (`SalesOrderVehicleDetailId`, `SalesOrderVehicleId`, `LineItemNumber`, `ManufacturerVehicleStockId`, `SalePrice`, `LineItemDiscount`) VALUES (248, 228, 1, 29, 55450.00 , 1500.00);
INSERT into `Sales.SalesOrderVehicleDetail` (`SalesOrderVehicleDetailId`, `SalesOrderVehicleId`, `LineItemNumber`, `ManufacturerVehicleStockId`, `SalePrice`, `LineItemDiscount`) VALUES (247, 227, 1, 120, 189500.00 , 1500.00);
INSERT into `Sales.SalesOrderVehicleDetail` (`SalesOrderVehicleDetailId`, `SalesOrderVehicleId`, `LineItemNumber`, `ManufacturerVehicleStockId`, `SalePrice`, `LineItemDiscount`) VALUES (246, 226, 1, 276, 21500.00 , 0.00);
INSERT into `Sales.SalesOrderVehicleDetail` (`SalesOrderVehicleDetailId`, `SalesOrderVehicleId`, `LineItemNumber`, `ManufacturerVehicleStockId`, `SalePrice`, `LineItemDiscount`) VALUES (245, 225, 1, 275, 22500.00 , 0.00);
INSERT into `Sales.SalesOrderVehicleDetail` (`SalesOrderVehicleDetailId`, `SalesOrderVehicleId`, `LineItemNumber`, `ManufacturerVehicleStockId`, `SalePrice`, `LineItemDiscount`) VALUES (244, 224, 1, 274, 182500.00 , 17500.00);
INSERT into `Sales.SalesOrderVehicleDetail` (`SalesOrderVehicleDetailId`, `SalesOrderVehicleId`, `LineItemNumber`, `ManufacturerVehicleStockId`, `SalePrice`, `LineItemDiscount`) VALUES (243, 223, 2, 273, 103650.00 , 0.00);
INSERT into `Sales.SalesOrderVehicleDetail` (`SalesOrderVehicleDetailId`, `SalesOrderVehicleId`, `LineItemNumber`, `ManufacturerVehicleStockId`, `SalePrice`, `LineItemDiscount`) VALUES (242, 223, 1, 272, 17850.00 , 750.00);
INSERT into `Sales.SalesOrderVehicleDetail` (`SalesOrderVehicleDetailId`, `SalesOrderVehicleId`, `LineItemNumber`, `ManufacturerVehicleStockId`, `SalePrice`, `LineItemDiscount`) VALUES (241, 222, 1, 271, 120000.00 , 0.00);
INSERT into `Sales.SalesOrderVehicleDetail` (`SalesOrderVehicleDetailId`, `SalesOrderVehicleId`, `LineItemNumber`, `ManufacturerVehicleStockId`, `SalePrice`, `LineItemDiscount`) VALUES (240, 221, 1, 270, 365000.00 , 0.00);
INSERT into `Sales.SalesOrderVehicleDetail` (`SalesOrderVehicleDetailId`, `SalesOrderVehicleId`, `LineItemNumber`, `ManufacturerVehicleStockId`, `SalePrice`, `LineItemDiscount`) VALUES (24, 22, 1, 30, 15600.00 , 0.00);
INSERT into `Sales.SalesOrderVehicleDetail` (`SalesOrderVehicleDetailId`, `SalesOrderVehicleId`, `LineItemNumber`, `ManufacturerVehicleStockId`, `SalePrice`, `LineItemDiscount`) VALUES (239, 220, 1, 269, 5950.00 , 0.00);
INSERT into `Sales.SalesOrderVehicleDetail` (`SalesOrderVehicleDetailId`, `SalesOrderVehicleId`, `LineItemNumber`, `ManufacturerVehicleStockId`, `SalePrice`, `LineItemDiscount`) VALUES (238, 219, 1, 268, 21550.00 , 1250.00);
INSERT into `Sales.SalesOrderVehicleDetail` (`SalesOrderVehicleDetailId`, `SalesOrderVehicleId`, `LineItemNumber`, `ManufacturerVehicleStockId`, `SalePrice`, `LineItemDiscount`) VALUES (237, 218, 1, 267, 950.00 , 25.00);
INSERT into `Sales.SalesOrderVehicleDetail` (`SalesOrderVehicleDetailId`, `SalesOrderVehicleId`, `LineItemNumber`, `ManufacturerVehicleStockId`, `SalePrice`, `LineItemDiscount`) VALUES (236, 217, 1, 266, 45950.00 , 0.00);
INSERT into `Sales.SalesOrderVehicleDetail` (`SalesOrderVehicleDetailId`, `SalesOrderVehicleId`, `LineItemNumber`, `ManufacturerVehicleStockId`, `SalePrice`, `LineItemDiscount`) VALUES (235, 216, 1, 265, 56950.00 , 0.00);
INSERT into `Sales.SalesOrderVehicleDetail` (`SalesOrderVehicleDetailId`, `SalesOrderVehicleId`, `LineItemNumber`, `ManufacturerVehicleStockId`, `SalePrice`, `LineItemDiscount`) VALUES (234, 215, 1, 264, 9890.00 , 0.00);
INSERT into `Sales.SalesOrderVehicleDetail` (`SalesOrderVehicleDetailId`, `SalesOrderVehicleId`, `LineItemNumber`, `ManufacturerVehicleStockId`, `SalePrice`, `LineItemDiscount`) VALUES (233, 214, 1, 263, 12570.00 , 500.00);
INSERT into `Sales.SalesOrderVehicleDetail` (`SalesOrderVehicleDetailId`, `SalesOrderVehicleId`, `LineItemNumber`, `ManufacturerVehicleStockId`, `SalePrice`, `LineItemDiscount`) VALUES (232, 213, 1, 262, 11550.00 , 0.00);
INSERT into `Sales.SalesOrderVehicleDetail` (`SalesOrderVehicleDetailId`, `SalesOrderVehicleId`, `LineItemNumber`, `ManufacturerVehicleStockId`, `SalePrice`, `LineItemDiscount`) VALUES (231, 212, 1, 261, 1150.00 , 0.00);
INSERT into `Sales.SalesOrderVehicleDetail` (`SalesOrderVehicleDetailId`, `SalesOrderVehicleId`, `LineItemNumber`, `ManufacturerVehicleStockId`, `SalePrice`, `LineItemDiscount`) VALUES (230, 211, 1, 260, 1950.00 , 0.00);
INSERT into `Sales.SalesOrderVehicleDetail` (`SalesOrderVehicleDetailId`, `SalesOrderVehicleId`, `LineItemNumber`, `ManufacturerVehicleStockId`, `SalePrice`, `LineItemDiscount`) VALUES (23, 21, 1, 28, 8950.00 , 950.00);
INSERT into `Sales.SalesOrderVehicleDetail` (`SalesOrderVehicleDetailId`, `SalesOrderVehicleId`, `LineItemNumber`, `ManufacturerVehicleStockId`, `SalePrice`, `LineItemDiscount`) VALUES (229, 210, 1, 256, 56950.00 , 0.00);
INSERT into `Sales.SalesOrderVehicleDetail` (`SalesOrderVehicleDetailId`, `SalesOrderVehicleId`, `LineItemNumber`, `ManufacturerVehicleStockId`, `SalePrice`, `LineItemDiscount`) VALUES (228, 209, 1, 259, 65450.00 , 1250.00);
INSERT into `Sales.SalesOrderVehicleDetail` (`SalesOrderVehicleDetailId`, `SalesOrderVehicleId`, `LineItemNumber`, `ManufacturerVehicleStockId`, `SalePrice`, `LineItemDiscount`) VALUES (227, 208, 1, 258, 42500.00 , 0.00);
INSERT into `Sales.SalesOrderVehicleDetail` (`SalesOrderVehicleDetailId`, `SalesOrderVehicleId`, `LineItemNumber`, `ManufacturerVehicleStockId`, `SalePrice`, `LineItemDiscount`) VALUES (226, 207, 1, 257, 62500.00 , 1250.00);
INSERT into `Sales.SalesOrderVehicleDetail` (`SalesOrderVehicleDetailId`, `SalesOrderVehicleId`, `LineItemNumber`, `ManufacturerVehicleStockId`, `SalePrice`, `LineItemDiscount`) VALUES (225, 206, 1, 254, 56850.00 , 0.00);
INSERT into `Sales.SalesOrderVehicleDetail` (`SalesOrderVehicleDetailId`, `SalesOrderVehicleId`, `LineItemNumber`, `ManufacturerVehicleStockId`, `SalePrice`, `LineItemDiscount`) VALUES (224, 205, 1, 253, 7500.00 , 0.00);
INSERT into `Sales.SalesOrderVehicleDetail` (`SalesOrderVehicleDetailId`, `SalesOrderVehicleId`, `LineItemNumber`, `ManufacturerVehicleStockId`, `SalePrice`, `LineItemDiscount`) VALUES (223, 204, 1, 252, 12500.00 , 0.00);
INSERT into `Sales.SalesOrderVehicleDetail` (`SalesOrderVehicleDetailId`, `SalesOrderVehicleId`, `LineItemNumber`, `ManufacturerVehicleStockId`, `SalePrice`, `LineItemDiscount`) VALUES (222, 203, 1, 251, 11990.00 , 900.00);
INSERT into `Sales.SalesOrderVehicleDetail` (`SalesOrderVehicleDetailId`, `SalesOrderVehicleId`, `LineItemNumber`, `ManufacturerVehicleStockId`, `SalePrice`, `LineItemDiscount`) VALUES (221, 202, 1, 250, 7550.00 , 0.00);
INSERT into `Sales.SalesOrderVehicleDetail` (`SalesOrderVehicleDetailId`, `SalesOrderVehicleId`, `LineItemNumber`, `ManufacturerVehicleStockId`, `SalePrice`, `LineItemDiscount`) VALUES (220, 201, 1, 249, 45950.00 , 0.00);
INSERT into `Sales.SalesOrderVehicleDetail` (`SalesOrderVehicleDetailId`, `SalesOrderVehicleId`, `LineItemNumber`, `ManufacturerVehicleStockId`, `SalePrice`, `LineItemDiscount`) VALUES (22, 20, 1, 26, 12650.00 , 0.00);
INSERT into `Sales.SalesOrderVehicleDetail` (`SalesOrderVehicleDetailId`, `SalesOrderVehicleId`, `LineItemNumber`, `ManufacturerVehicleStockId`, `SalePrice`, `LineItemDiscount`) VALUES (219, 200, 1, 248, 46900.00 , 0.00);
INSERT into `Sales.SalesOrderVehicleDetail` (`SalesOrderVehicleDetailId`, `SalesOrderVehicleId`, `LineItemNumber`, `ManufacturerVehicleStockId`, `SalePrice`, `LineItemDiscount`) VALUES (218, 199, 1, 247, 99950.00 , 0.00);
INSERT into `Sales.SalesOrderVehicleDetail` (`SalesOrderVehicleDetailId`, `SalesOrderVehicleId`, `LineItemNumber`, `ManufacturerVehicleStockId`, `SalePrice`, `LineItemDiscount`) VALUES (217, 198, 1, 245, 23600.00 , 0.00);
INSERT into `Sales.SalesOrderVehicleDetail` (`SalesOrderVehicleDetailId`, `SalesOrderVehicleId`, `LineItemNumber`, `ManufacturerVehicleStockId`, `SalePrice`, `LineItemDiscount`) VALUES (216, 197, 1, 244, 25000.00 , 1250.00);
INSERT into `Sales.SalesOrderVehicleDetail` (`SalesOrderVehicleDetailId`, `SalesOrderVehicleId`, `LineItemNumber`, `ManufacturerVehicleStockId`, `SalePrice`, `LineItemDiscount`) VALUES (215, 196, 1, 242, 21600.00 , 0.00);
INSERT into `Sales.SalesOrderVehicleDetail` (`SalesOrderVehicleDetailId`, `SalesOrderVehicleId`, `LineItemNumber`, `ManufacturerVehicleStockId`, `SalePrice`, `LineItemDiscount`) VALUES (214, 195, 1, 241, 45950.00 , 0.00);
INSERT into `Sales.SalesOrderVehicleDetail` (`SalesOrderVehicleDetailId`, `SalesOrderVehicleId`, `LineItemNumber`, `ManufacturerVehicleStockId`, `SalePrice`, `LineItemDiscount`) VALUES (213, 194, 2, 240, 51200.00 , 0.00);
INSERT into `Sales.SalesOrderVehicleDetail` (`SalesOrderVehicleDetailId`, `SalesOrderVehicleId`, `LineItemNumber`, `ManufacturerVehicleStockId`, `SalePrice`, `LineItemDiscount`) VALUES (212, 194, 1, 238, 11500.00 , 750.00);
INSERT into `Sales.SalesOrderVehicleDetail` (`SalesOrderVehicleDetailId`, `SalesOrderVehicleId`, `LineItemNumber`, `ManufacturerVehicleStockId`, `SalePrice`, `LineItemDiscount`) VALUES (211, 193, 2, 237, 10500.00 , 0.00);
INSERT into `Sales.SalesOrderVehicleDetail` (`SalesOrderVehicleDetailId`, `SalesOrderVehicleId`, `LineItemNumber`, `ManufacturerVehicleStockId`, `SalePrice`, `LineItemDiscount`) VALUES (210, 193, 1, 236, 23500.00 , 0.00);
INSERT into `Sales.SalesOrderVehicleDetail` (`SalesOrderVehicleDetailId`, `SalesOrderVehicleId`, `LineItemNumber`, `ManufacturerVehicleStockId`, `SalePrice`, `LineItemDiscount`) VALUES (21, 19, 1, 25, 5500.00 , 500.00);
INSERT into `Sales.SalesOrderVehicleDetail` (`SalesOrderVehicleDetailId`, `SalesOrderVehicleId`, `LineItemNumber`, `ManufacturerVehicleStockId`, `SalePrice`, `LineItemDiscount`) VALUES (209, 192, 2, 70, 49500.00 , 0.00);
INSERT into `Sales.SalesOrderVehicleDetail` (`SalesOrderVehicleDetailId`, `SalesOrderVehicleId`, `LineItemNumber`, `ManufacturerVehicleStockId`, `SalePrice`, `LineItemDiscount`) VALUES (208, 192, 1, 234, 39500.00 , 0.00);
INSERT into `Sales.SalesOrderVehicleDetail` (`SalesOrderVehicleDetailId`, `SalesOrderVehicleId`, `LineItemNumber`, `ManufacturerVehicleStockId`, `SalePrice`, `LineItemDiscount`) VALUES (207, 191, 1, 233, 245000.00 , 0.00);
INSERT into `Sales.SalesOrderVehicleDetail` (`SalesOrderVehicleDetailId`, `SalesOrderVehicleId`, `LineItemNumber`, `ManufacturerVehicleStockId`, `SalePrice`, `LineItemDiscount`) VALUES (206, 190, 1, 232, 25000.00 , 1500.00);
INSERT into `Sales.SalesOrderVehicleDetail` (`SalesOrderVehicleDetailId`, `SalesOrderVehicleId`, `LineItemNumber`, `ManufacturerVehicleStockId`, `SalePrice`, `LineItemDiscount`) VALUES (205, 189, 1, 231, 235000.00 , 750.00);
INSERT into `Sales.SalesOrderVehicleDetail` (`SalesOrderVehicleDetailId`, `SalesOrderVehicleId`, `LineItemNumber`, `ManufacturerVehicleStockId`, `SalePrice`, `LineItemDiscount`) VALUES (204, 188, 1, 230, 19500.00 , 0.00);
INSERT into `Sales.SalesOrderVehicleDetail` (`SalesOrderVehicleDetailId`, `SalesOrderVehicleId`, `LineItemNumber`, `ManufacturerVehicleStockId`, `SalePrice`, `LineItemDiscount`) VALUES (203, 187, 1, 229, 15750.00 , 0.00);
INSERT into `Sales.SalesOrderVehicleDetail` (`SalesOrderVehicleDetailId`, `SalesOrderVehicleId`, `LineItemNumber`, `ManufacturerVehicleStockId`, `SalePrice`, `LineItemDiscount`) VALUES (202, 186, 1, 228, 155000.00 , 500.00);
INSERT into `Sales.SalesOrderVehicleDetail` (`SalesOrderVehicleDetailId`, `SalesOrderVehicleId`, `LineItemNumber`, `ManufacturerVehicleStockId`, `SalePrice`, `LineItemDiscount`) VALUES (201, 185, 1, 227, 250000.00 , 0.00);
INSERT into `Sales.SalesOrderVehicleDetail` (`SalesOrderVehicleDetailId`, `SalesOrderVehicleId`, `LineItemNumber`, `ManufacturerVehicleStockId`, `SalePrice`, `LineItemDiscount`) VALUES (200, 184, 1, 226, 49500.00 , 0.00);
INSERT into `Sales.SalesOrderVehicleDetail` (`SalesOrderVehicleDetailId`, `SalesOrderVehicleId`, `LineItemNumber`, `ManufacturerVehicleStockId`, `SalePrice`, `LineItemDiscount`) VALUES (20, 18, 2, 23, 56000.00 , 0.00);
INSERT into `Sales.SalesOrderVehicleDetail` (`SalesOrderVehicleDetailId`, `SalesOrderVehicleId`, `LineItemNumber`, `ManufacturerVehicleStockId`, `SalePrice`, `LineItemDiscount`) VALUES (2, 2, 1, 2, 220000.00 , 60000.00);
INSERT into `Sales.SalesOrderVehicleDetail` (`SalesOrderVehicleDetailId`, `SalesOrderVehicleId`, `LineItemNumber`, `ManufacturerVehicleStockId`, `SalePrice`, `LineItemDiscount`) VALUES (199, 183, 1, 225, 55000.00 , 2450.00);
INSERT into `Sales.SalesOrderVehicleDetail` (`SalesOrderVehicleDetailId`, `SalesOrderVehicleId`, `LineItemNumber`, `ManufacturerVehicleStockId`, `SalePrice`, `LineItemDiscount`) VALUES (198, 182, 1, 224, 5500.00 , 0.00);
INSERT into `Sales.SalesOrderVehicleDetail` (`SalesOrderVehicleDetailId`, `SalesOrderVehicleId`, `LineItemNumber`, `ManufacturerVehicleStockId`, `SalePrice`, `LineItemDiscount`) VALUES (197, 181, 1, 223, 45000.00 , 0.00);
INSERT into `Sales.SalesOrderVehicleDetail` (`SalesOrderVehicleDetailId`, `SalesOrderVehicleId`, `LineItemNumber`, `ManufacturerVehicleStockId`, `SalePrice`, `LineItemDiscount`) VALUES (196, 180, 1, 222, 32675.00 , 0.00);
INSERT into `Sales.SalesOrderVehicleDetail` (`SalesOrderVehicleDetailId`, `SalesOrderVehicleId`, `LineItemNumber`, `ManufacturerVehicleStockId`, `SalePrice`, `LineItemDiscount`) VALUES (195, 179, 1, 221, 22600.00 , 500.00);
INSERT into `Sales.SalesOrderVehicleDetail` (`SalesOrderVehicleDetailId`, `SalesOrderVehicleId`, `LineItemNumber`, `ManufacturerVehicleStockId`, `SalePrice`, `LineItemDiscount`) VALUES (194, 178, 1, 220, 165000.00 , 0.00);
INSERT into `Sales.SalesOrderVehicleDetail` (`SalesOrderVehicleDetailId`, `SalesOrderVehicleId`, `LineItemNumber`, `ManufacturerVehicleStockId`, `SalePrice`, `LineItemDiscount`) VALUES (193, 177, 1, 219, 89500.00 , 0.00);
INSERT into `Sales.SalesOrderVehicleDetail` (`SalesOrderVehicleDetailId`, `SalesOrderVehicleId`, `LineItemNumber`, `ManufacturerVehicleStockId`, `SalePrice`, `LineItemDiscount`) VALUES (192, 176, 1, 218, 135000.00 , 1500.00);
INSERT into `Sales.SalesOrderVehicleDetail` (`SalesOrderVehicleDetailId`, `SalesOrderVehicleId`, `LineItemNumber`, `ManufacturerVehicleStockId`, `SalePrice`, `LineItemDiscount`) VALUES (191, 175, 1, 217, 99500.00 , 0.00);
INSERT into `Sales.SalesOrderVehicleDetail` (`SalesOrderVehicleDetailId`, `SalesOrderVehicleId`, `LineItemNumber`, `ManufacturerVehicleStockId`, `SalePrice`, `LineItemDiscount`) VALUES (190, 174, 1, 216, 56500.00 , 0.00);
INSERT into `Sales.SalesOrderVehicleDetail` (`SalesOrderVehicleDetailId`, `SalesOrderVehicleId`, `LineItemNumber`, `ManufacturerVehicleStockId`, `SalePrice`, `LineItemDiscount`) VALUES (19, 18, 1, 22, 19500.00 , 1500.00);
INSERT into `Sales.SalesOrderVehicleDetail` (`SalesOrderVehicleDetailId`, `SalesOrderVehicleId`, `LineItemNumber`, `ManufacturerVehicleStockId`, `SalePrice`, `LineItemDiscount`) VALUES (189, 173, 1, 215, 335000.00 , 1250.00);
INSERT into `Sales.SalesOrderVehicleDetail` (`SalesOrderVehicleDetailId`, `SalesOrderVehicleId`, `LineItemNumber`, `ManufacturerVehicleStockId`, `SalePrice`, `LineItemDiscount`) VALUES (188, 172, 1, 214, 99950.00 , 0.00);
INSERT into `Sales.SalesOrderVehicleDetail` (`SalesOrderVehicleDetailId`, `SalesOrderVehicleId`, `LineItemNumber`, `ManufacturerVehicleStockId`, `SalePrice`, `LineItemDiscount`) VALUES (187, 171, 3, 213, 12500.00 , 0.00);
INSERT into `Sales.SalesOrderVehicleDetail` (`SalesOrderVehicleDetailId`, `SalesOrderVehicleId`, `LineItemNumber`, `ManufacturerVehicleStockId`, `SalePrice`, `LineItemDiscount`) VALUES (186, 171, 2, 212, 29500.00 , 750.00);
INSERT into `Sales.SalesOrderVehicleDetail` (`SalesOrderVehicleDetailId`, `SalesOrderVehicleId`, `LineItemNumber`, `ManufacturerVehicleStockId`, `SalePrice`, `LineItemDiscount`) VALUES (185, 171, 1, 211, 3950.00 , 750.00);
INSERT into `Sales.SalesOrderVehicleDetail` (`SalesOrderVehicleDetailId`, `SalesOrderVehicleId`, `LineItemNumber`, `ManufacturerVehicleStockId`, `SalePrice`, `LineItemDiscount`) VALUES (184, 170, 1, 209, 29500.00 , 1500.00);
INSERT into `Sales.SalesOrderVehicleDetail` (`SalesOrderVehicleDetailId`, `SalesOrderVehicleId`, `LineItemNumber`, `ManufacturerVehicleStockId`, `SalePrice`, `LineItemDiscount`) VALUES (183, 169, 1, 208, 5650.00 , 0.00);
INSERT into `Sales.SalesOrderVehicleDetail` (`SalesOrderVehicleDetailId`, `SalesOrderVehicleId`, `LineItemNumber`, `ManufacturerVehicleStockId`, `SalePrice`, `LineItemDiscount`) VALUES (182, 168, 1, 207, 12950.00 , 750.00);
INSERT into `Sales.SalesOrderVehicleDetail` (`SalesOrderVehicleDetailId`, `SalesOrderVehicleId`, `LineItemNumber`, `ManufacturerVehicleStockId`, `SalePrice`, `LineItemDiscount`) VALUES (181, 167, 1, 206, 19500.00 , 0.00);
INSERT into `Sales.SalesOrderVehicleDetail` (`SalesOrderVehicleDetailId`, `SalesOrderVehicleId`, `LineItemNumber`, `ManufacturerVehicleStockId`, `SalePrice`, `LineItemDiscount`) VALUES (180, 166, 1, 205, 25000.00 , 0.00);
INSERT into `Sales.SalesOrderVehicleDetail` (`SalesOrderVehicleDetailId`, `SalesOrderVehicleId`, `LineItemNumber`, `ManufacturerVehicleStockId`, `SalePrice`, `LineItemDiscount`) VALUES (18, 17, 1, 21, 22990.00 , 0.00);
INSERT into `Sales.SalesOrderVehicleDetail` (`SalesOrderVehicleDetailId`, `SalesOrderVehicleId`, `LineItemNumber`, `ManufacturerVehicleStockId`, `SalePrice`, `LineItemDiscount`) VALUES (179, 165, 1, 204, 99500.00 , 0.00);
INSERT into `Sales.SalesOrderVehicleDetail` (`SalesOrderVehicleDetailId`, `SalesOrderVehicleId`, `LineItemNumber`, `ManufacturerVehicleStockId`, `SalePrice`, `LineItemDiscount`) VALUES (178, 164, 1, 202, 8500.00 , 0.00);
INSERT into `Sales.SalesOrderVehicleDetail` (`SalesOrderVehicleDetailId`, `SalesOrderVehicleId`, `LineItemNumber`, `ManufacturerVehicleStockId`, `SalePrice`, `LineItemDiscount`) VALUES (177, 163, 1, 200, 45000.00 , 1500.00);
INSERT into `Sales.SalesOrderVehicleDetail` (`SalesOrderVehicleDetailId`, `SalesOrderVehicleId`, `LineItemNumber`, `ManufacturerVehicleStockId`, `SalePrice`, `LineItemDiscount`) VALUES (176, 162, 1, 199, 32500.00 , 500.00);
INSERT into `Sales.SalesOrderVehicleDetail` (`SalesOrderVehicleDetailId`, `SalesOrderVehicleId`, `LineItemNumber`, `ManufacturerVehicleStockId`, `SalePrice`, `LineItemDiscount`) VALUES (175, 161, 1, 198, 2350.00 , 0.00);
INSERT into `Sales.SalesOrderVehicleDetail` (`SalesOrderVehicleDetailId`, `SalesOrderVehicleId`, `LineItemNumber`, `ManufacturerVehicleStockId`, `SalePrice`, `LineItemDiscount`) VALUES (174, 160, 2, 197, 77500.00 , 0.00);
INSERT into `Sales.SalesOrderVehicleDetail` (`SalesOrderVehicleDetailId`, `SalesOrderVehicleId`, `LineItemNumber`, `ManufacturerVehicleStockId`, `SalePrice`, `LineItemDiscount`) VALUES (173, 160, 1, 196, 36500.00 , 0.00);
INSERT into `Sales.SalesOrderVehicleDetail` (`SalesOrderVehicleDetailId`, `SalesOrderVehicleId`, `LineItemNumber`, `ManufacturerVehicleStockId`, `SalePrice`, `LineItemDiscount`) VALUES (172, 159, 1, 195, 45000.00 , 2450.00);
INSERT into `Sales.SalesOrderVehicleDetail` (`SalesOrderVehicleDetailId`, `SalesOrderVehicleId`, `LineItemNumber`, `ManufacturerVehicleStockId`, `SalePrice`, `LineItemDiscount`) VALUES (171, 158, 1, 194, 33500.00 , 750.00);
INSERT into `Sales.SalesOrderVehicleDetail` (`SalesOrderVehicleDetailId`, `SalesOrderVehicleId`, `LineItemNumber`, `ManufacturerVehicleStockId`, `SalePrice`, `LineItemDiscount`) VALUES (170, 157, 1, 193, 99500.00 , 0.00);
INSERT into `Sales.SalesOrderVehicleDetail` (`SalesOrderVehicleDetailId`, `SalesOrderVehicleId`, `LineItemNumber`, `ManufacturerVehicleStockId`, `SalePrice`, `LineItemDiscount`) VALUES (17, 16, 1, 20, 8695.00 , 95.00);
INSERT into `Sales.SalesOrderVehicleDetail` (`SalesOrderVehicleDetailId`, `SalesOrderVehicleId`, `LineItemNumber`, `ManufacturerVehicleStockId`, `SalePrice`, `LineItemDiscount`) VALUES (169, 156, 1, 192, 295000.00 , 0.00);
INSERT into `Sales.SalesOrderVehicleDetail` (`SalesOrderVehicleDetailId`, `SalesOrderVehicleId`, `LineItemNumber`, `ManufacturerVehicleStockId`, `SalePrice`, `LineItemDiscount`) VALUES (168, 155, 1, 191, 950.00 , 0.00);
INSERT into `Sales.SalesOrderVehicleDetail` (`SalesOrderVehicleDetailId`, `SalesOrderVehicleId`, `LineItemNumber`, `ManufacturerVehicleStockId`, `SalePrice`, `LineItemDiscount`) VALUES (167, 154, 1, 190, 9250.00 , 0.00);
INSERT into `Sales.SalesOrderVehicleDetail` (`SalesOrderVehicleDetailId`, `SalesOrderVehicleId`, `LineItemNumber`, `ManufacturerVehicleStockId`, `SalePrice`, `LineItemDiscount`) VALUES (166, 153, 1, 189, 6500.00 , 0.00);
INSERT into `Sales.SalesOrderVehicleDetail` (`SalesOrderVehicleDetailId`, `SalesOrderVehicleId`, `LineItemNumber`, `ManufacturerVehicleStockId`, `SalePrice`, `LineItemDiscount`) VALUES (165, 152, 1, 188, 250000.00 , 2450.00);
INSERT into `Sales.SalesOrderVehicleDetail` (`SalesOrderVehicleDetailId`, `SalesOrderVehicleId`, `LineItemNumber`, `ManufacturerVehicleStockId`, `SalePrice`, `LineItemDiscount`) VALUES (164, 151, 1, 187, 255950.00 , 500.00);
INSERT into `Sales.SalesOrderVehicleDetail` (`SalesOrderVehicleDetailId`, `SalesOrderVehicleId`, `LineItemNumber`, `ManufacturerVehicleStockId`, `SalePrice`, `LineItemDiscount`) VALUES (163, 150, 1, 186, 255000.00 , 0.00);
INSERT into `Sales.SalesOrderVehicleDetail` (`SalesOrderVehicleDetailId`, `SalesOrderVehicleId`, `LineItemNumber`, `ManufacturerVehicleStockId`, `SalePrice`, `LineItemDiscount`) VALUES (162, 149, 1, 185, 12500.00 , 0.00);
INSERT into `Sales.SalesOrderVehicleDetail` (`SalesOrderVehicleDetailId`, `SalesOrderVehicleId`, `LineItemNumber`, `ManufacturerVehicleStockId`, `SalePrice`, `LineItemDiscount`) VALUES (161, 148, 1, 184, 61500.00 , 0.00);
INSERT into `Sales.SalesOrderVehicleDetail` (`SalesOrderVehicleDetailId`, `SalesOrderVehicleId`, `LineItemNumber`, `ManufacturerVehicleStockId`, `SalePrice`, `LineItemDiscount`) VALUES (160, 147, 1, 183, 65890.00 , 0.00);
INSERT into `Sales.SalesOrderVehicleDetail` (`SalesOrderVehicleDetailId`, `SalesOrderVehicleId`, `LineItemNumber`, `ManufacturerVehicleStockId`, `SalePrice`, `LineItemDiscount`) VALUES (16, 15, 1, 19, 22950.00 , 950.00);
INSERT into `Sales.SalesOrderVehicleDetail` (`SalesOrderVehicleDetailId`, `SalesOrderVehicleId`, `LineItemNumber`, `ManufacturerVehicleStockId`, `SalePrice`, `LineItemDiscount`) VALUES (159, 146, 1, 181, 79500.00 , 0.00);
INSERT into `Sales.SalesOrderVehicleDetail` (`SalesOrderVehicleDetailId`, `SalesOrderVehicleId`, `LineItemNumber`, `ManufacturerVehicleStockId`, `SalePrice`, `LineItemDiscount`) VALUES (158, 145, 1, 180, 162500.00 , 0.00);
INSERT into `Sales.SalesOrderVehicleDetail` (`SalesOrderVehicleDetailId`, `SalesOrderVehicleId`, `LineItemNumber`, `ManufacturerVehicleStockId`, `SalePrice`, `LineItemDiscount`) VALUES (157, 144, 1, 178, 79500.00 , 1500.00);
INSERT into `Sales.SalesOrderVehicleDetail` (`SalesOrderVehicleDetailId`, `SalesOrderVehicleId`, `LineItemNumber`, `ManufacturerVehicleStockId`, `SalePrice`, `LineItemDiscount`) VALUES (156, 143, 1, 177, 220500.00 , 0.00);
INSERT into `Sales.SalesOrderVehicleDetail` (`SalesOrderVehicleDetailId`, `SalesOrderVehicleId`, `LineItemNumber`, `ManufacturerVehicleStockId`, `SalePrice`, `LineItemDiscount`) VALUES (155, 142, 1, 176, 295000.00 , 0.00);
INSERT into `Sales.SalesOrderVehicleDetail` (`SalesOrderVehicleDetailId`, `SalesOrderVehicleId`, `LineItemNumber`, `ManufacturerVehicleStockId`, `SalePrice`, `LineItemDiscount`) VALUES (154, 141, 1, 175, 139500.00 , 0.00);
INSERT into `Sales.SalesOrderVehicleDetail` (`SalesOrderVehicleDetailId`, `SalesOrderVehicleId`, `LineItemNumber`, `ManufacturerVehicleStockId`, `SalePrice`, `LineItemDiscount`) VALUES (153, 140, 1, 174, 29500.00 , 1500.00);
INSERT into `Sales.SalesOrderVehicleDetail` (`SalesOrderVehicleDetailId`, `SalesOrderVehicleId`, `LineItemNumber`, `ManufacturerVehicleStockId`, `SalePrice`, `LineItemDiscount`) VALUES (152, 139, 1, 173, 990.00 , 0.00);
INSERT into `Sales.SalesOrderVehicleDetail` (`SalesOrderVehicleDetailId`, `SalesOrderVehicleId`, `LineItemNumber`, `ManufacturerVehicleStockId`, `SalePrice`, `LineItemDiscount`) VALUES (151, 138, 1, 172, 42950.00 , 0.00);
INSERT into `Sales.SalesOrderVehicleDetail` (`SalesOrderVehicleDetailId`, `SalesOrderVehicleId`, `LineItemNumber`, `ManufacturerVehicleStockId`, `SalePrice`, `LineItemDiscount`) VALUES (150, 137, 1, 79, 225000.00 , 0.00);
INSERT into `Sales.SalesOrderVehicleDetail` (`SalesOrderVehicleDetailId`, `SalesOrderVehicleId`, `LineItemNumber`, `ManufacturerVehicleStockId`, `SalePrice`, `LineItemDiscount`) VALUES (15, 14, 1, 18, 195000.00 , 0.00);
INSERT into `Sales.SalesOrderVehicleDetail` (`SalesOrderVehicleDetailId`, `SalesOrderVehicleId`, `LineItemNumber`, `ManufacturerVehicleStockId`, `SalePrice`, `LineItemDiscount`) VALUES (149, 136, 1, 14, 45000.00 , 0.00);
INSERT into `Sales.SalesOrderVehicleDetail` (`SalesOrderVehicleDetailId`, `SalesOrderVehicleId`, `LineItemNumber`, `ManufacturerVehicleStockId`, `SalePrice`, `LineItemDiscount`) VALUES (148, 135, 1, 169, 305000.00 , 0.00);
INSERT into `Sales.SalesOrderVehicleDetail` (`SalesOrderVehicleDetailId`, `SalesOrderVehicleId`, `LineItemNumber`, `ManufacturerVehicleStockId`, `SalePrice`, `LineItemDiscount`) VALUES (147, 134, 1, 168, 55600.00 , 0.00);
INSERT into `Sales.SalesOrderVehicleDetail` (`SalesOrderVehicleDetailId`, `SalesOrderVehicleId`, `LineItemNumber`, `ManufacturerVehicleStockId`, `SalePrice`, `LineItemDiscount`) VALUES (146, 133, 1, 167, 66500.00 , 0.00);
INSERT into `Sales.SalesOrderVehicleDetail` (`SalesOrderVehicleDetailId`, `SalesOrderVehicleId`, `LineItemNumber`, `ManufacturerVehicleStockId`, `SalePrice`, `LineItemDiscount`) VALUES (145, 132, 1, 166, 86500.00 , 1250.00);
INSERT into `Sales.SalesOrderVehicleDetail` (`SalesOrderVehicleDetailId`, `SalesOrderVehicleId`, `LineItemNumber`, `ManufacturerVehicleStockId`, `SalePrice`, `LineItemDiscount`) VALUES (144, 131, 1, 165, 56500.00 , 0.00);
INSERT into `Sales.SalesOrderVehicleDetail` (`SalesOrderVehicleDetailId`, `SalesOrderVehicleId`, `LineItemNumber`, `ManufacturerVehicleStockId`, `SalePrice`, `LineItemDiscount`) VALUES (143, 130, 1, 164, 156500.00 , 10000.00);
INSERT into `Sales.SalesOrderVehicleDetail` (`SalesOrderVehicleDetailId`, `SalesOrderVehicleId`, `LineItemNumber`, `ManufacturerVehicleStockId`, `SalePrice`, `LineItemDiscount`) VALUES (142, 129, 1, 163, 8550.00 , 0.00);
INSERT into `Sales.SalesOrderVehicleDetail` (`SalesOrderVehicleDetailId`, `SalesOrderVehicleId`, `LineItemNumber`, `ManufacturerVehicleStockId`, `SalePrice`, `LineItemDiscount`) VALUES (141, 128, 1, 162, 5680.00 , 750.00);
INSERT into `Sales.SalesOrderVehicleDetail` (`SalesOrderVehicleDetailId`, `SalesOrderVehicleId`, `LineItemNumber`, `ManufacturerVehicleStockId`, `SalePrice`, `LineItemDiscount`) VALUES (140, 127, 1, 161, 3500.00 , 0.00);
INSERT into `Sales.SalesOrderVehicleDetail` (`SalesOrderVehicleDetailId`, `SalesOrderVehicleId`, `LineItemNumber`, `ManufacturerVehicleStockId`, `SalePrice`, `LineItemDiscount`) VALUES (14, 13, 1, 17, 8950.00 , 25.00);
INSERT into `Sales.SalesOrderVehicleDetail` (`SalesOrderVehicleDetailId`, `SalesOrderVehicleId`, `LineItemNumber`, `ManufacturerVehicleStockId`, `SalePrice`, `LineItemDiscount`) VALUES (139, 126, 1, 160, 2250.00 , 0.00);
INSERT into `Sales.SalesOrderVehicleDetail` (`SalesOrderVehicleDetailId`, `SalesOrderVehicleId`, `LineItemNumber`, `ManufacturerVehicleStockId`, `SalePrice`, `LineItemDiscount`) VALUES (138, 125, 1, 118, 12500.00 , 750.00);
INSERT into `Sales.SalesOrderVehicleDetail` (`SalesOrderVehicleDetailId`, `SalesOrderVehicleId`, `LineItemNumber`, `ManufacturerVehicleStockId`, `SalePrice`, `LineItemDiscount`) VALUES (137, 124, 1, 159, 6500.00 , 0.00);
INSERT into `Sales.SalesOrderVehicleDetail` (`SalesOrderVehicleDetailId`, `SalesOrderVehicleId`, `LineItemNumber`, `ManufacturerVehicleStockId`, `SalePrice`, `LineItemDiscount`) VALUES (136, 123, 1, 158, 21500.00 , 0.00);
INSERT into `Sales.SalesOrderVehicleDetail` (`SalesOrderVehicleDetailId`, `SalesOrderVehicleId`, `LineItemNumber`, `ManufacturerVehicleStockId`, `SalePrice`, `LineItemDiscount`) VALUES (135, 122, 1, 157, 395000.00 , 0.00);
INSERT into `Sales.SalesOrderVehicleDetail` (`SalesOrderVehicleDetailId`, `SalesOrderVehicleId`, `LineItemNumber`, `ManufacturerVehicleStockId`, `SalePrice`, `LineItemDiscount`) VALUES (134, 121, 1, 155, 365000.00 , 0.00);
INSERT into `Sales.SalesOrderVehicleDetail` (`SalesOrderVehicleDetailId`, `SalesOrderVehicleId`, `LineItemNumber`, `ManufacturerVehicleStockId`, `SalePrice`, `LineItemDiscount`) VALUES (133, 120, 1, 154, 56950.00 , 750.00);
INSERT into `Sales.SalesOrderVehicleDetail` (`SalesOrderVehicleDetailId`, `SalesOrderVehicleId`, `LineItemNumber`, `ManufacturerVehicleStockId`, `SalePrice`, `LineItemDiscount`) VALUES (132, 119, 1, 152, 55000.00 , 0.00);
INSERT into `Sales.SalesOrderVehicleDetail` (`SalesOrderVehicleDetailId`, `SalesOrderVehicleId`, `LineItemNumber`, `ManufacturerVehicleStockId`, `SalePrice`, `LineItemDiscount`) VALUES (131, 118, 1, 151, 56500.00 , 2450.00);
INSERT into `Sales.SalesOrderVehicleDetail` (`SalesOrderVehicleDetailId`, `SalesOrderVehicleId`, `LineItemNumber`, `ManufacturerVehicleStockId`, `SalePrice`, `LineItemDiscount`) VALUES (130, 117, 1, 149, 9950.00 , 0.00);
INSERT into `Sales.SalesOrderVehicleDetail` (`SalesOrderVehicleDetailId`, `SalesOrderVehicleId`, `LineItemNumber`, `ManufacturerVehicleStockId`, `SalePrice`, `LineItemDiscount`) VALUES (13, 12, 1, 16, 169500.00 , 0.00);
INSERT into `Sales.SalesOrderVehicleDetail` (`SalesOrderVehicleDetailId`, `SalesOrderVehicleId`, `LineItemNumber`, `ManufacturerVehicleStockId`, `SalePrice`, `LineItemDiscount`) VALUES (129, 116, 1, 148, 8850.00 , 0.00);
INSERT into `Sales.SalesOrderVehicleDetail` (`SalesOrderVehicleDetailId`, `SalesOrderVehicleId`, `LineItemNumber`, `ManufacturerVehicleStockId`, `SalePrice`, `LineItemDiscount`) VALUES (128, 115, 1, 146, 125950.00 , 12500.00);
INSERT into `Sales.SalesOrderVehicleDetail` (`SalesOrderVehicleDetailId`, `SalesOrderVehicleId`, `LineItemNumber`, `ManufacturerVehicleStockId`, `SalePrice`, `LineItemDiscount`) VALUES (127, 114, 1, 144, 22500.00 , 0.00);
INSERT into `Sales.SalesOrderVehicleDetail` (`SalesOrderVehicleDetailId`, `SalesOrderVehicleId`, `LineItemNumber`, `ManufacturerVehicleStockId`, `SalePrice`, `LineItemDiscount`) VALUES (126, 113, 1, 143, 1250.00 , 0.00);
INSERT into `Sales.SalesOrderVehicleDetail` (`SalesOrderVehicleDetailId`, `SalesOrderVehicleId`, `LineItemNumber`, `ManufacturerVehicleStockId`, `SalePrice`, `LineItemDiscount`) VALUES (125, 112, 1, 142, 85000.00 , 0.00);
INSERT into `Sales.SalesOrderVehicleDetail` (`SalesOrderVehicleDetailId`, `SalesOrderVehicleId`, `LineItemNumber`, `ManufacturerVehicleStockId`, `SalePrice`, `LineItemDiscount`) VALUES (124, 111, 1, 141, 125000.00 , 0.00);
INSERT into `Sales.SalesOrderVehicleDetail` (`SalesOrderVehicleDetailId`, `SalesOrderVehicleId`, `LineItemNumber`, `ManufacturerVehicleStockId`, `SalePrice`, `LineItemDiscount`) VALUES (123, 110, 1, 140, 22500.00 , 0.00);
INSERT into `Sales.SalesOrderVehicleDetail` (`SalesOrderVehicleDetailId`, `SalesOrderVehicleId`, `LineItemNumber`, `ManufacturerVehicleStockId`, `SalePrice`, `LineItemDiscount`) VALUES (122, 109, 1, 139, 39500.00 , 0.00);
INSERT into `Sales.SalesOrderVehicleDetail` (`SalesOrderVehicleDetailId`, `SalesOrderVehicleId`, `LineItemNumber`, `ManufacturerVehicleStockId`, `SalePrice`, `LineItemDiscount`) VALUES (121, 108, 1, 138, 99500.00 , 0.00);
INSERT into `Sales.SalesOrderVehicleDetail` (`SalesOrderVehicleDetailId`, `SalesOrderVehicleId`, `LineItemNumber`, `ManufacturerVehicleStockId`, `SalePrice`, `LineItemDiscount`) VALUES (120, 107, 1, 137, 169500.00 , 0.00);
INSERT into `Sales.SalesOrderVehicleDetail` (`SalesOrderVehicleDetailId`, `SalesOrderVehicleId`, `LineItemNumber`, `ManufacturerVehicleStockId`, `SalePrice`, `LineItemDiscount`) VALUES (12, 11, 2, 15, 80500.00 , 500.00);
INSERT into `Sales.SalesOrderVehicleDetail` (`SalesOrderVehicleDetailId`, `SalesOrderVehicleId`, `LineItemNumber`, `ManufacturerVehicleStockId`, `SalePrice`, `LineItemDiscount`) VALUES (119, 106, 1, 136, 25000.00 , 0.00);
INSERT into `Sales.SalesOrderVehicleDetail` (`SalesOrderVehicleDetailId`, `SalesOrderVehicleId`, `LineItemNumber`, `ManufacturerVehicleStockId`, `SalePrice`, `LineItemDiscount`) VALUES (118, 105, 1, 135, 123500.00 , 5000.00);
INSERT into `Sales.SalesOrderVehicleDetail` (`SalesOrderVehicleDetailId`, `SalesOrderVehicleId`, `LineItemNumber`, `ManufacturerVehicleStockId`, `SalePrice`, `LineItemDiscount`) VALUES (117, 104, 1, 134, 60500.00 , 0.00);
INSERT into `Sales.SalesOrderVehicleDetail` (`SalesOrderVehicleDetailId`, `SalesOrderVehicleId`, `LineItemNumber`, `ManufacturerVehicleStockId`, `SalePrice`, `LineItemDiscount`) VALUES (116, 103, 1, 133, 99500.00 , 5000.00);
INSERT into `Sales.SalesOrderVehicleDetail` (`SalesOrderVehicleDetailId`, `SalesOrderVehicleId`, `LineItemNumber`, `ManufacturerVehicleStockId`, `SalePrice`, `LineItemDiscount`) VALUES (115, 102, 4, 132, 125500.00 , 0.00);
INSERT into `Sales.SalesOrderVehicleDetail` (`SalesOrderVehicleDetailId`, `SalesOrderVehicleId`, `LineItemNumber`, `ManufacturerVehicleStockId`, `SalePrice`, `LineItemDiscount`) VALUES (114, 102, 3, 131, 9500.00 , 0.00);
INSERT into `Sales.SalesOrderVehicleDetail` (`SalesOrderVehicleDetailId`, `SalesOrderVehicleId`, `LineItemNumber`, `ManufacturerVehicleStockId`, `SalePrice`, `LineItemDiscount`) VALUES (113, 102, 2, 130, 46500.00 , 0.00);
INSERT into `Sales.SalesOrderVehicleDetail` (`SalesOrderVehicleDetailId`, `SalesOrderVehicleId`, `LineItemNumber`, `ManufacturerVehicleStockId`, `SalePrice`, `LineItemDiscount`) VALUES (112, 102, 1, 129, 9990.00 , 0.00);
INSERT into `Sales.SalesOrderVehicleDetail` (`SalesOrderVehicleDetailId`, `SalesOrderVehicleId`, `LineItemNumber`, `ManufacturerVehicleStockId`, `SalePrice`, `LineItemDiscount`) VALUES (111, 101, 1, 128, 55000.00 , 2450.00);
INSERT into `Sales.SalesOrderVehicleDetail` (`SalesOrderVehicleDetailId`, `SalesOrderVehicleId`, `LineItemNumber`, `ManufacturerVehicleStockId`, `SalePrice`, `LineItemDiscount`) VALUES (110, 100, 1, 127, 56890.00 , 2450.00);
INSERT into `Sales.SalesOrderVehicleDetail` (`SalesOrderVehicleDetailId`, `SalesOrderVehicleId`, `LineItemNumber`, `ManufacturerVehicleStockId`, `SalePrice`, `LineItemDiscount`) VALUES (11, 11, 1, 13, 8500.00 , 50.00);
INSERT into `Sales.SalesOrderVehicleDetail` (`SalesOrderVehicleDetailId`, `SalesOrderVehicleId`, `LineItemNumber`, `ManufacturerVehicleStockId`, `SalePrice`, `LineItemDiscount`) VALUES (109, 99, 1, 126, 12500.00 , 750.00);
INSERT into `Sales.SalesOrderVehicleDetail` (`SalesOrderVehicleDetailId`, `SalesOrderVehicleId`, `LineItemNumber`, `ManufacturerVehicleStockId`, `SalePrice`, `LineItemDiscount`) VALUES (108, 98, 1, 125, 12500.00 , 0.00);
INSERT into `Sales.SalesOrderVehicleDetail` (`SalesOrderVehicleDetailId`, `SalesOrderVehicleId`, `LineItemNumber`, `ManufacturerVehicleStockId`, `SalePrice`, `LineItemDiscount`) VALUES (107, 97, 2, 124, 9950.00 , 0.00);
INSERT into `Sales.SalesOrderVehicleDetail` (`SalesOrderVehicleDetailId`, `SalesOrderVehicleId`, `LineItemNumber`, `ManufacturerVehicleStockId`, `SalePrice`, `LineItemDiscount`) VALUES (106, 97, 1, 122, 85650.00 , 2450.00);
INSERT into `Sales.SalesOrderVehicleDetail` (`SalesOrderVehicleDetailId`, `SalesOrderVehicleId`, `LineItemNumber`, `ManufacturerVehicleStockId`, `SalePrice`, `LineItemDiscount`) VALUES (105, 96, 1, 121, 119600.00 , 0.00);
INSERT into `Sales.SalesOrderVehicleDetail` (`SalesOrderVehicleDetailId`, `SalesOrderVehicleId`, `LineItemNumber`, `ManufacturerVehicleStockId`, `SalePrice`, `LineItemDiscount`) VALUES (104, 95, 1, 119, 76500.00 , 1500.00);
INSERT into `Sales.SalesOrderVehicleDetail` (`SalesOrderVehicleDetailId`, `SalesOrderVehicleId`, `LineItemNumber`, `ManufacturerVehicleStockId`, `SalePrice`, `LineItemDiscount`) VALUES (103, 94, 2, 27, 156500.00 , 0.00);
INSERT into `Sales.SalesOrderVehicleDetail` (`SalesOrderVehicleDetailId`, `SalesOrderVehicleId`, `LineItemNumber`, `ManufacturerVehicleStockId`, `SalePrice`, `LineItemDiscount`) VALUES (102, 94, 1, 117, 6550.00 , 750.00);
INSERT into `Sales.SalesOrderVehicleDetail` (`SalesOrderVehicleDetailId`, `SalesOrderVehicleId`, `LineItemNumber`, `ManufacturerVehicleStockId`, `SalePrice`, `LineItemDiscount`) VALUES (101, 93, 1, 116, 9950.00 , 0.00);
INSERT into `Sales.SalesOrderVehicleDetail` (`SalesOrderVehicleDetailId`, `SalesOrderVehicleId`, `LineItemNumber`, `ManufacturerVehicleStockId`, `SalePrice`, `LineItemDiscount`) VALUES (100, 92, 1, 115, 45950.00 , 0.00);
INSERT into `Sales.SalesOrderVehicleDetail` (`SalesOrderVehicleDetailId`, `SalesOrderVehicleId`, `LineItemNumber`, `ManufacturerVehicleStockId`, `SalePrice`, `LineItemDiscount`) VALUES (10, 10, 1, 12, 36500.00 , 2500.00);
INSERT into `Sales.SalesOrderVehicleDetail` (`SalesOrderVehicleDetailId`, `SalesOrderVehicleId`, `LineItemNumber`, `ManufacturerVehicleStockId`, `SalePrice`, `LineItemDiscount`) VALUES (1, 1, 1, 1, 65000.00 , 2700.00);